circuit_id,pair_id,regime_id,regime_label,selected_backend,feature_set,kernel_name,feature_map_label,logical_qubits,expected_active_qubits,primitive,shots_planned,kernel_i,kernel_j,pair_type,measurement_policy,circuit_family,circuit_serialization_status,circuit_artifact_path,circuit_sha256,runtime_options_policy,submission_job_id,session_id,notes
zz4_H0_zz4_pair_0000,zz4_pair_0000,H0,sampler_unmitigated_baseline,ibm_fez,F_quantum_4,zz4,ZZ4,4,4,Sampler,4096,0,0,diagonal,all_qubits_all_zero_probability_for_compute_uncompute_fidelity,ZZ4_compute_uncompute_kernel_pair_circuit,inventory_only_not_submitted,,,No mitigation beyond default primitive behavior; record all default options.,,,Populate circuit_artifact_path/circuit_sha256/job_id after actual circuit build/submission.
zz4_H0_zz4_pair_0001,zz4_pair_0001,H0,sampler_unmitigated_baseline,ibm_fez,F_quantum_4,zz4,ZZ4,4,4,Sampler,4096,0,1,off_diagonal,all_qubits_all_zero_probability_for_compute_uncompute_fidelity,ZZ4_compute_uncompute_kernel_pair_circuit,inventory_only_not_submitted,,,No mitigation beyond default primitive behavior; record all default options.,,,Populate circuit_artifact_path/circuit_sha256/job_id after actual circuit build/submission.
zz4_H0_zz4_pair_0002,zz4_pair_0002,H0,sampler_unmitigated_baseline,ibm_fez,F_quantum_4,zz4,ZZ4,4,4,Sampler,4096,0,2,off_diagonal,all_qubits_all_zero_probability_for_compute_uncompute_fidelity,ZZ4_compute_uncompute_kernel_pair_circuit,inventory_only_not_submitted,,,No mitigation beyond default primitive behavior; record all default options.,,,Populate circuit_artifact_path/circuit_sha256/job_id after actual circuit build/submission.
zz4_H0_zz4_pair_0003,zz4_pair_0003,H0,sampler_unmitigated_baseline,ibm_fez,F_quantum_4,zz4,ZZ4,4,4,Sampler,4096,0,3,off_diagonal,all_qubits_all_zero_probability_for_compute_uncompute_fidelity,ZZ4_compute_uncompute_kernel_pair_circuit,inventory_only_not_submitted,,,No mitigation beyond default primitive behavior; record all default options.,,,Populate circuit_artifact_path/circuit_sha256/job_id after actual circuit build/submission.
zz4_H0_zz4_pair_0004,zz4_pair_0004,H0,sampler_unmitigated_baseline,ibm_fez,F_quantum_4,zz4,ZZ4,4,4,Sampler,4096,0,4,off_diagonal,all_qubits_all_zero_probability_for_compute_uncompute_fidelity,ZZ4_compute_uncompute_kernel_pair_circuit,inventory_only_not_submitted,,,No mitigation beyond default primitive behavior; record all default options.,,,Populate circuit_artifact_path/circuit_sha256/job_id after actual circuit build/submission.
zz4_H0_zz4_pair_0005,zz4_pair_0005,H0,sampler_unmitigated_baseline,ibm_fez,F_quantum_4,zz4,ZZ4,4,4,Sampler,4096,0,5,off_diagonal,all_qubits_all_zero_probability_for_compute_uncompute_fidelity,ZZ4_compute_uncompute_kernel_pair_circuit,inventory_only_not_submitted,,,No mitigation beyond default primitive behavior; record all default options.,,,Populate circuit_artifact_path/circuit_sha256/job_id after actual circuit build/submission.
zz4_H0_zz4_pair_0006,zz4_pair_0006,H0,sampler_unmitigated_baseline,ibm_fez,F_quantum_4,zz4,ZZ4,4,4,Sampler,4096,0,6,off_diagonal,all_qubits_all_zero_probability_for_compute_uncompute_fidelity,ZZ4_compute_uncompute_kernel_pair_circuit,inventory_only_not_submitted,,,No mitigation beyond default primitive behavior; record all default options.,,,Populate circuit_artifact_path/circuit_sha256/job_id after actual circuit build/submission.
zz4_H0_zz4_pair_0007,zz4_pair_0007,H0,sampler_unmitigated_baseline,ibm_fez,F_quantum_4,zz4,ZZ4,4,4,Sampler,4096,0,7,off_diagonal,all_qubits_all_zero_probability_for_compute_uncompute_fidelity,ZZ4_compute_uncompute_kernel_pair_circuit,inventory_only_not_submitted,,,No mitigation beyond default primitive behavior; record all default options.,,,Populate circuit_artifact_path/circuit_sha256/job_id after actual circuit build/submission.
zz4_H0_zz4_pair_0008,zz4_pair_0008,H0,sampler_unmitigated_baseline,ibm_fez,F_quantum_4,zz4,ZZ4,4,4,Sampler,4096,0,8,off_diagonal,all_qubits_all_zero_probability_for_compute_uncompute_fidelity,ZZ4_compute_uncompute_kernel_pair_circuit,inventory_only_not_submitted,,,No mitigation beyond default primitive behavior; record all default options.,,,Populate circuit_artifact_path/circuit_sha256/job_id after actual circuit build/submission.
zz4_H0_zz4_pair_0009,zz4_pair_0009,H0,sampler_unmitigated_baseline,ibm_fez,F_quantum_4,zz4,ZZ4,4,4,Sampler,4096,0,9,off_diagonal,all_qubits_all_zero_probability_for_compute_uncompute_fidelity,ZZ4_compute_uncompute_kernel_pair_circuit,inventory_only_not_submitted,,,No mitigation beyond default primitive behavior; record all default options.,,,Populate circuit_artifact_path/circuit_sha256/job_id after actual circuit build/submission.
zz4_H0_zz4_pair_0010,zz4_pair_0010,H0,sampler_unmitigated_baseline,ibm_fez,F_quantum_4,zz4,ZZ4,4,4,Sampler,4096,0,10,off_diagonal,all_qubits_all_zero_probability_for_compute_uncompute_fidelity,ZZ4_compute_uncompute_kernel_pair_circuit,inventory_only_not_submitted,,,No mitigation beyond default primitive behavior; record all default options.,,,Populate circuit_artifact_path/circuit_sha256/job_id after actual circuit build/submission.
zz4_H0_zz4_pair_0011,zz4_pair_0011,H0,sampler_unmitigated_baseline,ibm_fez,F_quantum_4,zz4,ZZ4,4,4,Sampler,4096,0,11,off_diagonal,all_qubits_all_zero_probability_for_compute_uncompute_fidelity,ZZ4_compute_uncompute_kernel_pair_circuit,inventory_only_not_submitted,,,No mitigation beyond default primitive behavior; record all default options.,,,Populate circuit_artifact_path/circuit_sha256/job_id after actual circuit build/submission.
zz4_H0_zz4_pair_0012,zz4_pair_0012,H0,sampler_unmitigated_baseline,ibm_fez,F_quantum_4,zz4,ZZ4,4,4,Sampler,4096,0,12,off_diagonal,all_qubits_all_zero_probability_for_compute_uncompute_fidelity,ZZ4_compute_uncompute_kernel_pair_circuit,inventory_only_not_submitted,,,No mitigation beyond default primitive behavior; record all default options.,,,Populate circuit_artifact_path/circuit_sha256/job_id after actual circuit build/submission.
zz4_H0_zz4_pair_0013,zz4_pair_0013,H0,sampler_unmitigated_baseline,ibm_fez,F_quantum_4,zz4,ZZ4,4,4,Sampler,4096,0,13,off_diagonal,all_qubits_all_zero_probability_for_compute_uncompute_fidelity,ZZ4_compute_uncompute_kernel_pair_circuit,inventory_only_not_submitted,,,No mitigation beyond default primitive behavior; record all default options.,,,Populate circuit_artifact_path/circuit_sha256/job_id after actual circuit build/submission.
zz4_H0_zz4_pair_0014,zz4_pair_0014,H0,sampler_unmitigated_baseline,ibm_fez,F_quantum_4,zz4,ZZ4,4,4,Sampler,4096,0,14,off_diagonal,all_qubits_all_zero_probability_for_compute_uncompute_fidelity,ZZ4_compute_uncompute_kernel_pair_circuit,inventory_only_not_submitted,,,No mitigation beyond default primitive behavior; record all default options.,,,Populate circuit_artifact_path/circuit_sha256/job_id after actual circuit build/submission.
zz4_H0_zz4_pair_0015,zz4_pair_0015,H0,sampler_unmitigated_baseline,ibm_fez,F_quantum_4,zz4,ZZ4,4,4,Sampler,4096,0,15,off_diagonal,all_qubits_all_zero_probability_for_compute_uncompute_fidelity,ZZ4_compute_uncompute_kernel_pair_circuit,inventory_only_not_submitted,,,No mitigation beyond default primitive behavior; record all default options.,,,Populate circuit_artifact_path/circuit_sha256/job_id after actual circuit build/submission.
zz4_H0_zz4_pair_0016,zz4_pair_0016,H0,sampler_unmitigated_baseline,ibm_fez,F_quantum_4,zz4,ZZ4,4,4,Sampler,4096,0,16,off_diagonal,all_qubits_all_zero_probability_for_compute_uncompute_fidelity,ZZ4_compute_uncompute_kernel_pair_circuit,inventory_only_not_submitted,,,No mitigation beyond default primitive behavior; record all default options.,,,Populate circuit_artifact_path/circuit_sha256/job_id after actual circuit build/submission.
zz4_H0_zz4_pair_0017,zz4_pair_0017,H0,sampler_unmitigated_baseline,ibm_fez,F_quantum_4,zz4,ZZ4,4,4,Sampler,4096,0,17,off_diagonal,all_qubits_all_zero_probability_for_compute_uncompute_fidelity,ZZ4_compute_uncompute_kernel_pair_circuit,inventory_only_not_submitted,,,No mitigation beyond default primitive behavior; record all default options.,,,Populate circuit_artifact_path/circuit_sha256/job_id after actual circuit build/submission.
zz4_H0_zz4_pair_0018,zz4_pair_0018,H0,sampler_unmitigated_baseline,ibm_fez,F_quantum_4,zz4,ZZ4,4,4,Sampler,4096,0,18,off_diagonal,all_qubits_all_zero_probability_for_compute_uncompute_fidelity,ZZ4_compute_uncompute_kernel_pair_circuit,inventory_only_not_submitted,,,No mitigation beyond default primitive behavior; record all default options.,,,Populate circuit_artifact_path/circuit_sha256/job_id after actual circuit build/submission.
zz4_H0_zz4_pair_0019,zz4_pair_0019,H0,sampler_unmitigated_baseline,ibm_fez,F_quantum_4,zz4,ZZ4,4,4,Sampler,4096,0,19,off_diagonal,all_qubits_all_zero_probability_for_compute_uncompute_fidelity,ZZ4_compute_uncompute_kernel_pair_circuit,inventory_only_not_submitted,,,No mitigation beyond default primitive behavior; record all default options.,,,Populate circuit_artifact_path/circuit_sha256/job_id after actual circuit build/submission.
zz4_H0_zz4_pair_0020,zz4_pair_0020,H0,sampler_unmitigated_baseline,ibm_fez,F_quantum_4,zz4,ZZ4,4,4,Sampler,4096,0,20,off_diagonal,all_qubits_all_zero_probability_for_compute_uncompute_fidelity,ZZ4_compute_uncompute_kernel_pair_circuit,inventory_only_not_submitted,,,No mitigation beyond default primitive behavior; record all default options.,,,Populate circuit_artifact_path/circuit_sha256/job_id after actual circuit build/submission.
zz4_H0_zz4_pair_0021,zz4_pair_0021,H0,sampler_unmitigated_baseline,ibm_fez,F_quantum_4,zz4,ZZ4,4,4,Sampler,4096,0,21,off_diagonal,all_qubits_all_zero_probability_for_compute_uncompute_fidelity,ZZ4_compute_uncompute_kernel_pair_circuit,inventory_only_not_submitted,,,No mitigation beyond default primitive behavior; record all default options.,,,Populate circuit_artifact_path/circuit_sha256/job_id after actual circuit build/submission.
zz4_H0_zz4_pair_0022,zz4_pair_0022,H0,sampler_unmitigated_baseline,ibm_fez,F_quantum_4,zz4,ZZ4,4,4,Sampler,4096,0,22,off_diagonal,all_qubits_all_zero_probability_for_compute_uncompute_fidelity,ZZ4_compute_uncompute_kernel_pair_circuit,inventory_only_not_submitted,,,No mitigation beyond default primitive behavior; record all default options.,,,Populate circuit_artifact_path/circuit_sha256/job_id after actual circuit build/submission.
zz4_H0_zz4_pair_0023,zz4_pair_0023,H0,sampler_unmitigated_baseline,ibm_fez,F_quantum_4,zz4,ZZ4,4,4,Sampler,4096,0,23,off_diagonal,all_qubits_all_zero_probability_for_compute_uncompute_fidelity,ZZ4_compute_uncompute_kernel_pair_circuit,inventory_only_not_submitted,,,No mitigation beyond default primitive behavior; record all default options.,,,Populate circuit_artifact_path/circuit_sha256/job_id after actual circuit build/submission.
zz4_H0_zz4_pair_0024,zz4_pair_0024,H0,sampler_unmitigated_baseline,ibm_fez,F_quantum_4,zz4,ZZ4,4,4,Sampler,4096,1,1,diagonal,all_qubits_all_zero_probability_for_compute_uncompute_fidelity,ZZ4_compute_uncompute_kernel_pair_circuit,inventory_only_not_submitted,,,No mitigation beyond default primitive behavior; record all default options.,,,Populate circuit_artifact_path/circuit_sha256/job_id after actual circuit build/submission.
zz4_H0_zz4_pair_0025,zz4_pair_0025,H0,sampler_unmitigated_baseline,ibm_fez,F_quantum_4,zz4,ZZ4,4,4,Sampler,4096,1,2,off_diagonal,all_qubits_all_zero_probability_for_compute_uncompute_fidelity,ZZ4_compute_uncompute_kernel_pair_circuit,inventory_only_not_submitted,,,No mitigation beyond default primitive behavior; record all default options.,,,Populate circuit_artifact_path/circuit_sha256/job_id after actual circuit build/submission.
zz4_H0_zz4_pair_0026,zz4_pair_0026,H0,sampler_unmitigated_baseline,ibm_fez,F_quantum_4,zz4,ZZ4,4,4,Sampler,4096,1,3,off_diagonal,all_qubits_all_zero_probability_for_compute_uncompute_fidelity,ZZ4_compute_uncompute_kernel_pair_circuit,inventory_only_not_submitted,,,No mitigation beyond default primitive behavior; record all default options.,,,Populate circuit_artifact_path/circuit_sha256/job_id after actual circuit build/submission.
zz4_H0_zz4_pair_0027,zz4_pair_0027,H0,sampler_unmitigated_baseline,ibm_fez,F_quantum_4,zz4,ZZ4,4,4,Sampler,4096,1,4,off_diagonal,all_qubits_all_zero_probability_for_compute_uncompute_fidelity,ZZ4_compute_uncompute_kernel_pair_circuit,inventory_only_not_submitted,,,No mitigation beyond default primitive behavior; record all default options.,,,Populate circuit_artifact_path/circuit_sha256/job_id after actual circuit build/submission.
zz4_H0_zz4_pair_0028,zz4_pair_0028,H0,sampler_unmitigated_baseline,ibm_fez,F_quantum_4,zz4,ZZ4,4,4,Sampler,4096,1,5,off_diagonal,all_qubits_all_zero_probability_for_compute_uncompute_fidelity,ZZ4_compute_uncompute_kernel_pair_circuit,inventory_only_not_submitted,,,No mitigation beyond default primitive behavior; record all default options.,,,Populate circuit_artifact_path/circuit_sha256/job_id after actual circuit build/submission.
zz4_H0_zz4_pair_0029,zz4_pair_0029,H0,sampler_unmitigated_baseline,ibm_fez,F_quantum_4,zz4,ZZ4,4,4,Sampler,4096,1,6,off_diagonal,all_qubits_all_zero_probability_for_compute_uncompute_fidelity,ZZ4_compute_uncompute_kernel_pair_circuit,inventory_only_not_submitted,,,No mitigation beyond default primitive behavior; record all default options.,,,Populate circuit_artifact_path/circuit_sha256/job_id after actual circuit build/submission.
zz4_H0_zz4_pair_0030,zz4_pair_0030,H0,sampler_unmitigated_baseline,ibm_fez,F_quantum_4,zz4,ZZ4,4,4,Sampler,4096,1,7,off_diagonal,all_qubits_all_zero_probability_for_compute_uncompute_fidelity,ZZ4_compute_uncompute_kernel_pair_circuit,inventory_only_not_submitted,,,No mitigation beyond default primitive behavior; record all default options.,,,Populate circuit_artifact_path/circuit_sha256/job_id after actual circuit build/submission.
zz4_H0_zz4_pair_0031,zz4_pair_0031,H0,sampler_unmitigated_baseline,ibm_fez,F_quantum_4,zz4,ZZ4,4,4,Sampler,4096,1,8,off_diagonal,all_qubits_all_zero_probability_for_compute_uncompute_fidelity,ZZ4_compute_uncompute_kernel_pair_circuit,inventory_only_not_submitted,,,No mitigation beyond default primitive behavior; record all default options.,,,Populate circuit_artifact_path/circuit_sha256/job_id after actual circuit build/submission.
zz4_H0_zz4_pair_0032,zz4_pair_0032,H0,sampler_unmitigated_baseline,ibm_fez,F_quantum_4,zz4,ZZ4,4,4,Sampler,4096,1,9,off_diagonal,all_qubits_all_zero_probability_for_compute_uncompute_fidelity,ZZ4_compute_uncompute_kernel_pair_circuit,inventory_only_not_submitted,,,No mitigation beyond default primitive behavior; record all default options.,,,Populate circuit_artifact_path/circuit_sha256/job_id after actual circuit build/submission.
zz4_H0_zz4_pair_0033,zz4_pair_0033,H0,sampler_unmitigated_baseline,ibm_fez,F_quantum_4,zz4,ZZ4,4,4,Sampler,4096,1,10,off_diagonal,all_qubits_all_zero_probability_for_compute_uncompute_fidelity,ZZ4_compute_uncompute_kernel_pair_circuit,inventory_only_not_submitted,,,No mitigation beyond default primitive behavior; record all default options.,,,Populate circuit_artifact_path/circuit_sha256/job_id after actual circuit build/submission.
zz4_H0_zz4_pair_0034,zz4_pair_0034,H0,sampler_unmitigated_baseline,ibm_fez,F_quantum_4,zz4,ZZ4,4,4,Sampler,4096,1,11,off_diagonal,all_qubits_all_zero_probability_for_compute_uncompute_fidelity,ZZ4_compute_uncompute_kernel_pair_circuit,inventory_only_not_submitted,,,No mitigation beyond default primitive behavior; record all default options.,,,Populate circuit_artifact_path/circuit_sha256/job_id after actual circuit build/submission.
zz4_H0_zz4_pair_0035,zz4_pair_0035,H0,sampler_unmitigated_baseline,ibm_fez,F_quantum_4,zz4,ZZ4,4,4,Sampler,4096,1,12,off_diagonal,all_qubits_all_zero_probability_for_compute_uncompute_fidelity,ZZ4_compute_uncompute_kernel_pair_circuit,inventory_only_not_submitted,,,No mitigation beyond default primitive behavior; record all default options.,,,Populate circuit_artifact_path/circuit_sha256/job_id after actual circuit build/submission.
zz4_H0_zz4_pair_0036,zz4_pair_0036,H0,sampler_unmitigated_baseline,ibm_fez,F_quantum_4,zz4,ZZ4,4,4,Sampler,4096,1,13,off_diagonal,all_qubits_all_zero_probability_for_compute_uncompute_fidelity,ZZ4_compute_uncompute_kernel_pair_circuit,inventory_only_not_submitted,,,No mitigation beyond default primitive behavior; record all default options.,,,Populate circuit_artifact_path/circuit_sha256/job_id after actual circuit build/submission.
zz4_H0_zz4_pair_0037,zz4_pair_0037,H0,sampler_unmitigated_baseline,ibm_fez,F_quantum_4,zz4,ZZ4,4,4,Sampler,4096,1,14,off_diagonal,all_qubits_all_zero_probability_for_compute_uncompute_fidelity,ZZ4_compute_uncompute_kernel_pair_circuit,inventory_only_not_submitted,,,No mitigation beyond default primitive behavior; record all default options.,,,Populate circuit_artifact_path/circuit_sha256/job_id after actual circuit build/submission.
zz4_H0_zz4_pair_0038,zz4_pair_0038,H0,sampler_unmitigated_baseline,ibm_fez,F_quantum_4,zz4,ZZ4,4,4,Sampler,4096,1,15,off_diagonal,all_qubits_all_zero_probability_for_compute_uncompute_fidelity,ZZ4_compute_uncompute_kernel_pair_circuit,inventory_only_not_submitted,,,No mitigation beyond default primitive behavior; record all default options.,,,Populate circuit_artifact_path/circuit_sha256/job_id after actual circuit build/submission.
zz4_H0_zz4_pair_0039,zz4_pair_0039,H0,sampler_unmitigated_baseline,ibm_fez,F_quantum_4,zz4,ZZ4,4,4,Sampler,4096,1,16,off_diagonal,all_qubits_all_zero_probability_for_compute_uncompute_fidelity,ZZ4_compute_uncompute_kernel_pair_circuit,inventory_only_not_submitted,,,No mitigation beyond default primitive behavior; record all default options.,,,Populate circuit_artifact_path/circuit_sha256/job_id after actual circuit build/submission.
zz4_H0_zz4_pair_0040,zz4_pair_0040,H0,sampler_unmitigated_baseline,ibm_fez,F_quantum_4,zz4,ZZ4,4,4,Sampler,4096,1,17,off_diagonal,all_qubits_all_zero_probability_for_compute_uncompute_fidelity,ZZ4_compute_uncompute_kernel_pair_circuit,inventory_only_not_submitted,,,No mitigation beyond default primitive behavior; record all default options.,,,Populate circuit_artifact_path/circuit_sha256/job_id after actual circuit build/submission.
zz4_H0_zz4_pair_0041,zz4_pair_0041,H0,sampler_unmitigated_baseline,ibm_fez,F_quantum_4,zz4,ZZ4,4,4,Sampler,4096,1,18,off_diagonal,all_qubits_all_zero_probability_for_compute_uncompute_fidelity,ZZ4_compute_uncompute_kernel_pair_circuit,inventory_only_not_submitted,,,No mitigation beyond default primitive behavior; record all default options.,,,Populate circuit_artifact_path/circuit_sha256/job_id after actual circuit build/submission.
zz4_H0_zz4_pair_0042,zz4_pair_0042,H0,sampler_unmitigated_baseline,ibm_fez,F_quantum_4,zz4,ZZ4,4,4,Sampler,4096,1,19,off_diagonal,all_qubits_all_zero_probability_for_compute_uncompute_fidelity,ZZ4_compute_uncompute_kernel_pair_circuit,inventory_only_not_submitted,,,No mitigation beyond default primitive behavior; record all default options.,,,Populate circuit_artifact_path/circuit_sha256/job_id after actual circuit build/submission.
zz4_H0_zz4_pair_0043,zz4_pair_0043,H0,sampler_unmitigated_baseline,ibm_fez,F_quantum_4,zz4,ZZ4,4,4,Sampler,4096,1,20,off_diagonal,all_qubits_all_zero_probability_for_compute_uncompute_fidelity,ZZ4_compute_uncompute_kernel_pair_circuit,inventory_only_not_submitted,,,No mitigation beyond default primitive behavior; record all default options.,,,Populate circuit_artifact_path/circuit_sha256/job_id after actual circuit build/submission.
zz4_H0_zz4_pair_0044,zz4_pair_0044,H0,sampler_unmitigated_baseline,ibm_fez,F_quantum_4,zz4,ZZ4,4,4,Sampler,4096,1,21,off_diagonal,all_qubits_all_zero_probability_for_compute_uncompute_fidelity,ZZ4_compute_uncompute_kernel_pair_circuit,inventory_only_not_submitted,,,No mitigation beyond default primitive behavior; record all default options.,,,Populate circuit_artifact_path/circuit_sha256/job_id after actual circuit build/submission.
zz4_H0_zz4_pair_0045,zz4_pair_0045,H0,sampler_unmitigated_baseline,ibm_fez,F_quantum_4,zz4,ZZ4,4,4,Sampler,4096,1,22,off_diagonal,all_qubits_all_zero_probability_for_compute_uncompute_fidelity,ZZ4_compute_uncompute_kernel_pair_circuit,inventory_only_not_submitted,,,No mitigation beyond default primitive behavior; record all default options.,,,Populate circuit_artifact_path/circuit_sha256/job_id after actual circuit build/submission.
zz4_H0_zz4_pair_0046,zz4_pair_0046,H0,sampler_unmitigated_baseline,ibm_fez,F_quantum_4,zz4,ZZ4,4,4,Sampler,4096,1,23,off_diagonal,all_qubits_all_zero_probability_for_compute_uncompute_fidelity,ZZ4_compute_uncompute_kernel_pair_circuit,inventory_only_not_submitted,,,No mitigation beyond default primitive behavior; record all default options.,,,Populate circuit_artifact_path/circuit_sha256/job_id after actual circuit build/submission.
zz4_H0_zz4_pair_0047,zz4_pair_0047,H0,sampler_unmitigated_baseline,ibm_fez,F_quantum_4,zz4,ZZ4,4,4,Sampler,4096,2,2,diagonal,all_qubits_all_zero_probability_for_compute_uncompute_fidelity,ZZ4_compute_uncompute_kernel_pair_circuit,inventory_only_not_submitted,,,No mitigation beyond default primitive behavior; record all default options.,,,Populate circuit_artifact_path/circuit_sha256/job_id after actual circuit build/submission.
zz4_H0_zz4_pair_0048,zz4_pair_0048,H0,sampler_unmitigated_baseline,ibm_fez,F_quantum_4,zz4,ZZ4,4,4,Sampler,4096,2,3,off_diagonal,all_qubits_all_zero_probability_for_compute_uncompute_fidelity,ZZ4_compute_uncompute_kernel_pair_circuit,inventory_only_not_submitted,,,No mitigation beyond default primitive behavior; record all default options.,,,Populate circuit_artifact_path/circuit_sha256/job_id after actual circuit build/submission.
zz4_H0_zz4_pair_0049,zz4_pair_0049,H0,sampler_unmitigated_baseline,ibm_fez,F_quantum_4,zz4,ZZ4,4,4,Sampler,4096,2,4,off_diagonal,all_qubits_all_zero_probability_for_compute_uncompute_fidelity,ZZ4_compute_uncompute_kernel_pair_circuit,inventory_only_not_submitted,,,No mitigation beyond default primitive behavior; record all default options.,,,Populate circuit_artifact_path/circuit_sha256/job_id after actual circuit build/submission.
zz4_H0_zz4_pair_0050,zz4_pair_0050,H0,sampler_unmitigated_baseline,ibm_fez,F_quantum_4,zz4,ZZ4,4,4,Sampler,4096,2,5,off_diagonal,all_qubits_all_zero_probability_for_compute_uncompute_fidelity,ZZ4_compute_uncompute_kernel_pair_circuit,inventory_only_not_submitted,,,No mitigation beyond default primitive behavior; record all default options.,,,Populate circuit_artifact_path/circuit_sha256/job_id after actual circuit build/submission.
zz4_H0_zz4_pair_0051,zz4_pair_0051,H0,sampler_unmitigated_baseline,ibm_fez,F_quantum_4,zz4,ZZ4,4,4,Sampler,4096,2,6,off_diagonal,all_qubits_all_zero_probability_for_compute_uncompute_fidelity,ZZ4_compute_uncompute_kernel_pair_circuit,inventory_only_not_submitted,,,No mitigation beyond default primitive behavior; record all default options.,,,Populate circuit_artifact_path/circuit_sha256/job_id after actual circuit build/submission.
zz4_H0_zz4_pair_0052,zz4_pair_0052,H0,sampler_unmitigated_baseline,ibm_fez,F_quantum_4,zz4,ZZ4,4,4,Sampler,4096,2,7,off_diagonal,all_qubits_all_zero_probability_for_compute_uncompute_fidelity,ZZ4_compute_uncompute_kernel_pair_circuit,inventory_only_not_submitted,,,No mitigation beyond default primitive behavior; record all default options.,,,Populate circuit_artifact_path/circuit_sha256/job_id after actual circuit build/submission.
zz4_H0_zz4_pair_0053,zz4_pair_0053,H0,sampler_unmitigated_baseline,ibm_fez,F_quantum_4,zz4,ZZ4,4,4,Sampler,4096,2,8,off_diagonal,all_qubits_all_zero_probability_for_compute_uncompute_fidelity,ZZ4_compute_uncompute_kernel_pair_circuit,inventory_only_not_submitted,,,No mitigation beyond default primitive behavior; record all default options.,,,Populate circuit_artifact_path/circuit_sha256/job_id after actual circuit build/submission.
zz4_H0_zz4_pair_0054,zz4_pair_0054,H0,sampler_unmitigated_baseline,ibm_fez,F_quantum_4,zz4,ZZ4,4,4,Sampler,4096,2,9,off_diagonal,all_qubits_all_zero_probability_for_compute_uncompute_fidelity,ZZ4_compute_uncompute_kernel_pair_circuit,inventory_only_not_submitted,,,No mitigation beyond default primitive behavior; record all default options.,,,Populate circuit_artifact_path/circuit_sha256/job_id after actual circuit build/submission.
zz4_H0_zz4_pair_0055,zz4_pair_0055,H0,sampler_unmitigated_baseline,ibm_fez,F_quantum_4,zz4,ZZ4,4,4,Sampler,4096,2,10,off_diagonal,all_qubits_all_zero_probability_for_compute_uncompute_fidelity,ZZ4_compute_uncompute_kernel_pair_circuit,inventory_only_not_submitted,,,No mitigation beyond default primitive behavior; record all default options.,,,Populate circuit_artifact_path/circuit_sha256/job_id after actual circuit build/submission.
zz4_H0_zz4_pair_0056,zz4_pair_0056,H0,sampler_unmitigated_baseline,ibm_fez,F_quantum_4,zz4,ZZ4,4,4,Sampler,4096,2,11,off_diagonal,all_qubits_all_zero_probability_for_compute_uncompute_fidelity,ZZ4_compute_uncompute_kernel_pair_circuit,inventory_only_not_submitted,,,No mitigation beyond default primitive behavior; record all default options.,,,Populate circuit_artifact_path/circuit_sha256/job_id after actual circuit build/submission.
zz4_H0_zz4_pair_0057,zz4_pair_0057,H0,sampler_unmitigated_baseline,ibm_fez,F_quantum_4,zz4,ZZ4,4,4,Sampler,4096,2,12,off_diagonal,all_qubits_all_zero_probability_for_compute_uncompute_fidelity,ZZ4_compute_uncompute_kernel_pair_circuit,inventory_only_not_submitted,,,No mitigation beyond default primitive behavior; record all default options.,,,Populate circuit_artifact_path/circuit_sha256/job_id after actual circuit build/submission.
zz4_H0_zz4_pair_0058,zz4_pair_0058,H0,sampler_unmitigated_baseline,ibm_fez,F_quantum_4,zz4,ZZ4,4,4,Sampler,4096,2,13,off_diagonal,all_qubits_all_zero_probability_for_compute_uncompute_fidelity,ZZ4_compute_uncompute_kernel_pair_circuit,inventory_only_not_submitted,,,No mitigation beyond default primitive behavior; record all default options.,,,Populate circuit_artifact_path/circuit_sha256/job_id after actual circuit build/submission.
zz4_H0_zz4_pair_0059,zz4_pair_0059,H0,sampler_unmitigated_baseline,ibm_fez,F_quantum_4,zz4,ZZ4,4,4,Sampler,4096,2,14,off_diagonal,all_qubits_all_zero_probability_for_compute_uncompute_fidelity,ZZ4_compute_uncompute_kernel_pair_circuit,inventory_only_not_submitted,,,No mitigation beyond default primitive behavior; record all default options.,,,Populate circuit_artifact_path/circuit_sha256/job_id after actual circuit build/submission.
zz4_H0_zz4_pair_0060,zz4_pair_0060,H0,sampler_unmitigated_baseline,ibm_fez,F_quantum_4,zz4,ZZ4,4,4,Sampler,4096,2,15,off_diagonal,all_qubits_all_zero_probability_for_compute_uncompute_fidelity,ZZ4_compute_uncompute_kernel_pair_circuit,inventory_only_not_submitted,,,No mitigation beyond default primitive behavior; record all default options.,,,Populate circuit_artifact_path/circuit_sha256/job_id after actual circuit build/submission.
zz4_H0_zz4_pair_0061,zz4_pair_0061,H0,sampler_unmitigated_baseline,ibm_fez,F_quantum_4,zz4,ZZ4,4,4,Sampler,4096,2,16,off_diagonal,all_qubits_all_zero_probability_for_compute_uncompute_fidelity,ZZ4_compute_uncompute_kernel_pair_circuit,inventory_only_not_submitted,,,No mitigation beyond default primitive behavior; record all default options.,,,Populate circuit_artifact_path/circuit_sha256/job_id after actual circuit build/submission.
zz4_H0_zz4_pair_0062,zz4_pair_0062,H0,sampler_unmitigated_baseline,ibm_fez,F_quantum_4,zz4,ZZ4,4,4,Sampler,4096,2,17,off_diagonal,all_qubits_all_zero_probability_for_compute_uncompute_fidelity,ZZ4_compute_uncompute_kernel_pair_circuit,inventory_only_not_submitted,,,No mitigation beyond default primitive behavior; record all default options.,,,Populate circuit_artifact_path/circuit_sha256/job_id after actual circuit build/submission.
zz4_H0_zz4_pair_0063,zz4_pair_0063,H0,sampler_unmitigated_baseline,ibm_fez,F_quantum_4,zz4,ZZ4,4,4,Sampler,4096,2,18,off_diagonal,all_qubits_all_zero_probability_for_compute_uncompute_fidelity,ZZ4_compute_uncompute_kernel_pair_circuit,inventory_only_not_submitted,,,No mitigation beyond default primitive behavior; record all default options.,,,Populate circuit_artifact_path/circuit_sha256/job_id after actual circuit build/submission.
zz4_H0_zz4_pair_0064,zz4_pair_0064,H0,sampler_unmitigated_baseline,ibm_fez,F_quantum_4,zz4,ZZ4,4,4,Sampler,4096,2,19,off_diagonal,all_qubits_all_zero_probability_for_compute_uncompute_fidelity,ZZ4_compute_uncompute_kernel_pair_circuit,inventory_only_not_submitted,,,No mitigation beyond default primitive behavior; record all default options.,,,Populate circuit_artifact_path/circuit_sha256/job_id after actual circuit build/submission.
zz4_H0_zz4_pair_0065,zz4_pair_0065,H0,sampler_unmitigated_baseline,ibm_fez,F_quantum_4,zz4,ZZ4,4,4,Sampler,4096,2,20,off_diagonal,all_qubits_all_zero_probability_for_compute_uncompute_fidelity,ZZ4_compute_uncompute_kernel_pair_circuit,inventory_only_not_submitted,,,No mitigation beyond default primitive behavior; record all default options.,,,Populate circuit_artifact_path/circuit_sha256/job_id after actual circuit build/submission.
zz4_H0_zz4_pair_0066,zz4_pair_0066,H0,sampler_unmitigated_baseline,ibm_fez,F_quantum_4,zz4,ZZ4,4,4,Sampler,4096,2,21,off_diagonal,all_qubits_all_zero_probability_for_compute_uncompute_fidelity,ZZ4_compute_uncompute_kernel_pair_circuit,inventory_only_not_submitted,,,No mitigation beyond default primitive behavior; record all default options.,,,Populate circuit_artifact_path/circuit_sha256/job_id after actual circuit build/submission.
zz4_H0_zz4_pair_0067,zz4_pair_0067,H0,sampler_unmitigated_baseline,ibm_fez,F_quantum_4,zz4,ZZ4,4,4,Sampler,4096,2,22,off_diagonal,all_qubits_all_zero_probability_for_compute_uncompute_fidelity,ZZ4_compute_uncompute_kernel_pair_circuit,inventory_only_not_submitted,,,No mitigation beyond default primitive behavior; record all default options.,,,Populate circuit_artifact_path/circuit_sha256/job_id after actual circuit build/submission.
zz4_H0_zz4_pair_0068,zz4_pair_0068,H0,sampler_unmitigated_baseline,ibm_fez,F_quantum_4,zz4,ZZ4,4,4,Sampler,4096,2,23,off_diagonal,all_qubits_all_zero_probability_for_compute_uncompute_fidelity,ZZ4_compute_uncompute_kernel_pair_circuit,inventory_only_not_submitted,,,No mitigation beyond default primitive behavior; record all default options.,,,Populate circuit_artifact_path/circuit_sha256/job_id after actual circuit build/submission.
zz4_H0_zz4_pair_0069,zz4_pair_0069,H0,sampler_unmitigated_baseline,ibm_fez,F_quantum_4,zz4,ZZ4,4,4,Sampler,4096,3,3,diagonal,all_qubits_all_zero_probability_for_compute_uncompute_fidelity,ZZ4_compute_uncompute_kernel_pair_circuit,inventory_only_not_submitted,,,No mitigation beyond default primitive behavior; record all default options.,,,Populate circuit_artifact_path/circuit_sha256/job_id after actual circuit build/submission.
zz4_H0_zz4_pair_0070,zz4_pair_0070,H0,sampler_unmitigated_baseline,ibm_fez,F_quantum_4,zz4,ZZ4,4,4,Sampler,4096,3,4,off_diagonal,all_qubits_all_zero_probability_for_compute_uncompute_fidelity,ZZ4_compute_uncompute_kernel_pair_circuit,inventory_only_not_submitted,,,No mitigation beyond default primitive behavior; record all default options.,,,Populate circuit_artifact_path/circuit_sha256/job_id after actual circuit build/submission.
zz4_H0_zz4_pair_0071,zz4_pair_0071,H0,sampler_unmitigated_baseline,ibm_fez,F_quantum_4,zz4,ZZ4,4,4,Sampler,4096,3,5,off_diagonal,all_qubits_all_zero_probability_for_compute_uncompute_fidelity,ZZ4_compute_uncompute_kernel_pair_circuit,inventory_only_not_submitted,,,No mitigation beyond default primitive behavior; record all default options.,,,Populate circuit_artifact_path/circuit_sha256/job_id after actual circuit build/submission.
zz4_H0_zz4_pair_0072,zz4_pair_0072,H0,sampler_unmitigated_baseline,ibm_fez,F_quantum_4,zz4,ZZ4,4,4,Sampler,4096,3,6,off_diagonal,all_qubits_all_zero_probability_for_compute_uncompute_fidelity,ZZ4_compute_uncompute_kernel_pair_circuit,inventory_only_not_submitted,,,No mitigation beyond default primitive behavior; record all default options.,,,Populate circuit_artifact_path/circuit_sha256/job_id after actual circuit build/submission.
zz4_H0_zz4_pair_0073,zz4_pair_0073,H0,sampler_unmitigated_baseline,ibm_fez,F_quantum_4,zz4,ZZ4,4,4,Sampler,4096,3,7,off_diagonal,all_qubits_all_zero_probability_for_compute_uncompute_fidelity,ZZ4_compute_uncompute_kernel_pair_circuit,inventory_only_not_submitted,,,No mitigation beyond default primitive behavior; record all default options.,,,Populate circuit_artifact_path/circuit_sha256/job_id after actual circuit build/submission.
zz4_H0_zz4_pair_0074,zz4_pair_0074,H0,sampler_unmitigated_baseline,ibm_fez,F_quantum_4,zz4,ZZ4,4,4,Sampler,4096,3,8,off_diagonal,all_qubits_all_zero_probability_for_compute_uncompute_fidelity,ZZ4_compute_uncompute_kernel_pair_circuit,inventory_only_not_submitted,,,No mitigation beyond default primitive behavior; record all default options.,,,Populate circuit_artifact_path/circuit_sha256/job_id after actual circuit build/submission.
zz4_H0_zz4_pair_0075,zz4_pair_0075,H0,sampler_unmitigated_baseline,ibm_fez,F_quantum_4,zz4,ZZ4,4,4,Sampler,4096,3,9,off_diagonal,all_qubits_all_zero_probability_for_compute_uncompute_fidelity,ZZ4_compute_uncompute_kernel_pair_circuit,inventory_only_not_submitted,,,No mitigation beyond default primitive behavior; record all default options.,,,Populate circuit_artifact_path/circuit_sha256/job_id after actual circuit build/submission.
zz4_H0_zz4_pair_0076,zz4_pair_0076,H0,sampler_unmitigated_baseline,ibm_fez,F_quantum_4,zz4,ZZ4,4,4,Sampler,4096,3,10,off_diagonal,all_qubits_all_zero_probability_for_compute_uncompute_fidelity,ZZ4_compute_uncompute_kernel_pair_circuit,inventory_only_not_submitted,,,No mitigation beyond default primitive behavior; record all default options.,,,Populate circuit_artifact_path/circuit_sha256/job_id after actual circuit build/submission.
zz4_H0_zz4_pair_0077,zz4_pair_0077,H0,sampler_unmitigated_baseline,ibm_fez,F_quantum_4,zz4,ZZ4,4,4,Sampler,4096,3,11,off_diagonal,all_qubits_all_zero_probability_for_compute_uncompute_fidelity,ZZ4_compute_uncompute_kernel_pair_circuit,inventory_only_not_submitted,,,No mitigation beyond default primitive behavior; record all default options.,,,Populate circuit_artifact_path/circuit_sha256/job_id after actual circuit build/submission.
zz4_H0_zz4_pair_0078,zz4_pair_0078,H0,sampler_unmitigated_baseline,ibm_fez,F_quantum_4,zz4,ZZ4,4,4,Sampler,4096,3,12,off_diagonal,all_qubits_all_zero_probability_for_compute_uncompute_fidelity,ZZ4_compute_uncompute_kernel_pair_circuit,inventory_only_not_submitted,,,No mitigation beyond default primitive behavior; record all default options.,,,Populate circuit_artifact_path/circuit_sha256/job_id after actual circuit build/submission.
zz4_H0_zz4_pair_0079,zz4_pair_0079,H0,sampler_unmitigated_baseline,ibm_fez,F_quantum_4,zz4,ZZ4,4,4,Sampler,4096,3,13,off_diagonal,all_qubits_all_zero_probability_for_compute_uncompute_fidelity,ZZ4_compute_uncompute_kernel_pair_circuit,inventory_only_not_submitted,,,No mitigation beyond default primitive behavior; record all default options.,,,Populate circuit_artifact_path/circuit_sha256/job_id after actual circuit build/submission.
zz4_H0_zz4_pair_0080,zz4_pair_0080,H0,sampler_unmitigated_baseline,ibm_fez,F_quantum_4,zz4,ZZ4,4,4,Sampler,4096,3,14,off_diagonal,all_qubits_all_zero_probability_for_compute_uncompute_fidelity,ZZ4_compute_uncompute_kernel_pair_circuit,inventory_only_not_submitted,,,No mitigation beyond default primitive behavior; record all default options.,,,Populate circuit_artifact_path/circuit_sha256/job_id after actual circuit build/submission.
zz4_H0_zz4_pair_0081,zz4_pair_0081,H0,sampler_unmitigated_baseline,ibm_fez,F_quantum_4,zz4,ZZ4,4,4,Sampler,4096,3,15,off_diagonal,all_qubits_all_zero_probability_for_compute_uncompute_fidelity,ZZ4_compute_uncompute_kernel_pair_circuit,inventory_only_not_submitted,,,No mitigation beyond default primitive behavior; record all default options.,,,Populate circuit_artifact_path/circuit_sha256/job_id after actual circuit build/submission.
zz4_H0_zz4_pair_0082,zz4_pair_0082,H0,sampler_unmitigated_baseline,ibm_fez,F_quantum_4,zz4,ZZ4,4,4,Sampler,4096,3,16,off_diagonal,all_qubits_all_zero_probability_for_compute_uncompute_fidelity,ZZ4_compute_uncompute_kernel_pair_circuit,inventory_only_not_submitted,,,No mitigation beyond default primitive behavior; record all default options.,,,Populate circuit_artifact_path/circuit_sha256/job_id after actual circuit build/submission.
zz4_H0_zz4_pair_0083,zz4_pair_0083,H0,sampler_unmitigated_baseline,ibm_fez,F_quantum_4,zz4,ZZ4,4,4,Sampler,4096,3,17,off_diagonal,all_qubits_all_zero_probability_for_compute_uncompute_fidelity,ZZ4_compute_uncompute_kernel_pair_circuit,inventory_only_not_submitted,,,No mitigation beyond default primitive behavior; record all default options.,,,Populate circuit_artifact_path/circuit_sha256/job_id after actual circuit build/submission.
zz4_H0_zz4_pair_0084,zz4_pair_0084,H0,sampler_unmitigated_baseline,ibm_fez,F_quantum_4,zz4,ZZ4,4,4,Sampler,4096,3,18,off_diagonal,all_qubits_all_zero_probability_for_compute_uncompute_fidelity,ZZ4_compute_uncompute_kernel_pair_circuit,inventory_only_not_submitted,,,No mitigation beyond default primitive behavior; record all default options.,,,Populate circuit_artifact_path/circuit_sha256/job_id after actual circuit build/submission.
zz4_H0_zz4_pair_0085,zz4_pair_0085,H0,sampler_unmitigated_baseline,ibm_fez,F_quantum_4,zz4,ZZ4,4,4,Sampler,4096,3,19,off_diagonal,all_qubits_all_zero_probability_for_compute_uncompute_fidelity,ZZ4_compute_uncompute_kernel_pair_circuit,inventory_only_not_submitted,,,No mitigation beyond default primitive behavior; record all default options.,,,Populate circuit_artifact_path/circuit_sha256/job_id after actual circuit build/submission.
zz4_H0_zz4_pair_0086,zz4_pair_0086,H0,sampler_unmitigated_baseline,ibm_fez,F_quantum_4,zz4,ZZ4,4,4,Sampler,4096,3,20,off_diagonal,all_qubits_all_zero_probability_for_compute_uncompute_fidelity,ZZ4_compute_uncompute_kernel_pair_circuit,inventory_only_not_submitted,,,No mitigation beyond default primitive behavior; record all default options.,,,Populate circuit_artifact_path/circuit_sha256/job_id after actual circuit build/submission.
zz4_H0_zz4_pair_0087,zz4_pair_0087,H0,sampler_unmitigated_baseline,ibm_fez,F_quantum_4,zz4,ZZ4,4,4,Sampler,4096,3,21,off_diagonal,all_qubits_all_zero_probability_for_compute_uncompute_fidelity,ZZ4_compute_uncompute_kernel_pair_circuit,inventory_only_not_submitted,,,No mitigation beyond default primitive behavior; record all default options.,,,Populate circuit_artifact_path/circuit_sha256/job_id after actual circuit build/submission.
zz4_H0_zz4_pair_0088,zz4_pair_0088,H0,sampler_unmitigated_baseline,ibm_fez,F_quantum_4,zz4,ZZ4,4,4,Sampler,4096,3,22,off_diagonal,all_qubits_all_zero_probability_for_compute_uncompute_fidelity,ZZ4_compute_uncompute_kernel_pair_circuit,inventory_only_not_submitted,,,No mitigation beyond default primitive behavior; record all default options.,,,Populate circuit_artifact_path/circuit_sha256/job_id after actual circuit build/submission.
zz4_H0_zz4_pair_0089,zz4_pair_0089,H0,sampler_unmitigated_baseline,ibm_fez,F_quantum_4,zz4,ZZ4,4,4,Sampler,4096,3,23,off_diagonal,all_qubits_all_zero_probability_for_compute_uncompute_fidelity,ZZ4_compute_uncompute_kernel_pair_circuit,inventory_only_not_submitted,,,No mitigation beyond default primitive behavior; record all default options.,,,Populate circuit_artifact_path/circuit_sha256/job_id after actual circuit build/submission.
zz4_H0_zz4_pair_0090,zz4_pair_0090,H0,sampler_unmitigated_baseline,ibm_fez,F_quantum_4,zz4,ZZ4,4,4,Sampler,4096,4,4,diagonal,all_qubits_all_zero_probability_for_compute_uncompute_fidelity,ZZ4_compute_uncompute_kernel_pair_circuit,inventory_only_not_submitted,,,No mitigation beyond default primitive behavior; record all default options.,,,Populate circuit_artifact_path/circuit_sha256/job_id after actual circuit build/submission.
zz4_H0_zz4_pair_0091,zz4_pair_0091,H0,sampler_unmitigated_baseline,ibm_fez,F_quantum_4,zz4,ZZ4,4,4,Sampler,4096,4,5,off_diagonal,all_qubits_all_zero_probability_for_compute_uncompute_fidelity,ZZ4_compute_uncompute_kernel_pair_circuit,inventory_only_not_submitted,,,No mitigation beyond default primitive behavior; record all default options.,,,Populate circuit_artifact_path/circuit_sha256/job_id after actual circuit build/submission.
zz4_H0_zz4_pair_0092,zz4_pair_0092,H0,sampler_unmitigated_baseline,ibm_fez,F_quantum_4,zz4,ZZ4,4,4,Sampler,4096,4,6,off_diagonal,all_qubits_all_zero_probability_for_compute_uncompute_fidelity,ZZ4_compute_uncompute_kernel_pair_circuit,inventory_only_not_submitted,,,No mitigation beyond default primitive behavior; record all default options.,,,Populate circuit_artifact_path/circuit_sha256/job_id after actual circuit build/submission.
zz4_H0_zz4_pair_0093,zz4_pair_0093,H0,sampler_unmitigated_baseline,ibm_fez,F_quantum_4,zz4,ZZ4,4,4,Sampler,4096,4,7,off_diagonal,all_qubits_all_zero_probability_for_compute_uncompute_fidelity,ZZ4_compute_uncompute_kernel_pair_circuit,inventory_only_not_submitted,,,No mitigation beyond default primitive behavior; record all default options.,,,Populate circuit_artifact_path/circuit_sha256/job_id after actual circuit build/submission.
zz4_H0_zz4_pair_0094,zz4_pair_0094,H0,sampler_unmitigated_baseline,ibm_fez,F_quantum_4,zz4,ZZ4,4,4,Sampler,4096,4,8,off_diagonal,all_qubits_all_zero_probability_for_compute_uncompute_fidelity,ZZ4_compute_uncompute_kernel_pair_circuit,inventory_only_not_submitted,,,No mitigation beyond default primitive behavior; record all default options.,,,Populate circuit_artifact_path/circuit_sha256/job_id after actual circuit build/submission.
zz4_H0_zz4_pair_0095,zz4_pair_0095,H0,sampler_unmitigated_baseline,ibm_fez,F_quantum_4,zz4,ZZ4,4,4,Sampler,4096,4,9,off_diagonal,all_qubits_all_zero_probability_for_compute_uncompute_fidelity,ZZ4_compute_uncompute_kernel_pair_circuit,inventory_only_not_submitted,,,No mitigation beyond default primitive behavior; record all default options.,,,Populate circuit_artifact_path/circuit_sha256/job_id after actual circuit build/submission.
zz4_H0_zz4_pair_0096,zz4_pair_0096,H0,sampler_unmitigated_baseline,ibm_fez,F_quantum_4,zz4,ZZ4,4,4,Sampler,4096,4,10,off_diagonal,all_qubits_all_zero_probability_for_compute_uncompute_fidelity,ZZ4_compute_uncompute_kernel_pair_circuit,inventory_only_not_submitted,,,No mitigation beyond default primitive behavior; record all default options.,,,Populate circuit_artifact_path/circuit_sha256/job_id after actual circuit build/submission.
zz4_H0_zz4_pair_0097,zz4_pair_0097,H0,sampler_unmitigated_baseline,ibm_fez,F_quantum_4,zz4,ZZ4,4,4,Sampler,4096,4,11,off_diagonal,all_qubits_all_zero_probability_for_compute_uncompute_fidelity,ZZ4_compute_uncompute_kernel_pair_circuit,inventory_only_not_submitted,,,No mitigation beyond default primitive behavior; record all default options.,,,Populate circuit_artifact_path/circuit_sha256/job_id after actual circuit build/submission.
zz4_H0_zz4_pair_0098,zz4_pair_0098,H0,sampler_unmitigated_baseline,ibm_fez,F_quantum_4,zz4,ZZ4,4,4,Sampler,4096,4,12,off_diagonal,all_qubits_all_zero_probability_for_compute_uncompute_fidelity,ZZ4_compute_uncompute_kernel_pair_circuit,inventory_only_not_submitted,,,No mitigation beyond default primitive behavior; record all default options.,,,Populate circuit_artifact_path/circuit_sha256/job_id after actual circuit build/submission.
zz4_H0_zz4_pair_0099,zz4_pair_0099,H0,sampler_unmitigated_baseline,ibm_fez,F_quantum_4,zz4,ZZ4,4,4,Sampler,4096,4,13,off_diagonal,all_qubits_all_zero_probability_for_compute_uncompute_fidelity,ZZ4_compute_uncompute_kernel_pair_circuit,inventory_only_not_submitted,,,No mitigation beyond default primitive behavior; record all default options.,,,Populate circuit_artifact_path/circuit_sha256/job_id after actual circuit build/submission.
zz4_H0_zz4_pair_0100,zz4_pair_0100,H0,sampler_unmitigated_baseline,ibm_fez,F_quantum_4,zz4,ZZ4,4,4,Sampler,4096,4,14,off_diagonal,all_qubits_all_zero_probability_for_compute_uncompute_fidelity,ZZ4_compute_uncompute_kernel_pair_circuit,inventory_only_not_submitted,,,No mitigation beyond default primitive behavior; record all default options.,,,Populate circuit_artifact_path/circuit_sha256/job_id after actual circuit build/submission.
zz4_H0_zz4_pair_0101,zz4_pair_0101,H0,sampler_unmitigated_baseline,ibm_fez,F_quantum_4,zz4,ZZ4,4,4,Sampler,4096,4,15,off_diagonal,all_qubits_all_zero_probability_for_compute_uncompute_fidelity,ZZ4_compute_uncompute_kernel_pair_circuit,inventory_only_not_submitted,,,No mitigation beyond default primitive behavior; record all default options.,,,Populate circuit_artifact_path/circuit_sha256/job_id after actual circuit build/submission.
zz4_H0_zz4_pair_0102,zz4_pair_0102,H0,sampler_unmitigated_baseline,ibm_fez,F_quantum_4,zz4,ZZ4,4,4,Sampler,4096,4,16,off_diagonal,all_qubits_all_zero_probability_for_compute_uncompute_fidelity,ZZ4_compute_uncompute_kernel_pair_circuit,inventory_only_not_submitted,,,No mitigation beyond default primitive behavior; record all default options.,,,Populate circuit_artifact_path/circuit_sha256/job_id after actual circuit build/submission.
zz4_H0_zz4_pair_0103,zz4_pair_0103,H0,sampler_unmitigated_baseline,ibm_fez,F_quantum_4,zz4,ZZ4,4,4,Sampler,4096,4,17,off_diagonal,all_qubits_all_zero_probability_for_compute_uncompute_fidelity,ZZ4_compute_uncompute_kernel_pair_circuit,inventory_only_not_submitted,,,No mitigation beyond default primitive behavior; record all default options.,,,Populate circuit_artifact_path/circuit_sha256/job_id after actual circuit build/submission.
zz4_H0_zz4_pair_0104,zz4_pair_0104,H0,sampler_unmitigated_baseline,ibm_fez,F_quantum_4,zz4,ZZ4,4,4,Sampler,4096,4,18,off_diagonal,all_qubits_all_zero_probability_for_compute_uncompute_fidelity,ZZ4_compute_uncompute_kernel_pair_circuit,inventory_only_not_submitted,,,No mitigation beyond default primitive behavior; record all default options.,,,Populate circuit_artifact_path/circuit_sha256/job_id after actual circuit build/submission.
zz4_H0_zz4_pair_0105,zz4_pair_0105,H0,sampler_unmitigated_baseline,ibm_fez,F_quantum_4,zz4,ZZ4,4,4,Sampler,4096,4,19,off_diagonal,all_qubits_all_zero_probability_for_compute_uncompute_fidelity,ZZ4_compute_uncompute_kernel_pair_circuit,inventory_only_not_submitted,,,No mitigation beyond default primitive behavior; record all default options.,,,Populate circuit_artifact_path/circuit_sha256/job_id after actual circuit build/submission.
zz4_H0_zz4_pair_0106,zz4_pair_0106,H0,sampler_unmitigated_baseline,ibm_fez,F_quantum_4,zz4,ZZ4,4,4,Sampler,4096,4,20,off_diagonal,all_qubits_all_zero_probability_for_compute_uncompute_fidelity,ZZ4_compute_uncompute_kernel_pair_circuit,inventory_only_not_submitted,,,No mitigation beyond default primitive behavior; record all default options.,,,Populate circuit_artifact_path/circuit_sha256/job_id after actual circuit build/submission.
zz4_H0_zz4_pair_0107,zz4_pair_0107,H0,sampler_unmitigated_baseline,ibm_fez,F_quantum_4,zz4,ZZ4,4,4,Sampler,4096,4,21,off_diagonal,all_qubits_all_zero_probability_for_compute_uncompute_fidelity,ZZ4_compute_uncompute_kernel_pair_circuit,inventory_only_not_submitted,,,No mitigation beyond default primitive behavior; record all default options.,,,Populate circuit_artifact_path/circuit_sha256/job_id after actual circuit build/submission.
zz4_H0_zz4_pair_0108,zz4_pair_0108,H0,sampler_unmitigated_baseline,ibm_fez,F_quantum_4,zz4,ZZ4,4,4,Sampler,4096,4,22,off_diagonal,all_qubits_all_zero_probability_for_compute_uncompute_fidelity,ZZ4_compute_uncompute_kernel_pair_circuit,inventory_only_not_submitted,,,No mitigation beyond default primitive behavior; record all default options.,,,Populate circuit_artifact_path/circuit_sha256/job_id after actual circuit build/submission.
zz4_H0_zz4_pair_0109,zz4_pair_0109,H0,sampler_unmitigated_baseline,ibm_fez,F_quantum_4,zz4,ZZ4,4,4,Sampler,4096,4,23,off_diagonal,all_qubits_all_zero_probability_for_compute_uncompute_fidelity,ZZ4_compute_uncompute_kernel_pair_circuit,inventory_only_not_submitted,,,No mitigation beyond default primitive behavior; record all default options.,,,Populate circuit_artifact_path/circuit_sha256/job_id after actual circuit build/submission.
zz4_H0_zz4_pair_0110,zz4_pair_0110,H0,sampler_unmitigated_baseline,ibm_fez,F_quantum_4,zz4,ZZ4,4,4,Sampler,4096,5,5,diagonal,all_qubits_all_zero_probability_for_compute_uncompute_fidelity,ZZ4_compute_uncompute_kernel_pair_circuit,inventory_only_not_submitted,,,No mitigation beyond default primitive behavior; record all default options.,,,Populate circuit_artifact_path/circuit_sha256/job_id after actual circuit build/submission.
zz4_H0_zz4_pair_0111,zz4_pair_0111,H0,sampler_unmitigated_baseline,ibm_fez,F_quantum_4,zz4,ZZ4,4,4,Sampler,4096,5,6,off_diagonal,all_qubits_all_zero_probability_for_compute_uncompute_fidelity,ZZ4_compute_uncompute_kernel_pair_circuit,inventory_only_not_submitted,,,No mitigation beyond default primitive behavior; record all default options.,,,Populate circuit_artifact_path/circuit_sha256/job_id after actual circuit build/submission.
zz4_H0_zz4_pair_0112,zz4_pair_0112,H0,sampler_unmitigated_baseline,ibm_fez,F_quantum_4,zz4,ZZ4,4,4,Sampler,4096,5,7,off_diagonal,all_qubits_all_zero_probability_for_compute_uncompute_fidelity,ZZ4_compute_uncompute_kernel_pair_circuit,inventory_only_not_submitted,,,No mitigation beyond default primitive behavior; record all default options.,,,Populate circuit_artifact_path/circuit_sha256/job_id after actual circuit build/submission.
zz4_H0_zz4_pair_0113,zz4_pair_0113,H0,sampler_unmitigated_baseline,ibm_fez,F_quantum_4,zz4,ZZ4,4,4,Sampler,4096,5,8,off_diagonal,all_qubits_all_zero_probability_for_compute_uncompute_fidelity,ZZ4_compute_uncompute_kernel_pair_circuit,inventory_only_not_submitted,,,No mitigation beyond default primitive behavior; record all default options.,,,Populate circuit_artifact_path/circuit_sha256/job_id after actual circuit build/submission.
zz4_H0_zz4_pair_0114,zz4_pair_0114,H0,sampler_unmitigated_baseline,ibm_fez,F_quantum_4,zz4,ZZ4,4,4,Sampler,4096,5,9,off_diagonal,all_qubits_all_zero_probability_for_compute_uncompute_fidelity,ZZ4_compute_uncompute_kernel_pair_circuit,inventory_only_not_submitted,,,No mitigation beyond default primitive behavior; record all default options.,,,Populate circuit_artifact_path/circuit_sha256/job_id after actual circuit build/submission.
zz4_H0_zz4_pair_0115,zz4_pair_0115,H0,sampler_unmitigated_baseline,ibm_fez,F_quantum_4,zz4,ZZ4,4,4,Sampler,4096,5,10,off_diagonal,all_qubits_all_zero_probability_for_compute_uncompute_fidelity,ZZ4_compute_uncompute_kernel_pair_circuit,inventory_only_not_submitted,,,No mitigation beyond default primitive behavior; record all default options.,,,Populate circuit_artifact_path/circuit_sha256/job_id after actual circuit build/submission.
zz4_H0_zz4_pair_0116,zz4_pair_0116,H0,sampler_unmitigated_baseline,ibm_fez,F_quantum_4,zz4,ZZ4,4,4,Sampler,4096,5,11,off_diagonal,all_qubits_all_zero_probability_for_compute_uncompute_fidelity,ZZ4_compute_uncompute_kernel_pair_circuit,inventory_only_not_submitted,,,No mitigation beyond default primitive behavior; record all default options.,,,Populate circuit_artifact_path/circuit_sha256/job_id after actual circuit build/submission.
zz4_H0_zz4_pair_0117,zz4_pair_0117,H0,sampler_unmitigated_baseline,ibm_fez,F_quantum_4,zz4,ZZ4,4,4,Sampler,4096,5,12,off_diagonal,all_qubits_all_zero_probability_for_compute_uncompute_fidelity,ZZ4_compute_uncompute_kernel_pair_circuit,inventory_only_not_submitted,,,No mitigation beyond default primitive behavior; record all default options.,,,Populate circuit_artifact_path/circuit_sha256/job_id after actual circuit build/submission.
zz4_H0_zz4_pair_0118,zz4_pair_0118,H0,sampler_unmitigated_baseline,ibm_fez,F_quantum_4,zz4,ZZ4,4,4,Sampler,4096,5,13,off_diagonal,all_qubits_all_zero_probability_for_compute_uncompute_fidelity,ZZ4_compute_uncompute_kernel_pair_circuit,inventory_only_not_submitted,,,No mitigation beyond default primitive behavior; record all default options.,,,Populate circuit_artifact_path/circuit_sha256/job_id after actual circuit build/submission.
zz4_H0_zz4_pair_0119,zz4_pair_0119,H0,sampler_unmitigated_baseline,ibm_fez,F_quantum_4,zz4,ZZ4,4,4,Sampler,4096,5,14,off_diagonal,all_qubits_all_zero_probability_for_compute_uncompute_fidelity,ZZ4_compute_uncompute_kernel_pair_circuit,inventory_only_not_submitted,,,No mitigation beyond default primitive behavior; record all default options.,,,Populate circuit_artifact_path/circuit_sha256/job_id after actual circuit build/submission.
zz4_H0_zz4_pair_0120,zz4_pair_0120,H0,sampler_unmitigated_baseline,ibm_fez,F_quantum_4,zz4,ZZ4,4,4,Sampler,4096,5,15,off_diagonal,all_qubits_all_zero_probability_for_compute_uncompute_fidelity,ZZ4_compute_uncompute_kernel_pair_circuit,inventory_only_not_submitted,,,No mitigation beyond default primitive behavior; record all default options.,,,Populate circuit_artifact_path/circuit_sha256/job_id after actual circuit build/submission.
zz4_H0_zz4_pair_0121,zz4_pair_0121,H0,sampler_unmitigated_baseline,ibm_fez,F_quantum_4,zz4,ZZ4,4,4,Sampler,4096,5,16,off_diagonal,all_qubits_all_zero_probability_for_compute_uncompute_fidelity,ZZ4_compute_uncompute_kernel_pair_circuit,inventory_only_not_submitted,,,No mitigation beyond default primitive behavior; record all default options.,,,Populate circuit_artifact_path/circuit_sha256/job_id after actual circuit build/submission.
zz4_H0_zz4_pair_0122,zz4_pair_0122,H0,sampler_unmitigated_baseline,ibm_fez,F_quantum_4,zz4,ZZ4,4,4,Sampler,4096,5,17,off_diagonal,all_qubits_all_zero_probability_for_compute_uncompute_fidelity,ZZ4_compute_uncompute_kernel_pair_circuit,inventory_only_not_submitted,,,No mitigation beyond default primitive behavior; record all default options.,,,Populate circuit_artifact_path/circuit_sha256/job_id after actual circuit build/submission.
zz4_H0_zz4_pair_0123,zz4_pair_0123,H0,sampler_unmitigated_baseline,ibm_fez,F_quantum_4,zz4,ZZ4,4,4,Sampler,4096,5,18,off_diagonal,all_qubits_all_zero_probability_for_compute_uncompute_fidelity,ZZ4_compute_uncompute_kernel_pair_circuit,inventory_only_not_submitted,,,No mitigation beyond default primitive behavior; record all default options.,,,Populate circuit_artifact_path/circuit_sha256/job_id after actual circuit build/submission.
zz4_H0_zz4_pair_0124,zz4_pair_0124,H0,sampler_unmitigated_baseline,ibm_fez,F_quantum_4,zz4,ZZ4,4,4,Sampler,4096,5,19,off_diagonal,all_qubits_all_zero_probability_for_compute_uncompute_fidelity,ZZ4_compute_uncompute_kernel_pair_circuit,inventory_only_not_submitted,,,No mitigation beyond default primitive behavior; record all default options.,,,Populate circuit_artifact_path/circuit_sha256/job_id after actual circuit build/submission.
zz4_H0_zz4_pair_0125,zz4_pair_0125,H0,sampler_unmitigated_baseline,ibm_fez,F_quantum_4,zz4,ZZ4,4,4,Sampler,4096,5,20,off_diagonal,all_qubits_all_zero_probability_for_compute_uncompute_fidelity,ZZ4_compute_uncompute_kernel_pair_circuit,inventory_only_not_submitted,,,No mitigation beyond default primitive behavior; record all default options.,,,Populate circuit_artifact_path/circuit_sha256/job_id after actual circuit build/submission.
zz4_H0_zz4_pair_0126,zz4_pair_0126,H0,sampler_unmitigated_baseline,ibm_fez,F_quantum_4,zz4,ZZ4,4,4,Sampler,4096,5,21,off_diagonal,all_qubits_all_zero_probability_for_compute_uncompute_fidelity,ZZ4_compute_uncompute_kernel_pair_circuit,inventory_only_not_submitted,,,No mitigation beyond default primitive behavior; record all default options.,,,Populate circuit_artifact_path/circuit_sha256/job_id after actual circuit build/submission.
zz4_H0_zz4_pair_0127,zz4_pair_0127,H0,sampler_unmitigated_baseline,ibm_fez,F_quantum_4,zz4,ZZ4,4,4,Sampler,4096,5,22,off_diagonal,all_qubits_all_zero_probability_for_compute_uncompute_fidelity,ZZ4_compute_uncompute_kernel_pair_circuit,inventory_only_not_submitted,,,No mitigation beyond default primitive behavior; record all default options.,,,Populate circuit_artifact_path/circuit_sha256/job_id after actual circuit build/submission.
zz4_H0_zz4_pair_0128,zz4_pair_0128,H0,sampler_unmitigated_baseline,ibm_fez,F_quantum_4,zz4,ZZ4,4,4,Sampler,4096,5,23,off_diagonal,all_qubits_all_zero_probability_for_compute_uncompute_fidelity,ZZ4_compute_uncompute_kernel_pair_circuit,inventory_only_not_submitted,,,No mitigation beyond default primitive behavior; record all default options.,,,Populate circuit_artifact_path/circuit_sha256/job_id after actual circuit build/submission.
zz4_H0_zz4_pair_0129,zz4_pair_0129,H0,sampler_unmitigated_baseline,ibm_fez,F_quantum_4,zz4,ZZ4,4,4,Sampler,4096,6,6,diagonal,all_qubits_all_zero_probability_for_compute_uncompute_fidelity,ZZ4_compute_uncompute_kernel_pair_circuit,inventory_only_not_submitted,,,No mitigation beyond default primitive behavior; record all default options.,,,Populate circuit_artifact_path/circuit_sha256/job_id after actual circuit build/submission.
zz4_H0_zz4_pair_0130,zz4_pair_0130,H0,sampler_unmitigated_baseline,ibm_fez,F_quantum_4,zz4,ZZ4,4,4,Sampler,4096,6,7,off_diagonal,all_qubits_all_zero_probability_for_compute_uncompute_fidelity,ZZ4_compute_uncompute_kernel_pair_circuit,inventory_only_not_submitted,,,No mitigation beyond default primitive behavior; record all default options.,,,Populate circuit_artifact_path/circuit_sha256/job_id after actual circuit build/submission.
zz4_H0_zz4_pair_0131,zz4_pair_0131,H0,sampler_unmitigated_baseline,ibm_fez,F_quantum_4,zz4,ZZ4,4,4,Sampler,4096,6,8,off_diagonal,all_qubits_all_zero_probability_for_compute_uncompute_fidelity,ZZ4_compute_uncompute_kernel_pair_circuit,inventory_only_not_submitted,,,No mitigation beyond default primitive behavior; record all default options.,,,Populate circuit_artifact_path/circuit_sha256/job_id after actual circuit build/submission.
zz4_H0_zz4_pair_0132,zz4_pair_0132,H0,sampler_unmitigated_baseline,ibm_fez,F_quantum_4,zz4,ZZ4,4,4,Sampler,4096,6,9,off_diagonal,all_qubits_all_zero_probability_for_compute_uncompute_fidelity,ZZ4_compute_uncompute_kernel_pair_circuit,inventory_only_not_submitted,,,No mitigation beyond default primitive behavior; record all default options.,,,Populate circuit_artifact_path/circuit_sha256/job_id after actual circuit build/submission.
zz4_H0_zz4_pair_0133,zz4_pair_0133,H0,sampler_unmitigated_baseline,ibm_fez,F_quantum_4,zz4,ZZ4,4,4,Sampler,4096,6,10,off_diagonal,all_qubits_all_zero_probability_for_compute_uncompute_fidelity,ZZ4_compute_uncompute_kernel_pair_circuit,inventory_only_not_submitted,,,No mitigation beyond default primitive behavior; record all default options.,,,Populate circuit_artifact_path/circuit_sha256/job_id after actual circuit build/submission.
zz4_H0_zz4_pair_0134,zz4_pair_0134,H0,sampler_unmitigated_baseline,ibm_fez,F_quantum_4,zz4,ZZ4,4,4,Sampler,4096,6,11,off_diagonal,all_qubits_all_zero_probability_for_compute_uncompute_fidelity,ZZ4_compute_uncompute_kernel_pair_circuit,inventory_only_not_submitted,,,No mitigation beyond default primitive behavior; record all default options.,,,Populate circuit_artifact_path/circuit_sha256/job_id after actual circuit build/submission.
zz4_H0_zz4_pair_0135,zz4_pair_0135,H0,sampler_unmitigated_baseline,ibm_fez,F_quantum_4,zz4,ZZ4,4,4,Sampler,4096,6,12,off_diagonal,all_qubits_all_zero_probability_for_compute_uncompute_fidelity,ZZ4_compute_uncompute_kernel_pair_circuit,inventory_only_not_submitted,,,No mitigation beyond default primitive behavior; record all default options.,,,Populate circuit_artifact_path/circuit_sha256/job_id after actual circuit build/submission.
zz4_H0_zz4_pair_0136,zz4_pair_0136,H0,sampler_unmitigated_baseline,ibm_fez,F_quantum_4,zz4,ZZ4,4,4,Sampler,4096,6,13,off_diagonal,all_qubits_all_zero_probability_for_compute_uncompute_fidelity,ZZ4_compute_uncompute_kernel_pair_circuit,inventory_only_not_submitted,,,No mitigation beyond default primitive behavior; record all default options.,,,Populate circuit_artifact_path/circuit_sha256/job_id after actual circuit build/submission.
zz4_H0_zz4_pair_0137,zz4_pair_0137,H0,sampler_unmitigated_baseline,ibm_fez,F_quantum_4,zz4,ZZ4,4,4,Sampler,4096,6,14,off_diagonal,all_qubits_all_zero_probability_for_compute_uncompute_fidelity,ZZ4_compute_uncompute_kernel_pair_circuit,inventory_only_not_submitted,,,No mitigation beyond default primitive behavior; record all default options.,,,Populate circuit_artifact_path/circuit_sha256/job_id after actual circuit build/submission.
zz4_H0_zz4_pair_0138,zz4_pair_0138,H0,sampler_unmitigated_baseline,ibm_fez,F_quantum_4,zz4,ZZ4,4,4,Sampler,4096,6,15,off_diagonal,all_qubits_all_zero_probability_for_compute_uncompute_fidelity,ZZ4_compute_uncompute_kernel_pair_circuit,inventory_only_not_submitted,,,No mitigation beyond default primitive behavior; record all default options.,,,Populate circuit_artifact_path/circuit_sha256/job_id after actual circuit build/submission.
zz4_H0_zz4_pair_0139,zz4_pair_0139,H0,sampler_unmitigated_baseline,ibm_fez,F_quantum_4,zz4,ZZ4,4,4,Sampler,4096,6,16,off_diagonal,all_qubits_all_zero_probability_for_compute_uncompute_fidelity,ZZ4_compute_uncompute_kernel_pair_circuit,inventory_only_not_submitted,,,No mitigation beyond default primitive behavior; record all default options.,,,Populate circuit_artifact_path/circuit_sha256/job_id after actual circuit build/submission.
zz4_H0_zz4_pair_0140,zz4_pair_0140,H0,sampler_unmitigated_baseline,ibm_fez,F_quantum_4,zz4,ZZ4,4,4,Sampler,4096,6,17,off_diagonal,all_qubits_all_zero_probability_for_compute_uncompute_fidelity,ZZ4_compute_uncompute_kernel_pair_circuit,inventory_only_not_submitted,,,No mitigation beyond default primitive behavior; record all default options.,,,Populate circuit_artifact_path/circuit_sha256/job_id after actual circuit build/submission.
zz4_H0_zz4_pair_0141,zz4_pair_0141,H0,sampler_unmitigated_baseline,ibm_fez,F_quantum_4,zz4,ZZ4,4,4,Sampler,4096,6,18,off_diagonal,all_qubits_all_zero_probability_for_compute_uncompute_fidelity,ZZ4_compute_uncompute_kernel_pair_circuit,inventory_only_not_submitted,,,No mitigation beyond default primitive behavior; record all default options.,,,Populate circuit_artifact_path/circuit_sha256/job_id after actual circuit build/submission.
zz4_H0_zz4_pair_0142,zz4_pair_0142,H0,sampler_unmitigated_baseline,ibm_fez,F_quantum_4,zz4,ZZ4,4,4,Sampler,4096,6,19,off_diagonal,all_qubits_all_zero_probability_for_compute_uncompute_fidelity,ZZ4_compute_uncompute_kernel_pair_circuit,inventory_only_not_submitted,,,No mitigation beyond default primitive behavior; record all default options.,,,Populate circuit_artifact_path/circuit_sha256/job_id after actual circuit build/submission.
zz4_H0_zz4_pair_0143,zz4_pair_0143,H0,sampler_unmitigated_baseline,ibm_fez,F_quantum_4,zz4,ZZ4,4,4,Sampler,4096,6,20,off_diagonal,all_qubits_all_zero_probability_for_compute_uncompute_fidelity,ZZ4_compute_uncompute_kernel_pair_circuit,inventory_only_not_submitted,,,No mitigation beyond default primitive behavior; record all default options.,,,Populate circuit_artifact_path/circuit_sha256/job_id after actual circuit build/submission.
zz4_H0_zz4_pair_0144,zz4_pair_0144,H0,sampler_unmitigated_baseline,ibm_fez,F_quantum_4,zz4,ZZ4,4,4,Sampler,4096,6,21,off_diagonal,all_qubits_all_zero_probability_for_compute_uncompute_fidelity,ZZ4_compute_uncompute_kernel_pair_circuit,inventory_only_not_submitted,,,No mitigation beyond default primitive behavior; record all default options.,,,Populate circuit_artifact_path/circuit_sha256/job_id after actual circuit build/submission.
zz4_H0_zz4_pair_0145,zz4_pair_0145,H0,sampler_unmitigated_baseline,ibm_fez,F_quantum_4,zz4,ZZ4,4,4,Sampler,4096,6,22,off_diagonal,all_qubits_all_zero_probability_for_compute_uncompute_fidelity,ZZ4_compute_uncompute_kernel_pair_circuit,inventory_only_not_submitted,,,No mitigation beyond default primitive behavior; record all default options.,,,Populate circuit_artifact_path/circuit_sha256/job_id after actual circuit build/submission.
zz4_H0_zz4_pair_0146,zz4_pair_0146,H0,sampler_unmitigated_baseline,ibm_fez,F_quantum_4,zz4,ZZ4,4,4,Sampler,4096,6,23,off_diagonal,all_qubits_all_zero_probability_for_compute_uncompute_fidelity,ZZ4_compute_uncompute_kernel_pair_circuit,inventory_only_not_submitted,,,No mitigation beyond default primitive behavior; record all default options.,,,Populate circuit_artifact_path/circuit_sha256/job_id after actual circuit build/submission.
zz4_H0_zz4_pair_0147,zz4_pair_0147,H0,sampler_unmitigated_baseline,ibm_fez,F_quantum_4,zz4,ZZ4,4,4,Sampler,4096,7,7,diagonal,all_qubits_all_zero_probability_for_compute_uncompute_fidelity,ZZ4_compute_uncompute_kernel_pair_circuit,inventory_only_not_submitted,,,No mitigation beyond default primitive behavior; record all default options.,,,Populate circuit_artifact_path/circuit_sha256/job_id after actual circuit build/submission.
zz4_H0_zz4_pair_0148,zz4_pair_0148,H0,sampler_unmitigated_baseline,ibm_fez,F_quantum_4,zz4,ZZ4,4,4,Sampler,4096,7,8,off_diagonal,all_qubits_all_zero_probability_for_compute_uncompute_fidelity,ZZ4_compute_uncompute_kernel_pair_circuit,inventory_only_not_submitted,,,No mitigation beyond default primitive behavior; record all default options.,,,Populate circuit_artifact_path/circuit_sha256/job_id after actual circuit build/submission.
zz4_H0_zz4_pair_0149,zz4_pair_0149,H0,sampler_unmitigated_baseline,ibm_fez,F_quantum_4,zz4,ZZ4,4,4,Sampler,4096,7,9,off_diagonal,all_qubits_all_zero_probability_for_compute_uncompute_fidelity,ZZ4_compute_uncompute_kernel_pair_circuit,inventory_only_not_submitted,,,No mitigation beyond default primitive behavior; record all default options.,,,Populate circuit_artifact_path/circuit_sha256/job_id after actual circuit build/submission.
zz4_H0_zz4_pair_0150,zz4_pair_0150,H0,sampler_unmitigated_baseline,ibm_fez,F_quantum_4,zz4,ZZ4,4,4,Sampler,4096,7,10,off_diagonal,all_qubits_all_zero_probability_for_compute_uncompute_fidelity,ZZ4_compute_uncompute_kernel_pair_circuit,inventory_only_not_submitted,,,No mitigation beyond default primitive behavior; record all default options.,,,Populate circuit_artifact_path/circuit_sha256/job_id after actual circuit build/submission.
zz4_H0_zz4_pair_0151,zz4_pair_0151,H0,sampler_unmitigated_baseline,ibm_fez,F_quantum_4,zz4,ZZ4,4,4,Sampler,4096,7,11,off_diagonal,all_qubits_all_zero_probability_for_compute_uncompute_fidelity,ZZ4_compute_uncompute_kernel_pair_circuit,inventory_only_not_submitted,,,No mitigation beyond default primitive behavior; record all default options.,,,Populate circuit_artifact_path/circuit_sha256/job_id after actual circuit build/submission.
zz4_H0_zz4_pair_0152,zz4_pair_0152,H0,sampler_unmitigated_baseline,ibm_fez,F_quantum_4,zz4,ZZ4,4,4,Sampler,4096,7,12,off_diagonal,all_qubits_all_zero_probability_for_compute_uncompute_fidelity,ZZ4_compute_uncompute_kernel_pair_circuit,inventory_only_not_submitted,,,No mitigation beyond default primitive behavior; record all default options.,,,Populate circuit_artifact_path/circuit_sha256/job_id after actual circuit build/submission.
zz4_H0_zz4_pair_0153,zz4_pair_0153,H0,sampler_unmitigated_baseline,ibm_fez,F_quantum_4,zz4,ZZ4,4,4,Sampler,4096,7,13,off_diagonal,all_qubits_all_zero_probability_for_compute_uncompute_fidelity,ZZ4_compute_uncompute_kernel_pair_circuit,inventory_only_not_submitted,,,No mitigation beyond default primitive behavior; record all default options.,,,Populate circuit_artifact_path/circuit_sha256/job_id after actual circuit build/submission.
zz4_H0_zz4_pair_0154,zz4_pair_0154,H0,sampler_unmitigated_baseline,ibm_fez,F_quantum_4,zz4,ZZ4,4,4,Sampler,4096,7,14,off_diagonal,all_qubits_all_zero_probability_for_compute_uncompute_fidelity,ZZ4_compute_uncompute_kernel_pair_circuit,inventory_only_not_submitted,,,No mitigation beyond default primitive behavior; record all default options.,,,Populate circuit_artifact_path/circuit_sha256/job_id after actual circuit build/submission.
zz4_H0_zz4_pair_0155,zz4_pair_0155,H0,sampler_unmitigated_baseline,ibm_fez,F_quantum_4,zz4,ZZ4,4,4,Sampler,4096,7,15,off_diagonal,all_qubits_all_zero_probability_for_compute_uncompute_fidelity,ZZ4_compute_uncompute_kernel_pair_circuit,inventory_only_not_submitted,,,No mitigation beyond default primitive behavior; record all default options.,,,Populate circuit_artifact_path/circuit_sha256/job_id after actual circuit build/submission.
zz4_H0_zz4_pair_0156,zz4_pair_0156,H0,sampler_unmitigated_baseline,ibm_fez,F_quantum_4,zz4,ZZ4,4,4,Sampler,4096,7,16,off_diagonal,all_qubits_all_zero_probability_for_compute_uncompute_fidelity,ZZ4_compute_uncompute_kernel_pair_circuit,inventory_only_not_submitted,,,No mitigation beyond default primitive behavior; record all default options.,,,Populate circuit_artifact_path/circuit_sha256/job_id after actual circuit build/submission.
zz4_H0_zz4_pair_0157,zz4_pair_0157,H0,sampler_unmitigated_baseline,ibm_fez,F_quantum_4,zz4,ZZ4,4,4,Sampler,4096,7,17,off_diagonal,all_qubits_all_zero_probability_for_compute_uncompute_fidelity,ZZ4_compute_uncompute_kernel_pair_circuit,inventory_only_not_submitted,,,No mitigation beyond default primitive behavior; record all default options.,,,Populate circuit_artifact_path/circuit_sha256/job_id after actual circuit build/submission.
zz4_H0_zz4_pair_0158,zz4_pair_0158,H0,sampler_unmitigated_baseline,ibm_fez,F_quantum_4,zz4,ZZ4,4,4,Sampler,4096,7,18,off_diagonal,all_qubits_all_zero_probability_for_compute_uncompute_fidelity,ZZ4_compute_uncompute_kernel_pair_circuit,inventory_only_not_submitted,,,No mitigation beyond default primitive behavior; record all default options.,,,Populate circuit_artifact_path/circuit_sha256/job_id after actual circuit build/submission.
zz4_H0_zz4_pair_0159,zz4_pair_0159,H0,sampler_unmitigated_baseline,ibm_fez,F_quantum_4,zz4,ZZ4,4,4,Sampler,4096,7,19,off_diagonal,all_qubits_all_zero_probability_for_compute_uncompute_fidelity,ZZ4_compute_uncompute_kernel_pair_circuit,inventory_only_not_submitted,,,No mitigation beyond default primitive behavior; record all default options.,,,Populate circuit_artifact_path/circuit_sha256/job_id after actual circuit build/submission.
zz4_H0_zz4_pair_0160,zz4_pair_0160,H0,sampler_unmitigated_baseline,ibm_fez,F_quantum_4,zz4,ZZ4,4,4,Sampler,4096,7,20,off_diagonal,all_qubits_all_zero_probability_for_compute_uncompute_fidelity,ZZ4_compute_uncompute_kernel_pair_circuit,inventory_only_not_submitted,,,No mitigation beyond default primitive behavior; record all default options.,,,Populate circuit_artifact_path/circuit_sha256/job_id after actual circuit build/submission.
zz4_H0_zz4_pair_0161,zz4_pair_0161,H0,sampler_unmitigated_baseline,ibm_fez,F_quantum_4,zz4,ZZ4,4,4,Sampler,4096,7,21,off_diagonal,all_qubits_all_zero_probability_for_compute_uncompute_fidelity,ZZ4_compute_uncompute_kernel_pair_circuit,inventory_only_not_submitted,,,No mitigation beyond default primitive behavior; record all default options.,,,Populate circuit_artifact_path/circuit_sha256/job_id after actual circuit build/submission.
zz4_H0_zz4_pair_0162,zz4_pair_0162,H0,sampler_unmitigated_baseline,ibm_fez,F_quantum_4,zz4,ZZ4,4,4,Sampler,4096,7,22,off_diagonal,all_qubits_all_zero_probability_for_compute_uncompute_fidelity,ZZ4_compute_uncompute_kernel_pair_circuit,inventory_only_not_submitted,,,No mitigation beyond default primitive behavior; record all default options.,,,Populate circuit_artifact_path/circuit_sha256/job_id after actual circuit build/submission.
zz4_H0_zz4_pair_0163,zz4_pair_0163,H0,sampler_unmitigated_baseline,ibm_fez,F_quantum_4,zz4,ZZ4,4,4,Sampler,4096,7,23,off_diagonal,all_qubits_all_zero_probability_for_compute_uncompute_fidelity,ZZ4_compute_uncompute_kernel_pair_circuit,inventory_only_not_submitted,,,No mitigation beyond default primitive behavior; record all default options.,,,Populate circuit_artifact_path/circuit_sha256/job_id after actual circuit build/submission.
zz4_H0_zz4_pair_0164,zz4_pair_0164,H0,sampler_unmitigated_baseline,ibm_fez,F_quantum_4,zz4,ZZ4,4,4,Sampler,4096,8,8,diagonal,all_qubits_all_zero_probability_for_compute_uncompute_fidelity,ZZ4_compute_uncompute_kernel_pair_circuit,inventory_only_not_submitted,,,No mitigation beyond default primitive behavior; record all default options.,,,Populate circuit_artifact_path/circuit_sha256/job_id after actual circuit build/submission.
zz4_H0_zz4_pair_0165,zz4_pair_0165,H0,sampler_unmitigated_baseline,ibm_fez,F_quantum_4,zz4,ZZ4,4,4,Sampler,4096,8,9,off_diagonal,all_qubits_all_zero_probability_for_compute_uncompute_fidelity,ZZ4_compute_uncompute_kernel_pair_circuit,inventory_only_not_submitted,,,No mitigation beyond default primitive behavior; record all default options.,,,Populate circuit_artifact_path/circuit_sha256/job_id after actual circuit build/submission.
zz4_H0_zz4_pair_0166,zz4_pair_0166,H0,sampler_unmitigated_baseline,ibm_fez,F_quantum_4,zz4,ZZ4,4,4,Sampler,4096,8,10,off_diagonal,all_qubits_all_zero_probability_for_compute_uncompute_fidelity,ZZ4_compute_uncompute_kernel_pair_circuit,inventory_only_not_submitted,,,No mitigation beyond default primitive behavior; record all default options.,,,Populate circuit_artifact_path/circuit_sha256/job_id after actual circuit build/submission.
zz4_H0_zz4_pair_0167,zz4_pair_0167,H0,sampler_unmitigated_baseline,ibm_fez,F_quantum_4,zz4,ZZ4,4,4,Sampler,4096,8,11,off_diagonal,all_qubits_all_zero_probability_for_compute_uncompute_fidelity,ZZ4_compute_uncompute_kernel_pair_circuit,inventory_only_not_submitted,,,No mitigation beyond default primitive behavior; record all default options.,,,Populate circuit_artifact_path/circuit_sha256/job_id after actual circuit build/submission.
zz4_H0_zz4_pair_0168,zz4_pair_0168,H0,sampler_unmitigated_baseline,ibm_fez,F_quantum_4,zz4,ZZ4,4,4,Sampler,4096,8,12,off_diagonal,all_qubits_all_zero_probability_for_compute_uncompute_fidelity,ZZ4_compute_uncompute_kernel_pair_circuit,inventory_only_not_submitted,,,No mitigation beyond default primitive behavior; record all default options.,,,Populate circuit_artifact_path/circuit_sha256/job_id after actual circuit build/submission.
zz4_H0_zz4_pair_0169,zz4_pair_0169,H0,sampler_unmitigated_baseline,ibm_fez,F_quantum_4,zz4,ZZ4,4,4,Sampler,4096,8,13,off_diagonal,all_qubits_all_zero_probability_for_compute_uncompute_fidelity,ZZ4_compute_uncompute_kernel_pair_circuit,inventory_only_not_submitted,,,No mitigation beyond default primitive behavior; record all default options.,,,Populate circuit_artifact_path/circuit_sha256/job_id after actual circuit build/submission.
zz4_H0_zz4_pair_0170,zz4_pair_0170,H0,sampler_unmitigated_baseline,ibm_fez,F_quantum_4,zz4,ZZ4,4,4,Sampler,4096,8,14,off_diagonal,all_qubits_all_zero_probability_for_compute_uncompute_fidelity,ZZ4_compute_uncompute_kernel_pair_circuit,inventory_only_not_submitted,,,No mitigation beyond default primitive behavior; record all default options.,,,Populate circuit_artifact_path/circuit_sha256/job_id after actual circuit build/submission.
zz4_H0_zz4_pair_0171,zz4_pair_0171,H0,sampler_unmitigated_baseline,ibm_fez,F_quantum_4,zz4,ZZ4,4,4,Sampler,4096,8,15,off_diagonal,all_qubits_all_zero_probability_for_compute_uncompute_fidelity,ZZ4_compute_uncompute_kernel_pair_circuit,inventory_only_not_submitted,,,No mitigation beyond default primitive behavior; record all default options.,,,Populate circuit_artifact_path/circuit_sha256/job_id after actual circuit build/submission.
zz4_H0_zz4_pair_0172,zz4_pair_0172,H0,sampler_unmitigated_baseline,ibm_fez,F_quantum_4,zz4,ZZ4,4,4,Sampler,4096,8,16,off_diagonal,all_qubits_all_zero_probability_for_compute_uncompute_fidelity,ZZ4_compute_uncompute_kernel_pair_circuit,inventory_only_not_submitted,,,No mitigation beyond default primitive behavior; record all default options.,,,Populate circuit_artifact_path/circuit_sha256/job_id after actual circuit build/submission.
zz4_H0_zz4_pair_0173,zz4_pair_0173,H0,sampler_unmitigated_baseline,ibm_fez,F_quantum_4,zz4,ZZ4,4,4,Sampler,4096,8,17,off_diagonal,all_qubits_all_zero_probability_for_compute_uncompute_fidelity,ZZ4_compute_uncompute_kernel_pair_circuit,inventory_only_not_submitted,,,No mitigation beyond default primitive behavior; record all default options.,,,Populate circuit_artifact_path/circuit_sha256/job_id after actual circuit build/submission.
zz4_H0_zz4_pair_0174,zz4_pair_0174,H0,sampler_unmitigated_baseline,ibm_fez,F_quantum_4,zz4,ZZ4,4,4,Sampler,4096,8,18,off_diagonal,all_qubits_all_zero_probability_for_compute_uncompute_fidelity,ZZ4_compute_uncompute_kernel_pair_circuit,inventory_only_not_submitted,,,No mitigation beyond default primitive behavior; record all default options.,,,Populate circuit_artifact_path/circuit_sha256/job_id after actual circuit build/submission.
zz4_H0_zz4_pair_0175,zz4_pair_0175,H0,sampler_unmitigated_baseline,ibm_fez,F_quantum_4,zz4,ZZ4,4,4,Sampler,4096,8,19,off_diagonal,all_qubits_all_zero_probability_for_compute_uncompute_fidelity,ZZ4_compute_uncompute_kernel_pair_circuit,inventory_only_not_submitted,,,No mitigation beyond default primitive behavior; record all default options.,,,Populate circuit_artifact_path/circuit_sha256/job_id after actual circuit build/submission.
zz4_H0_zz4_pair_0176,zz4_pair_0176,H0,sampler_unmitigated_baseline,ibm_fez,F_quantum_4,zz4,ZZ4,4,4,Sampler,4096,8,20,off_diagonal,all_qubits_all_zero_probability_for_compute_uncompute_fidelity,ZZ4_compute_uncompute_kernel_pair_circuit,inventory_only_not_submitted,,,No mitigation beyond default primitive behavior; record all default options.,,,Populate circuit_artifact_path/circuit_sha256/job_id after actual circuit build/submission.
zz4_H0_zz4_pair_0177,zz4_pair_0177,H0,sampler_unmitigated_baseline,ibm_fez,F_quantum_4,zz4,ZZ4,4,4,Sampler,4096,8,21,off_diagonal,all_qubits_all_zero_probability_for_compute_uncompute_fidelity,ZZ4_compute_uncompute_kernel_pair_circuit,inventory_only_not_submitted,,,No mitigation beyond default primitive behavior; record all default options.,,,Populate circuit_artifact_path/circuit_sha256/job_id after actual circuit build/submission.
zz4_H0_zz4_pair_0178,zz4_pair_0178,H0,sampler_unmitigated_baseline,ibm_fez,F_quantum_4,zz4,ZZ4,4,4,Sampler,4096,8,22,off_diagonal,all_qubits_all_zero_probability_for_compute_uncompute_fidelity,ZZ4_compute_uncompute_kernel_pair_circuit,inventory_only_not_submitted,,,No mitigation beyond default primitive behavior; record all default options.,,,Populate circuit_artifact_path/circuit_sha256/job_id after actual circuit build/submission.
zz4_H0_zz4_pair_0179,zz4_pair_0179,H0,sampler_unmitigated_baseline,ibm_fez,F_quantum_4,zz4,ZZ4,4,4,Sampler,4096,8,23,off_diagonal,all_qubits_all_zero_probability_for_compute_uncompute_fidelity,ZZ4_compute_uncompute_kernel_pair_circuit,inventory_only_not_submitted,,,No mitigation beyond default primitive behavior; record all default options.,,,Populate circuit_artifact_path/circuit_sha256/job_id after actual circuit build/submission.
zz4_H0_zz4_pair_0180,zz4_pair_0180,H0,sampler_unmitigated_baseline,ibm_fez,F_quantum_4,zz4,ZZ4,4,4,Sampler,4096,9,9,diagonal,all_qubits_all_zero_probability_for_compute_uncompute_fidelity,ZZ4_compute_uncompute_kernel_pair_circuit,inventory_only_not_submitted,,,No mitigation beyond default primitive behavior; record all default options.,,,Populate circuit_artifact_path/circuit_sha256/job_id after actual circuit build/submission.
zz4_H0_zz4_pair_0181,zz4_pair_0181,H0,sampler_unmitigated_baseline,ibm_fez,F_quantum_4,zz4,ZZ4,4,4,Sampler,4096,9,10,off_diagonal,all_qubits_all_zero_probability_for_compute_uncompute_fidelity,ZZ4_compute_uncompute_kernel_pair_circuit,inventory_only_not_submitted,,,No mitigation beyond default primitive behavior; record all default options.,,,Populate circuit_artifact_path/circuit_sha256/job_id after actual circuit build/submission.
zz4_H0_zz4_pair_0182,zz4_pair_0182,H0,sampler_unmitigated_baseline,ibm_fez,F_quantum_4,zz4,ZZ4,4,4,Sampler,4096,9,11,off_diagonal,all_qubits_all_zero_probability_for_compute_uncompute_fidelity,ZZ4_compute_uncompute_kernel_pair_circuit,inventory_only_not_submitted,,,No mitigation beyond default primitive behavior; record all default options.,,,Populate circuit_artifact_path/circuit_sha256/job_id after actual circuit build/submission.
zz4_H0_zz4_pair_0183,zz4_pair_0183,H0,sampler_unmitigated_baseline,ibm_fez,F_quantum_4,zz4,ZZ4,4,4,Sampler,4096,9,12,off_diagonal,all_qubits_all_zero_probability_for_compute_uncompute_fidelity,ZZ4_compute_uncompute_kernel_pair_circuit,inventory_only_not_submitted,,,No mitigation beyond default primitive behavior; record all default options.,,,Populate circuit_artifact_path/circuit_sha256/job_id after actual circuit build/submission.
zz4_H0_zz4_pair_0184,zz4_pair_0184,H0,sampler_unmitigated_baseline,ibm_fez,F_quantum_4,zz4,ZZ4,4,4,Sampler,4096,9,13,off_diagonal,all_qubits_all_zero_probability_for_compute_uncompute_fidelity,ZZ4_compute_uncompute_kernel_pair_circuit,inventory_only_not_submitted,,,No mitigation beyond default primitive behavior; record all default options.,,,Populate circuit_artifact_path/circuit_sha256/job_id after actual circuit build/submission.
zz4_H0_zz4_pair_0185,zz4_pair_0185,H0,sampler_unmitigated_baseline,ibm_fez,F_quantum_4,zz4,ZZ4,4,4,Sampler,4096,9,14,off_diagonal,all_qubits_all_zero_probability_for_compute_uncompute_fidelity,ZZ4_compute_uncompute_kernel_pair_circuit,inventory_only_not_submitted,,,No mitigation beyond default primitive behavior; record all default options.,,,Populate circuit_artifact_path/circuit_sha256/job_id after actual circuit build/submission.
zz4_H0_zz4_pair_0186,zz4_pair_0186,H0,sampler_unmitigated_baseline,ibm_fez,F_quantum_4,zz4,ZZ4,4,4,Sampler,4096,9,15,off_diagonal,all_qubits_all_zero_probability_for_compute_uncompute_fidelity,ZZ4_compute_uncompute_kernel_pair_circuit,inventory_only_not_submitted,,,No mitigation beyond default primitive behavior; record all default options.,,,Populate circuit_artifact_path/circuit_sha256/job_id after actual circuit build/submission.
zz4_H0_zz4_pair_0187,zz4_pair_0187,H0,sampler_unmitigated_baseline,ibm_fez,F_quantum_4,zz4,ZZ4,4,4,Sampler,4096,9,16,off_diagonal,all_qubits_all_zero_probability_for_compute_uncompute_fidelity,ZZ4_compute_uncompute_kernel_pair_circuit,inventory_only_not_submitted,,,No mitigation beyond default primitive behavior; record all default options.,,,Populate circuit_artifact_path/circuit_sha256/job_id after actual circuit build/submission.
zz4_H0_zz4_pair_0188,zz4_pair_0188,H0,sampler_unmitigated_baseline,ibm_fez,F_quantum_4,zz4,ZZ4,4,4,Sampler,4096,9,17,off_diagonal,all_qubits_all_zero_probability_for_compute_uncompute_fidelity,ZZ4_compute_uncompute_kernel_pair_circuit,inventory_only_not_submitted,,,No mitigation beyond default primitive behavior; record all default options.,,,Populate circuit_artifact_path/circuit_sha256/job_id after actual circuit build/submission.
zz4_H0_zz4_pair_0189,zz4_pair_0189,H0,sampler_unmitigated_baseline,ibm_fez,F_quantum_4,zz4,ZZ4,4,4,Sampler,4096,9,18,off_diagonal,all_qubits_all_zero_probability_for_compute_uncompute_fidelity,ZZ4_compute_uncompute_kernel_pair_circuit,inventory_only_not_submitted,,,No mitigation beyond default primitive behavior; record all default options.,,,Populate circuit_artifact_path/circuit_sha256/job_id after actual circuit build/submission.
zz4_H0_zz4_pair_0190,zz4_pair_0190,H0,sampler_unmitigated_baseline,ibm_fez,F_quantum_4,zz4,ZZ4,4,4,Sampler,4096,9,19,off_diagonal,all_qubits_all_zero_probability_for_compute_uncompute_fidelity,ZZ4_compute_uncompute_kernel_pair_circuit,inventory_only_not_submitted,,,No mitigation beyond default primitive behavior; record all default options.,,,Populate circuit_artifact_path/circuit_sha256/job_id after actual circuit build/submission.
zz4_H0_zz4_pair_0191,zz4_pair_0191,H0,sampler_unmitigated_baseline,ibm_fez,F_quantum_4,zz4,ZZ4,4,4,Sampler,4096,9,20,off_diagonal,all_qubits_all_zero_probability_for_compute_uncompute_fidelity,ZZ4_compute_uncompute_kernel_pair_circuit,inventory_only_not_submitted,,,No mitigation beyond default primitive behavior; record all default options.,,,Populate circuit_artifact_path/circuit_sha256/job_id after actual circuit build/submission.
zz4_H0_zz4_pair_0192,zz4_pair_0192,H0,sampler_unmitigated_baseline,ibm_fez,F_quantum_4,zz4,ZZ4,4,4,Sampler,4096,9,21,off_diagonal,all_qubits_all_zero_probability_for_compute_uncompute_fidelity,ZZ4_compute_uncompute_kernel_pair_circuit,inventory_only_not_submitted,,,No mitigation beyond default primitive behavior; record all default options.,,,Populate circuit_artifact_path/circuit_sha256/job_id after actual circuit build/submission.
zz4_H0_zz4_pair_0193,zz4_pair_0193,H0,sampler_unmitigated_baseline,ibm_fez,F_quantum_4,zz4,ZZ4,4,4,Sampler,4096,9,22,off_diagonal,all_qubits_all_zero_probability_for_compute_uncompute_fidelity,ZZ4_compute_uncompute_kernel_pair_circuit,inventory_only_not_submitted,,,No mitigation beyond default primitive behavior; record all default options.,,,Populate circuit_artifact_path/circuit_sha256/job_id after actual circuit build/submission.
zz4_H0_zz4_pair_0194,zz4_pair_0194,H0,sampler_unmitigated_baseline,ibm_fez,F_quantum_4,zz4,ZZ4,4,4,Sampler,4096,9,23,off_diagonal,all_qubits_all_zero_probability_for_compute_uncompute_fidelity,ZZ4_compute_uncompute_kernel_pair_circuit,inventory_only_not_submitted,,,No mitigation beyond default primitive behavior; record all default options.,,,Populate circuit_artifact_path/circuit_sha256/job_id after actual circuit build/submission.
zz4_H0_zz4_pair_0195,zz4_pair_0195,H0,sampler_unmitigated_baseline,ibm_fez,F_quantum_4,zz4,ZZ4,4,4,Sampler,4096,10,10,diagonal,all_qubits_all_zero_probability_for_compute_uncompute_fidelity,ZZ4_compute_uncompute_kernel_pair_circuit,inventory_only_not_submitted,,,No mitigation beyond default primitive behavior; record all default options.,,,Populate circuit_artifact_path/circuit_sha256/job_id after actual circuit build/submission.
zz4_H0_zz4_pair_0196,zz4_pair_0196,H0,sampler_unmitigated_baseline,ibm_fez,F_quantum_4,zz4,ZZ4,4,4,Sampler,4096,10,11,off_diagonal,all_qubits_all_zero_probability_for_compute_uncompute_fidelity,ZZ4_compute_uncompute_kernel_pair_circuit,inventory_only_not_submitted,,,No mitigation beyond default primitive behavior; record all default options.,,,Populate circuit_artifact_path/circuit_sha256/job_id after actual circuit build/submission.
zz4_H0_zz4_pair_0197,zz4_pair_0197,H0,sampler_unmitigated_baseline,ibm_fez,F_quantum_4,zz4,ZZ4,4,4,Sampler,4096,10,12,off_diagonal,all_qubits_all_zero_probability_for_compute_uncompute_fidelity,ZZ4_compute_uncompute_kernel_pair_circuit,inventory_only_not_submitted,,,No mitigation beyond default primitive behavior; record all default options.,,,Populate circuit_artifact_path/circuit_sha256/job_id after actual circuit build/submission.
zz4_H0_zz4_pair_0198,zz4_pair_0198,H0,sampler_unmitigated_baseline,ibm_fez,F_quantum_4,zz4,ZZ4,4,4,Sampler,4096,10,13,off_diagonal,all_qubits_all_zero_probability_for_compute_uncompute_fidelity,ZZ4_compute_uncompute_kernel_pair_circuit,inventory_only_not_submitted,,,No mitigation beyond default primitive behavior; record all default options.,,,Populate circuit_artifact_path/circuit_sha256/job_id after actual circuit build/submission.
zz4_H0_zz4_pair_0199,zz4_pair_0199,H0,sampler_unmitigated_baseline,ibm_fez,F_quantum_4,zz4,ZZ4,4,4,Sampler,4096,10,14,off_diagonal,all_qubits_all_zero_probability_for_compute_uncompute_fidelity,ZZ4_compute_uncompute_kernel_pair_circuit,inventory_only_not_submitted,,,No mitigation beyond default primitive behavior; record all default options.,,,Populate circuit_artifact_path/circuit_sha256/job_id after actual circuit build/submission.
zz4_H0_zz4_pair_0200,zz4_pair_0200,H0,sampler_unmitigated_baseline,ibm_fez,F_quantum_4,zz4,ZZ4,4,4,Sampler,4096,10,15,off_diagonal,all_qubits_all_zero_probability_for_compute_uncompute_fidelity,ZZ4_compute_uncompute_kernel_pair_circuit,inventory_only_not_submitted,,,No mitigation beyond default primitive behavior; record all default options.,,,Populate circuit_artifact_path/circuit_sha256/job_id after actual circuit build/submission.
zz4_H0_zz4_pair_0201,zz4_pair_0201,H0,sampler_unmitigated_baseline,ibm_fez,F_quantum_4,zz4,ZZ4,4,4,Sampler,4096,10,16,off_diagonal,all_qubits_all_zero_probability_for_compute_uncompute_fidelity,ZZ4_compute_uncompute_kernel_pair_circuit,inventory_only_not_submitted,,,No mitigation beyond default primitive behavior; record all default options.,,,Populate circuit_artifact_path/circuit_sha256/job_id after actual circuit build/submission.
zz4_H0_zz4_pair_0202,zz4_pair_0202,H0,sampler_unmitigated_baseline,ibm_fez,F_quantum_4,zz4,ZZ4,4,4,Sampler,4096,10,17,off_diagonal,all_qubits_all_zero_probability_for_compute_uncompute_fidelity,ZZ4_compute_uncompute_kernel_pair_circuit,inventory_only_not_submitted,,,No mitigation beyond default primitive behavior; record all default options.,,,Populate circuit_artifact_path/circuit_sha256/job_id after actual circuit build/submission.
zz4_H0_zz4_pair_0203,zz4_pair_0203,H0,sampler_unmitigated_baseline,ibm_fez,F_quantum_4,zz4,ZZ4,4,4,Sampler,4096,10,18,off_diagonal,all_qubits_all_zero_probability_for_compute_uncompute_fidelity,ZZ4_compute_uncompute_kernel_pair_circuit,inventory_only_not_submitted,,,No mitigation beyond default primitive behavior; record all default options.,,,Populate circuit_artifact_path/circuit_sha256/job_id after actual circuit build/submission.
zz4_H0_zz4_pair_0204,zz4_pair_0204,H0,sampler_unmitigated_baseline,ibm_fez,F_quantum_4,zz4,ZZ4,4,4,Sampler,4096,10,19,off_diagonal,all_qubits_all_zero_probability_for_compute_uncompute_fidelity,ZZ4_compute_uncompute_kernel_pair_circuit,inventory_only_not_submitted,,,No mitigation beyond default primitive behavior; record all default options.,,,Populate circuit_artifact_path/circuit_sha256/job_id after actual circuit build/submission.
zz4_H0_zz4_pair_0205,zz4_pair_0205,H0,sampler_unmitigated_baseline,ibm_fez,F_quantum_4,zz4,ZZ4,4,4,Sampler,4096,10,20,off_diagonal,all_qubits_all_zero_probability_for_compute_uncompute_fidelity,ZZ4_compute_uncompute_kernel_pair_circuit,inventory_only_not_submitted,,,No mitigation beyond default primitive behavior; record all default options.,,,Populate circuit_artifact_path/circuit_sha256/job_id after actual circuit build/submission.
zz4_H0_zz4_pair_0206,zz4_pair_0206,H0,sampler_unmitigated_baseline,ibm_fez,F_quantum_4,zz4,ZZ4,4,4,Sampler,4096,10,21,off_diagonal,all_qubits_all_zero_probability_for_compute_uncompute_fidelity,ZZ4_compute_uncompute_kernel_pair_circuit,inventory_only_not_submitted,,,No mitigation beyond default primitive behavior; record all default options.,,,Populate circuit_artifact_path/circuit_sha256/job_id after actual circuit build/submission.
zz4_H0_zz4_pair_0207,zz4_pair_0207,H0,sampler_unmitigated_baseline,ibm_fez,F_quantum_4,zz4,ZZ4,4,4,Sampler,4096,10,22,off_diagonal,all_qubits_all_zero_probability_for_compute_uncompute_fidelity,ZZ4_compute_uncompute_kernel_pair_circuit,inventory_only_not_submitted,,,No mitigation beyond default primitive behavior; record all default options.,,,Populate circuit_artifact_path/circuit_sha256/job_id after actual circuit build/submission.
zz4_H0_zz4_pair_0208,zz4_pair_0208,H0,sampler_unmitigated_baseline,ibm_fez,F_quantum_4,zz4,ZZ4,4,4,Sampler,4096,10,23,off_diagonal,all_qubits_all_zero_probability_for_compute_uncompute_fidelity,ZZ4_compute_uncompute_kernel_pair_circuit,inventory_only_not_submitted,,,No mitigation beyond default primitive behavior; record all default options.,,,Populate circuit_artifact_path/circuit_sha256/job_id after actual circuit build/submission.
zz4_H0_zz4_pair_0209,zz4_pair_0209,H0,sampler_unmitigated_baseline,ibm_fez,F_quantum_4,zz4,ZZ4,4,4,Sampler,4096,11,11,diagonal,all_qubits_all_zero_probability_for_compute_uncompute_fidelity,ZZ4_compute_uncompute_kernel_pair_circuit,inventory_only_not_submitted,,,No mitigation beyond default primitive behavior; record all default options.,,,Populate circuit_artifact_path/circuit_sha256/job_id after actual circuit build/submission.
zz4_H0_zz4_pair_0210,zz4_pair_0210,H0,sampler_unmitigated_baseline,ibm_fez,F_quantum_4,zz4,ZZ4,4,4,Sampler,4096,11,12,off_diagonal,all_qubits_all_zero_probability_for_compute_uncompute_fidelity,ZZ4_compute_uncompute_kernel_pair_circuit,inventory_only_not_submitted,,,No mitigation beyond default primitive behavior; record all default options.,,,Populate circuit_artifact_path/circuit_sha256/job_id after actual circuit build/submission.
zz4_H0_zz4_pair_0211,zz4_pair_0211,H0,sampler_unmitigated_baseline,ibm_fez,F_quantum_4,zz4,ZZ4,4,4,Sampler,4096,11,13,off_diagonal,all_qubits_all_zero_probability_for_compute_uncompute_fidelity,ZZ4_compute_uncompute_kernel_pair_circuit,inventory_only_not_submitted,,,No mitigation beyond default primitive behavior; record all default options.,,,Populate circuit_artifact_path/circuit_sha256/job_id after actual circuit build/submission.
zz4_H0_zz4_pair_0212,zz4_pair_0212,H0,sampler_unmitigated_baseline,ibm_fez,F_quantum_4,zz4,ZZ4,4,4,Sampler,4096,11,14,off_diagonal,all_qubits_all_zero_probability_for_compute_uncompute_fidelity,ZZ4_compute_uncompute_kernel_pair_circuit,inventory_only_not_submitted,,,No mitigation beyond default primitive behavior; record all default options.,,,Populate circuit_artifact_path/circuit_sha256/job_id after actual circuit build/submission.
zz4_H0_zz4_pair_0213,zz4_pair_0213,H0,sampler_unmitigated_baseline,ibm_fez,F_quantum_4,zz4,ZZ4,4,4,Sampler,4096,11,15,off_diagonal,all_qubits_all_zero_probability_for_compute_uncompute_fidelity,ZZ4_compute_uncompute_kernel_pair_circuit,inventory_only_not_submitted,,,No mitigation beyond default primitive behavior; record all default options.,,,Populate circuit_artifact_path/circuit_sha256/job_id after actual circuit build/submission.
zz4_H0_zz4_pair_0214,zz4_pair_0214,H0,sampler_unmitigated_baseline,ibm_fez,F_quantum_4,zz4,ZZ4,4,4,Sampler,4096,11,16,off_diagonal,all_qubits_all_zero_probability_for_compute_uncompute_fidelity,ZZ4_compute_uncompute_kernel_pair_circuit,inventory_only_not_submitted,,,No mitigation beyond default primitive behavior; record all default options.,,,Populate circuit_artifact_path/circuit_sha256/job_id after actual circuit build/submission.
zz4_H0_zz4_pair_0215,zz4_pair_0215,H0,sampler_unmitigated_baseline,ibm_fez,F_quantum_4,zz4,ZZ4,4,4,Sampler,4096,11,17,off_diagonal,all_qubits_all_zero_probability_for_compute_uncompute_fidelity,ZZ4_compute_uncompute_kernel_pair_circuit,inventory_only_not_submitted,,,No mitigation beyond default primitive behavior; record all default options.,,,Populate circuit_artifact_path/circuit_sha256/job_id after actual circuit build/submission.
zz4_H0_zz4_pair_0216,zz4_pair_0216,H0,sampler_unmitigated_baseline,ibm_fez,F_quantum_4,zz4,ZZ4,4,4,Sampler,4096,11,18,off_diagonal,all_qubits_all_zero_probability_for_compute_uncompute_fidelity,ZZ4_compute_uncompute_kernel_pair_circuit,inventory_only_not_submitted,,,No mitigation beyond default primitive behavior; record all default options.,,,Populate circuit_artifact_path/circuit_sha256/job_id after actual circuit build/submission.
zz4_H0_zz4_pair_0217,zz4_pair_0217,H0,sampler_unmitigated_baseline,ibm_fez,F_quantum_4,zz4,ZZ4,4,4,Sampler,4096,11,19,off_diagonal,all_qubits_all_zero_probability_for_compute_uncompute_fidelity,ZZ4_compute_uncompute_kernel_pair_circuit,inventory_only_not_submitted,,,No mitigation beyond default primitive behavior; record all default options.,,,Populate circuit_artifact_path/circuit_sha256/job_id after actual circuit build/submission.
zz4_H0_zz4_pair_0218,zz4_pair_0218,H0,sampler_unmitigated_baseline,ibm_fez,F_quantum_4,zz4,ZZ4,4,4,Sampler,4096,11,20,off_diagonal,all_qubits_all_zero_probability_for_compute_uncompute_fidelity,ZZ4_compute_uncompute_kernel_pair_circuit,inventory_only_not_submitted,,,No mitigation beyond default primitive behavior; record all default options.,,,Populate circuit_artifact_path/circuit_sha256/job_id after actual circuit build/submission.
zz4_H0_zz4_pair_0219,zz4_pair_0219,H0,sampler_unmitigated_baseline,ibm_fez,F_quantum_4,zz4,ZZ4,4,4,Sampler,4096,11,21,off_diagonal,all_qubits_all_zero_probability_for_compute_uncompute_fidelity,ZZ4_compute_uncompute_kernel_pair_circuit,inventory_only_not_submitted,,,No mitigation beyond default primitive behavior; record all default options.,,,Populate circuit_artifact_path/circuit_sha256/job_id after actual circuit build/submission.
zz4_H0_zz4_pair_0220,zz4_pair_0220,H0,sampler_unmitigated_baseline,ibm_fez,F_quantum_4,zz4,ZZ4,4,4,Sampler,4096,11,22,off_diagonal,all_qubits_all_zero_probability_for_compute_uncompute_fidelity,ZZ4_compute_uncompute_kernel_pair_circuit,inventory_only_not_submitted,,,No mitigation beyond default primitive behavior; record all default options.,,,Populate circuit_artifact_path/circuit_sha256/job_id after actual circuit build/submission.
zz4_H0_zz4_pair_0221,zz4_pair_0221,H0,sampler_unmitigated_baseline,ibm_fez,F_quantum_4,zz4,ZZ4,4,4,Sampler,4096,11,23,off_diagonal,all_qubits_all_zero_probability_for_compute_uncompute_fidelity,ZZ4_compute_uncompute_kernel_pair_circuit,inventory_only_not_submitted,,,No mitigation beyond default primitive behavior; record all default options.,,,Populate circuit_artifact_path/circuit_sha256/job_id after actual circuit build/submission.
zz4_H0_zz4_pair_0222,zz4_pair_0222,H0,sampler_unmitigated_baseline,ibm_fez,F_quantum_4,zz4,ZZ4,4,4,Sampler,4096,12,12,diagonal,all_qubits_all_zero_probability_for_compute_uncompute_fidelity,ZZ4_compute_uncompute_kernel_pair_circuit,inventory_only_not_submitted,,,No mitigation beyond default primitive behavior; record all default options.,,,Populate circuit_artifact_path/circuit_sha256/job_id after actual circuit build/submission.
zz4_H0_zz4_pair_0223,zz4_pair_0223,H0,sampler_unmitigated_baseline,ibm_fez,F_quantum_4,zz4,ZZ4,4,4,Sampler,4096,12,13,off_diagonal,all_qubits_all_zero_probability_for_compute_uncompute_fidelity,ZZ4_compute_uncompute_kernel_pair_circuit,inventory_only_not_submitted,,,No mitigation beyond default primitive behavior; record all default options.,,,Populate circuit_artifact_path/circuit_sha256/job_id after actual circuit build/submission.
zz4_H0_zz4_pair_0224,zz4_pair_0224,H0,sampler_unmitigated_baseline,ibm_fez,F_quantum_4,zz4,ZZ4,4,4,Sampler,4096,12,14,off_diagonal,all_qubits_all_zero_probability_for_compute_uncompute_fidelity,ZZ4_compute_uncompute_kernel_pair_circuit,inventory_only_not_submitted,,,No mitigation beyond default primitive behavior; record all default options.,,,Populate circuit_artifact_path/circuit_sha256/job_id after actual circuit build/submission.
zz4_H0_zz4_pair_0225,zz4_pair_0225,H0,sampler_unmitigated_baseline,ibm_fez,F_quantum_4,zz4,ZZ4,4,4,Sampler,4096,12,15,off_diagonal,all_qubits_all_zero_probability_for_compute_uncompute_fidelity,ZZ4_compute_uncompute_kernel_pair_circuit,inventory_only_not_submitted,,,No mitigation beyond default primitive behavior; record all default options.,,,Populate circuit_artifact_path/circuit_sha256/job_id after actual circuit build/submission.
zz4_H0_zz4_pair_0226,zz4_pair_0226,H0,sampler_unmitigated_baseline,ibm_fez,F_quantum_4,zz4,ZZ4,4,4,Sampler,4096,12,16,off_diagonal,all_qubits_all_zero_probability_for_compute_uncompute_fidelity,ZZ4_compute_uncompute_kernel_pair_circuit,inventory_only_not_submitted,,,No mitigation beyond default primitive behavior; record all default options.,,,Populate circuit_artifact_path/circuit_sha256/job_id after actual circuit build/submission.
zz4_H0_zz4_pair_0227,zz4_pair_0227,H0,sampler_unmitigated_baseline,ibm_fez,F_quantum_4,zz4,ZZ4,4,4,Sampler,4096,12,17,off_diagonal,all_qubits_all_zero_probability_for_compute_uncompute_fidelity,ZZ4_compute_uncompute_kernel_pair_circuit,inventory_only_not_submitted,,,No mitigation beyond default primitive behavior; record all default options.,,,Populate circuit_artifact_path/circuit_sha256/job_id after actual circuit build/submission.
zz4_H0_zz4_pair_0228,zz4_pair_0228,H0,sampler_unmitigated_baseline,ibm_fez,F_quantum_4,zz4,ZZ4,4,4,Sampler,4096,12,18,off_diagonal,all_qubits_all_zero_probability_for_compute_uncompute_fidelity,ZZ4_compute_uncompute_kernel_pair_circuit,inventory_only_not_submitted,,,No mitigation beyond default primitive behavior; record all default options.,,,Populate circuit_artifact_path/circuit_sha256/job_id after actual circuit build/submission.
zz4_H0_zz4_pair_0229,zz4_pair_0229,H0,sampler_unmitigated_baseline,ibm_fez,F_quantum_4,zz4,ZZ4,4,4,Sampler,4096,12,19,off_diagonal,all_qubits_all_zero_probability_for_compute_uncompute_fidelity,ZZ4_compute_uncompute_kernel_pair_circuit,inventory_only_not_submitted,,,No mitigation beyond default primitive behavior; record all default options.,,,Populate circuit_artifact_path/circuit_sha256/job_id after actual circuit build/submission.
zz4_H0_zz4_pair_0230,zz4_pair_0230,H0,sampler_unmitigated_baseline,ibm_fez,F_quantum_4,zz4,ZZ4,4,4,Sampler,4096,12,20,off_diagonal,all_qubits_all_zero_probability_for_compute_uncompute_fidelity,ZZ4_compute_uncompute_kernel_pair_circuit,inventory_only_not_submitted,,,No mitigation beyond default primitive behavior; record all default options.,,,Populate circuit_artifact_path/circuit_sha256/job_id after actual circuit build/submission.
zz4_H0_zz4_pair_0231,zz4_pair_0231,H0,sampler_unmitigated_baseline,ibm_fez,F_quantum_4,zz4,ZZ4,4,4,Sampler,4096,12,21,off_diagonal,all_qubits_all_zero_probability_for_compute_uncompute_fidelity,ZZ4_compute_uncompute_kernel_pair_circuit,inventory_only_not_submitted,,,No mitigation beyond default primitive behavior; record all default options.,,,Populate circuit_artifact_path/circuit_sha256/job_id after actual circuit build/submission.
zz4_H0_zz4_pair_0232,zz4_pair_0232,H0,sampler_unmitigated_baseline,ibm_fez,F_quantum_4,zz4,ZZ4,4,4,Sampler,4096,12,22,off_diagonal,all_qubits_all_zero_probability_for_compute_uncompute_fidelity,ZZ4_compute_uncompute_kernel_pair_circuit,inventory_only_not_submitted,,,No mitigation beyond default primitive behavior; record all default options.,,,Populate circuit_artifact_path/circuit_sha256/job_id after actual circuit build/submission.
zz4_H0_zz4_pair_0233,zz4_pair_0233,H0,sampler_unmitigated_baseline,ibm_fez,F_quantum_4,zz4,ZZ4,4,4,Sampler,4096,12,23,off_diagonal,all_qubits_all_zero_probability_for_compute_uncompute_fidelity,ZZ4_compute_uncompute_kernel_pair_circuit,inventory_only_not_submitted,,,No mitigation beyond default primitive behavior; record all default options.,,,Populate circuit_artifact_path/circuit_sha256/job_id after actual circuit build/submission.
zz4_H0_zz4_pair_0234,zz4_pair_0234,H0,sampler_unmitigated_baseline,ibm_fez,F_quantum_4,zz4,ZZ4,4,4,Sampler,4096,13,13,diagonal,all_qubits_all_zero_probability_for_compute_uncompute_fidelity,ZZ4_compute_uncompute_kernel_pair_circuit,inventory_only_not_submitted,,,No mitigation beyond default primitive behavior; record all default options.,,,Populate circuit_artifact_path/circuit_sha256/job_id after actual circuit build/submission.
zz4_H0_zz4_pair_0235,zz4_pair_0235,H0,sampler_unmitigated_baseline,ibm_fez,F_quantum_4,zz4,ZZ4,4,4,Sampler,4096,13,14,off_diagonal,all_qubits_all_zero_probability_for_compute_uncompute_fidelity,ZZ4_compute_uncompute_kernel_pair_circuit,inventory_only_not_submitted,,,No mitigation beyond default primitive behavior; record all default options.,,,Populate circuit_artifact_path/circuit_sha256/job_id after actual circuit build/submission.
zz4_H0_zz4_pair_0236,zz4_pair_0236,H0,sampler_unmitigated_baseline,ibm_fez,F_quantum_4,zz4,ZZ4,4,4,Sampler,4096,13,15,off_diagonal,all_qubits_all_zero_probability_for_compute_uncompute_fidelity,ZZ4_compute_uncompute_kernel_pair_circuit,inventory_only_not_submitted,,,No mitigation beyond default primitive behavior; record all default options.,,,Populate circuit_artifact_path/circuit_sha256/job_id after actual circuit build/submission.
zz4_H0_zz4_pair_0237,zz4_pair_0237,H0,sampler_unmitigated_baseline,ibm_fez,F_quantum_4,zz4,ZZ4,4,4,Sampler,4096,13,16,off_diagonal,all_qubits_all_zero_probability_for_compute_uncompute_fidelity,ZZ4_compute_uncompute_kernel_pair_circuit,inventory_only_not_submitted,,,No mitigation beyond default primitive behavior; record all default options.,,,Populate circuit_artifact_path/circuit_sha256/job_id after actual circuit build/submission.
zz4_H0_zz4_pair_0238,zz4_pair_0238,H0,sampler_unmitigated_baseline,ibm_fez,F_quantum_4,zz4,ZZ4,4,4,Sampler,4096,13,17,off_diagonal,all_qubits_all_zero_probability_for_compute_uncompute_fidelity,ZZ4_compute_uncompute_kernel_pair_circuit,inventory_only_not_submitted,,,No mitigation beyond default primitive behavior; record all default options.,,,Populate circuit_artifact_path/circuit_sha256/job_id after actual circuit build/submission.
zz4_H0_zz4_pair_0239,zz4_pair_0239,H0,sampler_unmitigated_baseline,ibm_fez,F_quantum_4,zz4,ZZ4,4,4,Sampler,4096,13,18,off_diagonal,all_qubits_all_zero_probability_for_compute_uncompute_fidelity,ZZ4_compute_uncompute_kernel_pair_circuit,inventory_only_not_submitted,,,No mitigation beyond default primitive behavior; record all default options.,,,Populate circuit_artifact_path/circuit_sha256/job_id after actual circuit build/submission.
zz4_H0_zz4_pair_0240,zz4_pair_0240,H0,sampler_unmitigated_baseline,ibm_fez,F_quantum_4,zz4,ZZ4,4,4,Sampler,4096,13,19,off_diagonal,all_qubits_all_zero_probability_for_compute_uncompute_fidelity,ZZ4_compute_uncompute_kernel_pair_circuit,inventory_only_not_submitted,,,No mitigation beyond default primitive behavior; record all default options.,,,Populate circuit_artifact_path/circuit_sha256/job_id after actual circuit build/submission.
zz4_H0_zz4_pair_0241,zz4_pair_0241,H0,sampler_unmitigated_baseline,ibm_fez,F_quantum_4,zz4,ZZ4,4,4,Sampler,4096,13,20,off_diagonal,all_qubits_all_zero_probability_for_compute_uncompute_fidelity,ZZ4_compute_uncompute_kernel_pair_circuit,inventory_only_not_submitted,,,No mitigation beyond default primitive behavior; record all default options.,,,Populate circuit_artifact_path/circuit_sha256/job_id after actual circuit build/submission.
zz4_H0_zz4_pair_0242,zz4_pair_0242,H0,sampler_unmitigated_baseline,ibm_fez,F_quantum_4,zz4,ZZ4,4,4,Sampler,4096,13,21,off_diagonal,all_qubits_all_zero_probability_for_compute_uncompute_fidelity,ZZ4_compute_uncompute_kernel_pair_circuit,inventory_only_not_submitted,,,No mitigation beyond default primitive behavior; record all default options.,,,Populate circuit_artifact_path/circuit_sha256/job_id after actual circuit build/submission.
zz4_H0_zz4_pair_0243,zz4_pair_0243,H0,sampler_unmitigated_baseline,ibm_fez,F_quantum_4,zz4,ZZ4,4,4,Sampler,4096,13,22,off_diagonal,all_qubits_all_zero_probability_for_compute_uncompute_fidelity,ZZ4_compute_uncompute_kernel_pair_circuit,inventory_only_not_submitted,,,No mitigation beyond default primitive behavior; record all default options.,,,Populate circuit_artifact_path/circuit_sha256/job_id after actual circuit build/submission.
zz4_H0_zz4_pair_0244,zz4_pair_0244,H0,sampler_unmitigated_baseline,ibm_fez,F_quantum_4,zz4,ZZ4,4,4,Sampler,4096,13,23,off_diagonal,all_qubits_all_zero_probability_for_compute_uncompute_fidelity,ZZ4_compute_uncompute_kernel_pair_circuit,inventory_only_not_submitted,,,No mitigation beyond default primitive behavior; record all default options.,,,Populate circuit_artifact_path/circuit_sha256/job_id after actual circuit build/submission.
zz4_H0_zz4_pair_0245,zz4_pair_0245,H0,sampler_unmitigated_baseline,ibm_fez,F_quantum_4,zz4,ZZ4,4,4,Sampler,4096,14,14,diagonal,all_qubits_all_zero_probability_for_compute_uncompute_fidelity,ZZ4_compute_uncompute_kernel_pair_circuit,inventory_only_not_submitted,,,No mitigation beyond default primitive behavior; record all default options.,,,Populate circuit_artifact_path/circuit_sha256/job_id after actual circuit build/submission.
zz4_H0_zz4_pair_0246,zz4_pair_0246,H0,sampler_unmitigated_baseline,ibm_fez,F_quantum_4,zz4,ZZ4,4,4,Sampler,4096,14,15,off_diagonal,all_qubits_all_zero_probability_for_compute_uncompute_fidelity,ZZ4_compute_uncompute_kernel_pair_circuit,inventory_only_not_submitted,,,No mitigation beyond default primitive behavior; record all default options.,,,Populate circuit_artifact_path/circuit_sha256/job_id after actual circuit build/submission.
zz4_H0_zz4_pair_0247,zz4_pair_0247,H0,sampler_unmitigated_baseline,ibm_fez,F_quantum_4,zz4,ZZ4,4,4,Sampler,4096,14,16,off_diagonal,all_qubits_all_zero_probability_for_compute_uncompute_fidelity,ZZ4_compute_uncompute_kernel_pair_circuit,inventory_only_not_submitted,,,No mitigation beyond default primitive behavior; record all default options.,,,Populate circuit_artifact_path/circuit_sha256/job_id after actual circuit build/submission.
zz4_H0_zz4_pair_0248,zz4_pair_0248,H0,sampler_unmitigated_baseline,ibm_fez,F_quantum_4,zz4,ZZ4,4,4,Sampler,4096,14,17,off_diagonal,all_qubits_all_zero_probability_for_compute_uncompute_fidelity,ZZ4_compute_uncompute_kernel_pair_circuit,inventory_only_not_submitted,,,No mitigation beyond default primitive behavior; record all default options.,,,Populate circuit_artifact_path/circuit_sha256/job_id after actual circuit build/submission.
zz4_H0_zz4_pair_0249,zz4_pair_0249,H0,sampler_unmitigated_baseline,ibm_fez,F_quantum_4,zz4,ZZ4,4,4,Sampler,4096,14,18,off_diagonal,all_qubits_all_zero_probability_for_compute_uncompute_fidelity,ZZ4_compute_uncompute_kernel_pair_circuit,inventory_only_not_submitted,,,No mitigation beyond default primitive behavior; record all default options.,,,Populate circuit_artifact_path/circuit_sha256/job_id after actual circuit build/submission.
zz4_H0_zz4_pair_0250,zz4_pair_0250,H0,sampler_unmitigated_baseline,ibm_fez,F_quantum_4,zz4,ZZ4,4,4,Sampler,4096,14,19,off_diagonal,all_qubits_all_zero_probability_for_compute_uncompute_fidelity,ZZ4_compute_uncompute_kernel_pair_circuit,inventory_only_not_submitted,,,No mitigation beyond default primitive behavior; record all default options.,,,Populate circuit_artifact_path/circuit_sha256/job_id after actual circuit build/submission.
zz4_H0_zz4_pair_0251,zz4_pair_0251,H0,sampler_unmitigated_baseline,ibm_fez,F_quantum_4,zz4,ZZ4,4,4,Sampler,4096,14,20,off_diagonal,all_qubits_all_zero_probability_for_compute_uncompute_fidelity,ZZ4_compute_uncompute_kernel_pair_circuit,inventory_only_not_submitted,,,No mitigation beyond default primitive behavior; record all default options.,,,Populate circuit_artifact_path/circuit_sha256/job_id after actual circuit build/submission.
zz4_H0_zz4_pair_0252,zz4_pair_0252,H0,sampler_unmitigated_baseline,ibm_fez,F_quantum_4,zz4,ZZ4,4,4,Sampler,4096,14,21,off_diagonal,all_qubits_all_zero_probability_for_compute_uncompute_fidelity,ZZ4_compute_uncompute_kernel_pair_circuit,inventory_only_not_submitted,,,No mitigation beyond default primitive behavior; record all default options.,,,Populate circuit_artifact_path/circuit_sha256/job_id after actual circuit build/submission.
zz4_H0_zz4_pair_0253,zz4_pair_0253,H0,sampler_unmitigated_baseline,ibm_fez,F_quantum_4,zz4,ZZ4,4,4,Sampler,4096,14,22,off_diagonal,all_qubits_all_zero_probability_for_compute_uncompute_fidelity,ZZ4_compute_uncompute_kernel_pair_circuit,inventory_only_not_submitted,,,No mitigation beyond default primitive behavior; record all default options.,,,Populate circuit_artifact_path/circuit_sha256/job_id after actual circuit build/submission.
zz4_H0_zz4_pair_0254,zz4_pair_0254,H0,sampler_unmitigated_baseline,ibm_fez,F_quantum_4,zz4,ZZ4,4,4,Sampler,4096,14,23,off_diagonal,all_qubits_all_zero_probability_for_compute_uncompute_fidelity,ZZ4_compute_uncompute_kernel_pair_circuit,inventory_only_not_submitted,,,No mitigation beyond default primitive behavior; record all default options.,,,Populate circuit_artifact_path/circuit_sha256/job_id after actual circuit build/submission.
zz4_H0_zz4_pair_0255,zz4_pair_0255,H0,sampler_unmitigated_baseline,ibm_fez,F_quantum_4,zz4,ZZ4,4,4,Sampler,4096,15,15,diagonal,all_qubits_all_zero_probability_for_compute_uncompute_fidelity,ZZ4_compute_uncompute_kernel_pair_circuit,inventory_only_not_submitted,,,No mitigation beyond default primitive behavior; record all default options.,,,Populate circuit_artifact_path/circuit_sha256/job_id after actual circuit build/submission.
zz4_H0_zz4_pair_0256,zz4_pair_0256,H0,sampler_unmitigated_baseline,ibm_fez,F_quantum_4,zz4,ZZ4,4,4,Sampler,4096,15,16,off_diagonal,all_qubits_all_zero_probability_for_compute_uncompute_fidelity,ZZ4_compute_uncompute_kernel_pair_circuit,inventory_only_not_submitted,,,No mitigation beyond default primitive behavior; record all default options.,,,Populate circuit_artifact_path/circuit_sha256/job_id after actual circuit build/submission.
zz4_H0_zz4_pair_0257,zz4_pair_0257,H0,sampler_unmitigated_baseline,ibm_fez,F_quantum_4,zz4,ZZ4,4,4,Sampler,4096,15,17,off_diagonal,all_qubits_all_zero_probability_for_compute_uncompute_fidelity,ZZ4_compute_uncompute_kernel_pair_circuit,inventory_only_not_submitted,,,No mitigation beyond default primitive behavior; record all default options.,,,Populate circuit_artifact_path/circuit_sha256/job_id after actual circuit build/submission.
zz4_H0_zz4_pair_0258,zz4_pair_0258,H0,sampler_unmitigated_baseline,ibm_fez,F_quantum_4,zz4,ZZ4,4,4,Sampler,4096,15,18,off_diagonal,all_qubits_all_zero_probability_for_compute_uncompute_fidelity,ZZ4_compute_uncompute_kernel_pair_circuit,inventory_only_not_submitted,,,No mitigation beyond default primitive behavior; record all default options.,,,Populate circuit_artifact_path/circuit_sha256/job_id after actual circuit build/submission.
zz4_H0_zz4_pair_0259,zz4_pair_0259,H0,sampler_unmitigated_baseline,ibm_fez,F_quantum_4,zz4,ZZ4,4,4,Sampler,4096,15,19,off_diagonal,all_qubits_all_zero_probability_for_compute_uncompute_fidelity,ZZ4_compute_uncompute_kernel_pair_circuit,inventory_only_not_submitted,,,No mitigation beyond default primitive behavior; record all default options.,,,Populate circuit_artifact_path/circuit_sha256/job_id after actual circuit build/submission.
zz4_H0_zz4_pair_0260,zz4_pair_0260,H0,sampler_unmitigated_baseline,ibm_fez,F_quantum_4,zz4,ZZ4,4,4,Sampler,4096,15,20,off_diagonal,all_qubits_all_zero_probability_for_compute_uncompute_fidelity,ZZ4_compute_uncompute_kernel_pair_circuit,inventory_only_not_submitted,,,No mitigation beyond default primitive behavior; record all default options.,,,Populate circuit_artifact_path/circuit_sha256/job_id after actual circuit build/submission.
zz4_H0_zz4_pair_0261,zz4_pair_0261,H0,sampler_unmitigated_baseline,ibm_fez,F_quantum_4,zz4,ZZ4,4,4,Sampler,4096,15,21,off_diagonal,all_qubits_all_zero_probability_for_compute_uncompute_fidelity,ZZ4_compute_uncompute_kernel_pair_circuit,inventory_only_not_submitted,,,No mitigation beyond default primitive behavior; record all default options.,,,Populate circuit_artifact_path/circuit_sha256/job_id after actual circuit build/submission.
zz4_H0_zz4_pair_0262,zz4_pair_0262,H0,sampler_unmitigated_baseline,ibm_fez,F_quantum_4,zz4,ZZ4,4,4,Sampler,4096,15,22,off_diagonal,all_qubits_all_zero_probability_for_compute_uncompute_fidelity,ZZ4_compute_uncompute_kernel_pair_circuit,inventory_only_not_submitted,,,No mitigation beyond default primitive behavior; record all default options.,,,Populate circuit_artifact_path/circuit_sha256/job_id after actual circuit build/submission.
zz4_H0_zz4_pair_0263,zz4_pair_0263,H0,sampler_unmitigated_baseline,ibm_fez,F_quantum_4,zz4,ZZ4,4,4,Sampler,4096,15,23,off_diagonal,all_qubits_all_zero_probability_for_compute_uncompute_fidelity,ZZ4_compute_uncompute_kernel_pair_circuit,inventory_only_not_submitted,,,No mitigation beyond default primitive behavior; record all default options.,,,Populate circuit_artifact_path/circuit_sha256/job_id after actual circuit build/submission.
zz4_H0_zz4_pair_0264,zz4_pair_0264,H0,sampler_unmitigated_baseline,ibm_fez,F_quantum_4,zz4,ZZ4,4,4,Sampler,4096,16,16,diagonal,all_qubits_all_zero_probability_for_compute_uncompute_fidelity,ZZ4_compute_uncompute_kernel_pair_circuit,inventory_only_not_submitted,,,No mitigation beyond default primitive behavior; record all default options.,,,Populate circuit_artifact_path/circuit_sha256/job_id after actual circuit build/submission.
zz4_H0_zz4_pair_0265,zz4_pair_0265,H0,sampler_unmitigated_baseline,ibm_fez,F_quantum_4,zz4,ZZ4,4,4,Sampler,4096,16,17,off_diagonal,all_qubits_all_zero_probability_for_compute_uncompute_fidelity,ZZ4_compute_uncompute_kernel_pair_circuit,inventory_only_not_submitted,,,No mitigation beyond default primitive behavior; record all default options.,,,Populate circuit_artifact_path/circuit_sha256/job_id after actual circuit build/submission.
zz4_H0_zz4_pair_0266,zz4_pair_0266,H0,sampler_unmitigated_baseline,ibm_fez,F_quantum_4,zz4,ZZ4,4,4,Sampler,4096,16,18,off_diagonal,all_qubits_all_zero_probability_for_compute_uncompute_fidelity,ZZ4_compute_uncompute_kernel_pair_circuit,inventory_only_not_submitted,,,No mitigation beyond default primitive behavior; record all default options.,,,Populate circuit_artifact_path/circuit_sha256/job_id after actual circuit build/submission.
zz4_H0_zz4_pair_0267,zz4_pair_0267,H0,sampler_unmitigated_baseline,ibm_fez,F_quantum_4,zz4,ZZ4,4,4,Sampler,4096,16,19,off_diagonal,all_qubits_all_zero_probability_for_compute_uncompute_fidelity,ZZ4_compute_uncompute_kernel_pair_circuit,inventory_only_not_submitted,,,No mitigation beyond default primitive behavior; record all default options.,,,Populate circuit_artifact_path/circuit_sha256/job_id after actual circuit build/submission.
zz4_H0_zz4_pair_0268,zz4_pair_0268,H0,sampler_unmitigated_baseline,ibm_fez,F_quantum_4,zz4,ZZ4,4,4,Sampler,4096,16,20,off_diagonal,all_qubits_all_zero_probability_for_compute_uncompute_fidelity,ZZ4_compute_uncompute_kernel_pair_circuit,inventory_only_not_submitted,,,No mitigation beyond default primitive behavior; record all default options.,,,Populate circuit_artifact_path/circuit_sha256/job_id after actual circuit build/submission.
zz4_H0_zz4_pair_0269,zz4_pair_0269,H0,sampler_unmitigated_baseline,ibm_fez,F_quantum_4,zz4,ZZ4,4,4,Sampler,4096,16,21,off_diagonal,all_qubits_all_zero_probability_for_compute_uncompute_fidelity,ZZ4_compute_uncompute_kernel_pair_circuit,inventory_only_not_submitted,,,No mitigation beyond default primitive behavior; record all default options.,,,Populate circuit_artifact_path/circuit_sha256/job_id after actual circuit build/submission.
zz4_H0_zz4_pair_0270,zz4_pair_0270,H0,sampler_unmitigated_baseline,ibm_fez,F_quantum_4,zz4,ZZ4,4,4,Sampler,4096,16,22,off_diagonal,all_qubits_all_zero_probability_for_compute_uncompute_fidelity,ZZ4_compute_uncompute_kernel_pair_circuit,inventory_only_not_submitted,,,No mitigation beyond default primitive behavior; record all default options.,,,Populate circuit_artifact_path/circuit_sha256/job_id after actual circuit build/submission.
zz4_H0_zz4_pair_0271,zz4_pair_0271,H0,sampler_unmitigated_baseline,ibm_fez,F_quantum_4,zz4,ZZ4,4,4,Sampler,4096,16,23,off_diagonal,all_qubits_all_zero_probability_for_compute_uncompute_fidelity,ZZ4_compute_uncompute_kernel_pair_circuit,inventory_only_not_submitted,,,No mitigation beyond default primitive behavior; record all default options.,,,Populate circuit_artifact_path/circuit_sha256/job_id after actual circuit build/submission.
zz4_H0_zz4_pair_0272,zz4_pair_0272,H0,sampler_unmitigated_baseline,ibm_fez,F_quantum_4,zz4,ZZ4,4,4,Sampler,4096,17,17,diagonal,all_qubits_all_zero_probability_for_compute_uncompute_fidelity,ZZ4_compute_uncompute_kernel_pair_circuit,inventory_only_not_submitted,,,No mitigation beyond default primitive behavior; record all default options.,,,Populate circuit_artifact_path/circuit_sha256/job_id after actual circuit build/submission.
zz4_H0_zz4_pair_0273,zz4_pair_0273,H0,sampler_unmitigated_baseline,ibm_fez,F_quantum_4,zz4,ZZ4,4,4,Sampler,4096,17,18,off_diagonal,all_qubits_all_zero_probability_for_compute_uncompute_fidelity,ZZ4_compute_uncompute_kernel_pair_circuit,inventory_only_not_submitted,,,No mitigation beyond default primitive behavior; record all default options.,,,Populate circuit_artifact_path/circuit_sha256/job_id after actual circuit build/submission.
zz4_H0_zz4_pair_0274,zz4_pair_0274,H0,sampler_unmitigated_baseline,ibm_fez,F_quantum_4,zz4,ZZ4,4,4,Sampler,4096,17,19,off_diagonal,all_qubits_all_zero_probability_for_compute_uncompute_fidelity,ZZ4_compute_uncompute_kernel_pair_circuit,inventory_only_not_submitted,,,No mitigation beyond default primitive behavior; record all default options.,,,Populate circuit_artifact_path/circuit_sha256/job_id after actual circuit build/submission.
zz4_H0_zz4_pair_0275,zz4_pair_0275,H0,sampler_unmitigated_baseline,ibm_fez,F_quantum_4,zz4,ZZ4,4,4,Sampler,4096,17,20,off_diagonal,all_qubits_all_zero_probability_for_compute_uncompute_fidelity,ZZ4_compute_uncompute_kernel_pair_circuit,inventory_only_not_submitted,,,No mitigation beyond default primitive behavior; record all default options.,,,Populate circuit_artifact_path/circuit_sha256/job_id after actual circuit build/submission.
zz4_H0_zz4_pair_0276,zz4_pair_0276,H0,sampler_unmitigated_baseline,ibm_fez,F_quantum_4,zz4,ZZ4,4,4,Sampler,4096,17,21,off_diagonal,all_qubits_all_zero_probability_for_compute_uncompute_fidelity,ZZ4_compute_uncompute_kernel_pair_circuit,inventory_only_not_submitted,,,No mitigation beyond default primitive behavior; record all default options.,,,Populate circuit_artifact_path/circuit_sha256/job_id after actual circuit build/submission.
zz4_H0_zz4_pair_0277,zz4_pair_0277,H0,sampler_unmitigated_baseline,ibm_fez,F_quantum_4,zz4,ZZ4,4,4,Sampler,4096,17,22,off_diagonal,all_qubits_all_zero_probability_for_compute_uncompute_fidelity,ZZ4_compute_uncompute_kernel_pair_circuit,inventory_only_not_submitted,,,No mitigation beyond default primitive behavior; record all default options.,,,Populate circuit_artifact_path/circuit_sha256/job_id after actual circuit build/submission.
zz4_H0_zz4_pair_0278,zz4_pair_0278,H0,sampler_unmitigated_baseline,ibm_fez,F_quantum_4,zz4,ZZ4,4,4,Sampler,4096,17,23,off_diagonal,all_qubits_all_zero_probability_for_compute_uncompute_fidelity,ZZ4_compute_uncompute_kernel_pair_circuit,inventory_only_not_submitted,,,No mitigation beyond default primitive behavior; record all default options.,,,Populate circuit_artifact_path/circuit_sha256/job_id after actual circuit build/submission.
zz4_H0_zz4_pair_0279,zz4_pair_0279,H0,sampler_unmitigated_baseline,ibm_fez,F_quantum_4,zz4,ZZ4,4,4,Sampler,4096,18,18,diagonal,all_qubits_all_zero_probability_for_compute_uncompute_fidelity,ZZ4_compute_uncompute_kernel_pair_circuit,inventory_only_not_submitted,,,No mitigation beyond default primitive behavior; record all default options.,,,Populate circuit_artifact_path/circuit_sha256/job_id after actual circuit build/submission.
zz4_H0_zz4_pair_0280,zz4_pair_0280,H0,sampler_unmitigated_baseline,ibm_fez,F_quantum_4,zz4,ZZ4,4,4,Sampler,4096,18,19,off_diagonal,all_qubits_all_zero_probability_for_compute_uncompute_fidelity,ZZ4_compute_uncompute_kernel_pair_circuit,inventory_only_not_submitted,,,No mitigation beyond default primitive behavior; record all default options.,,,Populate circuit_artifact_path/circuit_sha256/job_id after actual circuit build/submission.
zz4_H0_zz4_pair_0281,zz4_pair_0281,H0,sampler_unmitigated_baseline,ibm_fez,F_quantum_4,zz4,ZZ4,4,4,Sampler,4096,18,20,off_diagonal,all_qubits_all_zero_probability_for_compute_uncompute_fidelity,ZZ4_compute_uncompute_kernel_pair_circuit,inventory_only_not_submitted,,,No mitigation beyond default primitive behavior; record all default options.,,,Populate circuit_artifact_path/circuit_sha256/job_id after actual circuit build/submission.
zz4_H0_zz4_pair_0282,zz4_pair_0282,H0,sampler_unmitigated_baseline,ibm_fez,F_quantum_4,zz4,ZZ4,4,4,Sampler,4096,18,21,off_diagonal,all_qubits_all_zero_probability_for_compute_uncompute_fidelity,ZZ4_compute_uncompute_kernel_pair_circuit,inventory_only_not_submitted,,,No mitigation beyond default primitive behavior; record all default options.,,,Populate circuit_artifact_path/circuit_sha256/job_id after actual circuit build/submission.
zz4_H0_zz4_pair_0283,zz4_pair_0283,H0,sampler_unmitigated_baseline,ibm_fez,F_quantum_4,zz4,ZZ4,4,4,Sampler,4096,18,22,off_diagonal,all_qubits_all_zero_probability_for_compute_uncompute_fidelity,ZZ4_compute_uncompute_kernel_pair_circuit,inventory_only_not_submitted,,,No mitigation beyond default primitive behavior; record all default options.,,,Populate circuit_artifact_path/circuit_sha256/job_id after actual circuit build/submission.
zz4_H0_zz4_pair_0284,zz4_pair_0284,H0,sampler_unmitigated_baseline,ibm_fez,F_quantum_4,zz4,ZZ4,4,4,Sampler,4096,18,23,off_diagonal,all_qubits_all_zero_probability_for_compute_uncompute_fidelity,ZZ4_compute_uncompute_kernel_pair_circuit,inventory_only_not_submitted,,,No mitigation beyond default primitive behavior; record all default options.,,,Populate circuit_artifact_path/circuit_sha256/job_id after actual circuit build/submission.
zz4_H0_zz4_pair_0285,zz4_pair_0285,H0,sampler_unmitigated_baseline,ibm_fez,F_quantum_4,zz4,ZZ4,4,4,Sampler,4096,19,19,diagonal,all_qubits_all_zero_probability_for_compute_uncompute_fidelity,ZZ4_compute_uncompute_kernel_pair_circuit,inventory_only_not_submitted,,,No mitigation beyond default primitive behavior; record all default options.,,,Populate circuit_artifact_path/circuit_sha256/job_id after actual circuit build/submission.
zz4_H0_zz4_pair_0286,zz4_pair_0286,H0,sampler_unmitigated_baseline,ibm_fez,F_quantum_4,zz4,ZZ4,4,4,Sampler,4096,19,20,off_diagonal,all_qubits_all_zero_probability_for_compute_uncompute_fidelity,ZZ4_compute_uncompute_kernel_pair_circuit,inventory_only_not_submitted,,,No mitigation beyond default primitive behavior; record all default options.,,,Populate circuit_artifact_path/circuit_sha256/job_id after actual circuit build/submission.
zz4_H0_zz4_pair_0287,zz4_pair_0287,H0,sampler_unmitigated_baseline,ibm_fez,F_quantum_4,zz4,ZZ4,4,4,Sampler,4096,19,21,off_diagonal,all_qubits_all_zero_probability_for_compute_uncompute_fidelity,ZZ4_compute_uncompute_kernel_pair_circuit,inventory_only_not_submitted,,,No mitigation beyond default primitive behavior; record all default options.,,,Populate circuit_artifact_path/circuit_sha256/job_id after actual circuit build/submission.
zz4_H0_zz4_pair_0288,zz4_pair_0288,H0,sampler_unmitigated_baseline,ibm_fez,F_quantum_4,zz4,ZZ4,4,4,Sampler,4096,19,22,off_diagonal,all_qubits_all_zero_probability_for_compute_uncompute_fidelity,ZZ4_compute_uncompute_kernel_pair_circuit,inventory_only_not_submitted,,,No mitigation beyond default primitive behavior; record all default options.,,,Populate circuit_artifact_path/circuit_sha256/job_id after actual circuit build/submission.
zz4_H0_zz4_pair_0289,zz4_pair_0289,H0,sampler_unmitigated_baseline,ibm_fez,F_quantum_4,zz4,ZZ4,4,4,Sampler,4096,19,23,off_diagonal,all_qubits_all_zero_probability_for_compute_uncompute_fidelity,ZZ4_compute_uncompute_kernel_pair_circuit,inventory_only_not_submitted,,,No mitigation beyond default primitive behavior; record all default options.,,,Populate circuit_artifact_path/circuit_sha256/job_id after actual circuit build/submission.
zz4_H0_zz4_pair_0290,zz4_pair_0290,H0,sampler_unmitigated_baseline,ibm_fez,F_quantum_4,zz4,ZZ4,4,4,Sampler,4096,20,20,diagonal,all_qubits_all_zero_probability_for_compute_uncompute_fidelity,ZZ4_compute_uncompute_kernel_pair_circuit,inventory_only_not_submitted,,,No mitigation beyond default primitive behavior; record all default options.,,,Populate circuit_artifact_path/circuit_sha256/job_id after actual circuit build/submission.
zz4_H0_zz4_pair_0291,zz4_pair_0291,H0,sampler_unmitigated_baseline,ibm_fez,F_quantum_4,zz4,ZZ4,4,4,Sampler,4096,20,21,off_diagonal,all_qubits_all_zero_probability_for_compute_uncompute_fidelity,ZZ4_compute_uncompute_kernel_pair_circuit,inventory_only_not_submitted,,,No mitigation beyond default primitive behavior; record all default options.,,,Populate circuit_artifact_path/circuit_sha256/job_id after actual circuit build/submission.
zz4_H0_zz4_pair_0292,zz4_pair_0292,H0,sampler_unmitigated_baseline,ibm_fez,F_quantum_4,zz4,ZZ4,4,4,Sampler,4096,20,22,off_diagonal,all_qubits_all_zero_probability_for_compute_uncompute_fidelity,ZZ4_compute_uncompute_kernel_pair_circuit,inventory_only_not_submitted,,,No mitigation beyond default primitive behavior; record all default options.,,,Populate circuit_artifact_path/circuit_sha256/job_id after actual circuit build/submission.
zz4_H0_zz4_pair_0293,zz4_pair_0293,H0,sampler_unmitigated_baseline,ibm_fez,F_quantum_4,zz4,ZZ4,4,4,Sampler,4096,20,23,off_diagonal,all_qubits_all_zero_probability_for_compute_uncompute_fidelity,ZZ4_compute_uncompute_kernel_pair_circuit,inventory_only_not_submitted,,,No mitigation beyond default primitive behavior; record all default options.,,,Populate circuit_artifact_path/circuit_sha256/job_id after actual circuit build/submission.
zz4_H0_zz4_pair_0294,zz4_pair_0294,H0,sampler_unmitigated_baseline,ibm_fez,F_quantum_4,zz4,ZZ4,4,4,Sampler,4096,21,21,diagonal,all_qubits_all_zero_probability_for_compute_uncompute_fidelity,ZZ4_compute_uncompute_kernel_pair_circuit,inventory_only_not_submitted,,,No mitigation beyond default primitive behavior; record all default options.,,,Populate circuit_artifact_path/circuit_sha256/job_id after actual circuit build/submission.
zz4_H0_zz4_pair_0295,zz4_pair_0295,H0,sampler_unmitigated_baseline,ibm_fez,F_quantum_4,zz4,ZZ4,4,4,Sampler,4096,21,22,off_diagonal,all_qubits_all_zero_probability_for_compute_uncompute_fidelity,ZZ4_compute_uncompute_kernel_pair_circuit,inventory_only_not_submitted,,,No mitigation beyond default primitive behavior; record all default options.,,,Populate circuit_artifact_path/circuit_sha256/job_id after actual circuit build/submission.
zz4_H0_zz4_pair_0296,zz4_pair_0296,H0,sampler_unmitigated_baseline,ibm_fez,F_quantum_4,zz4,ZZ4,4,4,Sampler,4096,21,23,off_diagonal,all_qubits_all_zero_probability_for_compute_uncompute_fidelity,ZZ4_compute_uncompute_kernel_pair_circuit,inventory_only_not_submitted,,,No mitigation beyond default primitive behavior; record all default options.,,,Populate circuit_artifact_path/circuit_sha256/job_id after actual circuit build/submission.
zz4_H0_zz4_pair_0297,zz4_pair_0297,H0,sampler_unmitigated_baseline,ibm_fez,F_quantum_4,zz4,ZZ4,4,4,Sampler,4096,22,22,diagonal,all_qubits_all_zero_probability_for_compute_uncompute_fidelity,ZZ4_compute_uncompute_kernel_pair_circuit,inventory_only_not_submitted,,,No mitigation beyond default primitive behavior; record all default options.,,,Populate circuit_artifact_path/circuit_sha256/job_id after actual circuit build/submission.
zz4_H0_zz4_pair_0298,zz4_pair_0298,H0,sampler_unmitigated_baseline,ibm_fez,F_quantum_4,zz4,ZZ4,4,4,Sampler,4096,22,23,off_diagonal,all_qubits_all_zero_probability_for_compute_uncompute_fidelity,ZZ4_compute_uncompute_kernel_pair_circuit,inventory_only_not_submitted,,,No mitigation beyond default primitive behavior; record all default options.,,,Populate circuit_artifact_path/circuit_sha256/job_id after actual circuit build/submission.
zz4_H0_zz4_pair_0299,zz4_pair_0299,H0,sampler_unmitigated_baseline,ibm_fez,F_quantum_4,zz4,ZZ4,4,4,Sampler,4096,23,23,diagonal,all_qubits_all_zero_probability_for_compute_uncompute_fidelity,ZZ4_compute_uncompute_kernel_pair_circuit,inventory_only_not_submitted,,,No mitigation beyond default primitive behavior; record all default options.,,,Populate circuit_artifact_path/circuit_sha256/job_id after actual circuit build/submission.
zz4_H1_zz4_pair_0000,zz4_pair_0000,H1,sampler_dynamical_decoupling,ibm_fez,F_quantum_4,zz4,ZZ4,4,4,Sampler,4096,0,0,diagonal,all_qubits_all_zero_probability_for_compute_uncompute_fidelity,ZZ4_compute_uncompute_kernel_pair_circuit,inventory_only_not_submitted,,,"Enable dynamical decoupling only; record sequence, scheduling, and any default options.",,,Populate circuit_artifact_path/circuit_sha256/job_id after actual circuit build/submission.
zz4_H1_zz4_pair_0001,zz4_pair_0001,H1,sampler_dynamical_decoupling,ibm_fez,F_quantum_4,zz4,ZZ4,4,4,Sampler,4096,0,1,off_diagonal,all_qubits_all_zero_probability_for_compute_uncompute_fidelity,ZZ4_compute_uncompute_kernel_pair_circuit,inventory_only_not_submitted,,,"Enable dynamical decoupling only; record sequence, scheduling, and any default options.",,,Populate circuit_artifact_path/circuit_sha256/job_id after actual circuit build/submission.
zz4_H1_zz4_pair_0002,zz4_pair_0002,H1,sampler_dynamical_decoupling,ibm_fez,F_quantum_4,zz4,ZZ4,4,4,Sampler,4096,0,2,off_diagonal,all_qubits_all_zero_probability_for_compute_uncompute_fidelity,ZZ4_compute_uncompute_kernel_pair_circuit,inventory_only_not_submitted,,,"Enable dynamical decoupling only; record sequence, scheduling, and any default options.",,,Populate circuit_artifact_path/circuit_sha256/job_id after actual circuit build/submission.
zz4_H1_zz4_pair_0003,zz4_pair_0003,H1,sampler_dynamical_decoupling,ibm_fez,F_quantum_4,zz4,ZZ4,4,4,Sampler,4096,0,3,off_diagonal,all_qubits_all_zero_probability_for_compute_uncompute_fidelity,ZZ4_compute_uncompute_kernel_pair_circuit,inventory_only_not_submitted,,,"Enable dynamical decoupling only; record sequence, scheduling, and any default options.",,,Populate circuit_artifact_path/circuit_sha256/job_id after actual circuit build/submission.
zz4_H1_zz4_pair_0004,zz4_pair_0004,H1,sampler_dynamical_decoupling,ibm_fez,F_quantum_4,zz4,ZZ4,4,4,Sampler,4096,0,4,off_diagonal,all_qubits_all_zero_probability_for_compute_uncompute_fidelity,ZZ4_compute_uncompute_kernel_pair_circuit,inventory_only_not_submitted,,,"Enable dynamical decoupling only; record sequence, scheduling, and any default options.",,,Populate circuit_artifact_path/circuit_sha256/job_id after actual circuit build/submission.
zz4_H1_zz4_pair_0005,zz4_pair_0005,H1,sampler_dynamical_decoupling,ibm_fez,F_quantum_4,zz4,ZZ4,4,4,Sampler,4096,0,5,off_diagonal,all_qubits_all_zero_probability_for_compute_uncompute_fidelity,ZZ4_compute_uncompute_kernel_pair_circuit,inventory_only_not_submitted,,,"Enable dynamical decoupling only; record sequence, scheduling, and any default options.",,,Populate circuit_artifact_path/circuit_sha256/job_id after actual circuit build/submission.
zz4_H1_zz4_pair_0006,zz4_pair_0006,H1,sampler_dynamical_decoupling,ibm_fez,F_quantum_4,zz4,ZZ4,4,4,Sampler,4096,0,6,off_diagonal,all_qubits_all_zero_probability_for_compute_uncompute_fidelity,ZZ4_compute_uncompute_kernel_pair_circuit,inventory_only_not_submitted,,,"Enable dynamical decoupling only; record sequence, scheduling, and any default options.",,,Populate circuit_artifact_path/circuit_sha256/job_id after actual circuit build/submission.
zz4_H1_zz4_pair_0007,zz4_pair_0007,H1,sampler_dynamical_decoupling,ibm_fez,F_quantum_4,zz4,ZZ4,4,4,Sampler,4096,0,7,off_diagonal,all_qubits_all_zero_probability_for_compute_uncompute_fidelity,ZZ4_compute_uncompute_kernel_pair_circuit,inventory_only_not_submitted,,,"Enable dynamical decoupling only; record sequence, scheduling, and any default options.",,,Populate circuit_artifact_path/circuit_sha256/job_id after actual circuit build/submission.
zz4_H1_zz4_pair_0008,zz4_pair_0008,H1,sampler_dynamical_decoupling,ibm_fez,F_quantum_4,zz4,ZZ4,4,4,Sampler,4096,0,8,off_diagonal,all_qubits_all_zero_probability_for_compute_uncompute_fidelity,ZZ4_compute_uncompute_kernel_pair_circuit,inventory_only_not_submitted,,,"Enable dynamical decoupling only; record sequence, scheduling, and any default options.",,,Populate circuit_artifact_path/circuit_sha256/job_id after actual circuit build/submission.
zz4_H1_zz4_pair_0009,zz4_pair_0009,H1,sampler_dynamical_decoupling,ibm_fez,F_quantum_4,zz4,ZZ4,4,4,Sampler,4096,0,9,off_diagonal,all_qubits_all_zero_probability_for_compute_uncompute_fidelity,ZZ4_compute_uncompute_kernel_pair_circuit,inventory_only_not_submitted,,,"Enable dynamical decoupling only; record sequence, scheduling, and any default options.",,,Populate circuit_artifact_path/circuit_sha256/job_id after actual circuit build/submission.
zz4_H1_zz4_pair_0010,zz4_pair_0010,H1,sampler_dynamical_decoupling,ibm_fez,F_quantum_4,zz4,ZZ4,4,4,Sampler,4096,0,10,off_diagonal,all_qubits_all_zero_probability_for_compute_uncompute_fidelity,ZZ4_compute_uncompute_kernel_pair_circuit,inventory_only_not_submitted,,,"Enable dynamical decoupling only; record sequence, scheduling, and any default options.",,,Populate circuit_artifact_path/circuit_sha256/job_id after actual circuit build/submission.
zz4_H1_zz4_pair_0011,zz4_pair_0011,H1,sampler_dynamical_decoupling,ibm_fez,F_quantum_4,zz4,ZZ4,4,4,Sampler,4096,0,11,off_diagonal,all_qubits_all_zero_probability_for_compute_uncompute_fidelity,ZZ4_compute_uncompute_kernel_pair_circuit,inventory_only_not_submitted,,,"Enable dynamical decoupling only; record sequence, scheduling, and any default options.",,,Populate circuit_artifact_path/circuit_sha256/job_id after actual circuit build/submission.
zz4_H1_zz4_pair_0012,zz4_pair_0012,H1,sampler_dynamical_decoupling,ibm_fez,F_quantum_4,zz4,ZZ4,4,4,Sampler,4096,0,12,off_diagonal,all_qubits_all_zero_probability_for_compute_uncompute_fidelity,ZZ4_compute_uncompute_kernel_pair_circuit,inventory_only_not_submitted,,,"Enable dynamical decoupling only; record sequence, scheduling, and any default options.",,,Populate circuit_artifact_path/circuit_sha256/job_id after actual circuit build/submission.
zz4_H1_zz4_pair_0013,zz4_pair_0013,H1,sampler_dynamical_decoupling,ibm_fez,F_quantum_4,zz4,ZZ4,4,4,Sampler,4096,0,13,off_diagonal,all_qubits_all_zero_probability_for_compute_uncompute_fidelity,ZZ4_compute_uncompute_kernel_pair_circuit,inventory_only_not_submitted,,,"Enable dynamical decoupling only; record sequence, scheduling, and any default options.",,,Populate circuit_artifact_path/circuit_sha256/job_id after actual circuit build/submission.
zz4_H1_zz4_pair_0014,zz4_pair_0014,H1,sampler_dynamical_decoupling,ibm_fez,F_quantum_4,zz4,ZZ4,4,4,Sampler,4096,0,14,off_diagonal,all_qubits_all_zero_probability_for_compute_uncompute_fidelity,ZZ4_compute_uncompute_kernel_pair_circuit,inventory_only_not_submitted,,,"Enable dynamical decoupling only; record sequence, scheduling, and any default options.",,,Populate circuit_artifact_path/circuit_sha256/job_id after actual circuit build/submission.
zz4_H1_zz4_pair_0015,zz4_pair_0015,H1,sampler_dynamical_decoupling,ibm_fez,F_quantum_4,zz4,ZZ4,4,4,Sampler,4096,0,15,off_diagonal,all_qubits_all_zero_probability_for_compute_uncompute_fidelity,ZZ4_compute_uncompute_kernel_pair_circuit,inventory_only_not_submitted,,,"Enable dynamical decoupling only; record sequence, scheduling, and any default options.",,,Populate circuit_artifact_path/circuit_sha256/job_id after actual circuit build/submission.
zz4_H1_zz4_pair_0016,zz4_pair_0016,H1,sampler_dynamical_decoupling,ibm_fez,F_quantum_4,zz4,ZZ4,4,4,Sampler,4096,0,16,off_diagonal,all_qubits_all_zero_probability_for_compute_uncompute_fidelity,ZZ4_compute_uncompute_kernel_pair_circuit,inventory_only_not_submitted,,,"Enable dynamical decoupling only; record sequence, scheduling, and any default options.",,,Populate circuit_artifact_path/circuit_sha256/job_id after actual circuit build/submission.
zz4_H1_zz4_pair_0017,zz4_pair_0017,H1,sampler_dynamical_decoupling,ibm_fez,F_quantum_4,zz4,ZZ4,4,4,Sampler,4096,0,17,off_diagonal,all_qubits_all_zero_probability_for_compute_uncompute_fidelity,ZZ4_compute_uncompute_kernel_pair_circuit,inventory_only_not_submitted,,,"Enable dynamical decoupling only; record sequence, scheduling, and any default options.",,,Populate circuit_artifact_path/circuit_sha256/job_id after actual circuit build/submission.
zz4_H1_zz4_pair_0018,zz4_pair_0018,H1,sampler_dynamical_decoupling,ibm_fez,F_quantum_4,zz4,ZZ4,4,4,Sampler,4096,0,18,off_diagonal,all_qubits_all_zero_probability_for_compute_uncompute_fidelity,ZZ4_compute_uncompute_kernel_pair_circuit,inventory_only_not_submitted,,,"Enable dynamical decoupling only; record sequence, scheduling, and any default options.",,,Populate circuit_artifact_path/circuit_sha256/job_id after actual circuit build/submission.
zz4_H1_zz4_pair_0019,zz4_pair_0019,H1,sampler_dynamical_decoupling,ibm_fez,F_quantum_4,zz4,ZZ4,4,4,Sampler,4096,0,19,off_diagonal,all_qubits_all_zero_probability_for_compute_uncompute_fidelity,ZZ4_compute_uncompute_kernel_pair_circuit,inventory_only_not_submitted,,,"Enable dynamical decoupling only; record sequence, scheduling, and any default options.",,,Populate circuit_artifact_path/circuit_sha256/job_id after actual circuit build/submission.
zz4_H1_zz4_pair_0020,zz4_pair_0020,H1,sampler_dynamical_decoupling,ibm_fez,F_quantum_4,zz4,ZZ4,4,4,Sampler,4096,0,20,off_diagonal,all_qubits_all_zero_probability_for_compute_uncompute_fidelity,ZZ4_compute_uncompute_kernel_pair_circuit,inventory_only_not_submitted,,,"Enable dynamical decoupling only; record sequence, scheduling, and any default options.",,,Populate circuit_artifact_path/circuit_sha256/job_id after actual circuit build/submission.
zz4_H1_zz4_pair_0021,zz4_pair_0021,H1,sampler_dynamical_decoupling,ibm_fez,F_quantum_4,zz4,ZZ4,4,4,Sampler,4096,0,21,off_diagonal,all_qubits_all_zero_probability_for_compute_uncompute_fidelity,ZZ4_compute_uncompute_kernel_pair_circuit,inventory_only_not_submitted,,,"Enable dynamical decoupling only; record sequence, scheduling, and any default options.",,,Populate circuit_artifact_path/circuit_sha256/job_id after actual circuit build/submission.
zz4_H1_zz4_pair_0022,zz4_pair_0022,H1,sampler_dynamical_decoupling,ibm_fez,F_quantum_4,zz4,ZZ4,4,4,Sampler,4096,0,22,off_diagonal,all_qubits_all_zero_probability_for_compute_uncompute_fidelity,ZZ4_compute_uncompute_kernel_pair_circuit,inventory_only_not_submitted,,,"Enable dynamical decoupling only; record sequence, scheduling, and any default options.",,,Populate circuit_artifact_path/circuit_sha256/job_id after actual circuit build/submission.
zz4_H1_zz4_pair_0023,zz4_pair_0023,H1,sampler_dynamical_decoupling,ibm_fez,F_quantum_4,zz4,ZZ4,4,4,Sampler,4096,0,23,off_diagonal,all_qubits_all_zero_probability_for_compute_uncompute_fidelity,ZZ4_compute_uncompute_kernel_pair_circuit,inventory_only_not_submitted,,,"Enable dynamical decoupling only; record sequence, scheduling, and any default options.",,,Populate circuit_artifact_path/circuit_sha256/job_id after actual circuit build/submission.
zz4_H1_zz4_pair_0024,zz4_pair_0024,H1,sampler_dynamical_decoupling,ibm_fez,F_quantum_4,zz4,ZZ4,4,4,Sampler,4096,1,1,diagonal,all_qubits_all_zero_probability_for_compute_uncompute_fidelity,ZZ4_compute_uncompute_kernel_pair_circuit,inventory_only_not_submitted,,,"Enable dynamical decoupling only; record sequence, scheduling, and any default options.",,,Populate circuit_artifact_path/circuit_sha256/job_id after actual circuit build/submission.
zz4_H1_zz4_pair_0025,zz4_pair_0025,H1,sampler_dynamical_decoupling,ibm_fez,F_quantum_4,zz4,ZZ4,4,4,Sampler,4096,1,2,off_diagonal,all_qubits_all_zero_probability_for_compute_uncompute_fidelity,ZZ4_compute_uncompute_kernel_pair_circuit,inventory_only_not_submitted,,,"Enable dynamical decoupling only; record sequence, scheduling, and any default options.",,,Populate circuit_artifact_path/circuit_sha256/job_id after actual circuit build/submission.
zz4_H1_zz4_pair_0026,zz4_pair_0026,H1,sampler_dynamical_decoupling,ibm_fez,F_quantum_4,zz4,ZZ4,4,4,Sampler,4096,1,3,off_diagonal,all_qubits_all_zero_probability_for_compute_uncompute_fidelity,ZZ4_compute_uncompute_kernel_pair_circuit,inventory_only_not_submitted,,,"Enable dynamical decoupling only; record sequence, scheduling, and any default options.",,,Populate circuit_artifact_path/circuit_sha256/job_id after actual circuit build/submission.
zz4_H1_zz4_pair_0027,zz4_pair_0027,H1,sampler_dynamical_decoupling,ibm_fez,F_quantum_4,zz4,ZZ4,4,4,Sampler,4096,1,4,off_diagonal,all_qubits_all_zero_probability_for_compute_uncompute_fidelity,ZZ4_compute_uncompute_kernel_pair_circuit,inventory_only_not_submitted,,,"Enable dynamical decoupling only; record sequence, scheduling, and any default options.",,,Populate circuit_artifact_path/circuit_sha256/job_id after actual circuit build/submission.
zz4_H1_zz4_pair_0028,zz4_pair_0028,H1,sampler_dynamical_decoupling,ibm_fez,F_quantum_4,zz4,ZZ4,4,4,Sampler,4096,1,5,off_diagonal,all_qubits_all_zero_probability_for_compute_uncompute_fidelity,ZZ4_compute_uncompute_kernel_pair_circuit,inventory_only_not_submitted,,,"Enable dynamical decoupling only; record sequence, scheduling, and any default options.",,,Populate circuit_artifact_path/circuit_sha256/job_id after actual circuit build/submission.
zz4_H1_zz4_pair_0029,zz4_pair_0029,H1,sampler_dynamical_decoupling,ibm_fez,F_quantum_4,zz4,ZZ4,4,4,Sampler,4096,1,6,off_diagonal,all_qubits_all_zero_probability_for_compute_uncompute_fidelity,ZZ4_compute_uncompute_kernel_pair_circuit,inventory_only_not_submitted,,,"Enable dynamical decoupling only; record sequence, scheduling, and any default options.",,,Populate circuit_artifact_path/circuit_sha256/job_id after actual circuit build/submission.
zz4_H1_zz4_pair_0030,zz4_pair_0030,H1,sampler_dynamical_decoupling,ibm_fez,F_quantum_4,zz4,ZZ4,4,4,Sampler,4096,1,7,off_diagonal,all_qubits_all_zero_probability_for_compute_uncompute_fidelity,ZZ4_compute_uncompute_kernel_pair_circuit,inventory_only_not_submitted,,,"Enable dynamical decoupling only; record sequence, scheduling, and any default options.",,,Populate circuit_artifact_path/circuit_sha256/job_id after actual circuit build/submission.
zz4_H1_zz4_pair_0031,zz4_pair_0031,H1,sampler_dynamical_decoupling,ibm_fez,F_quantum_4,zz4,ZZ4,4,4,Sampler,4096,1,8,off_diagonal,all_qubits_all_zero_probability_for_compute_uncompute_fidelity,ZZ4_compute_uncompute_kernel_pair_circuit,inventory_only_not_submitted,,,"Enable dynamical decoupling only; record sequence, scheduling, and any default options.",,,Populate circuit_artifact_path/circuit_sha256/job_id after actual circuit build/submission.
zz4_H1_zz4_pair_0032,zz4_pair_0032,H1,sampler_dynamical_decoupling,ibm_fez,F_quantum_4,zz4,ZZ4,4,4,Sampler,4096,1,9,off_diagonal,all_qubits_all_zero_probability_for_compute_uncompute_fidelity,ZZ4_compute_uncompute_kernel_pair_circuit,inventory_only_not_submitted,,,"Enable dynamical decoupling only; record sequence, scheduling, and any default options.",,,Populate circuit_artifact_path/circuit_sha256/job_id after actual circuit build/submission.
zz4_H1_zz4_pair_0033,zz4_pair_0033,H1,sampler_dynamical_decoupling,ibm_fez,F_quantum_4,zz4,ZZ4,4,4,Sampler,4096,1,10,off_diagonal,all_qubits_all_zero_probability_for_compute_uncompute_fidelity,ZZ4_compute_uncompute_kernel_pair_circuit,inventory_only_not_submitted,,,"Enable dynamical decoupling only; record sequence, scheduling, and any default options.",,,Populate circuit_artifact_path/circuit_sha256/job_id after actual circuit build/submission.
zz4_H1_zz4_pair_0034,zz4_pair_0034,H1,sampler_dynamical_decoupling,ibm_fez,F_quantum_4,zz4,ZZ4,4,4,Sampler,4096,1,11,off_diagonal,all_qubits_all_zero_probability_for_compute_uncompute_fidelity,ZZ4_compute_uncompute_kernel_pair_circuit,inventory_only_not_submitted,,,"Enable dynamical decoupling only; record sequence, scheduling, and any default options.",,,Populate circuit_artifact_path/circuit_sha256/job_id after actual circuit build/submission.
zz4_H1_zz4_pair_0035,zz4_pair_0035,H1,sampler_dynamical_decoupling,ibm_fez,F_quantum_4,zz4,ZZ4,4,4,Sampler,4096,1,12,off_diagonal,all_qubits_all_zero_probability_for_compute_uncompute_fidelity,ZZ4_compute_uncompute_kernel_pair_circuit,inventory_only_not_submitted,,,"Enable dynamical decoupling only; record sequence, scheduling, and any default options.",,,Populate circuit_artifact_path/circuit_sha256/job_id after actual circuit build/submission.
zz4_H1_zz4_pair_0036,zz4_pair_0036,H1,sampler_dynamical_decoupling,ibm_fez,F_quantum_4,zz4,ZZ4,4,4,Sampler,4096,1,13,off_diagonal,all_qubits_all_zero_probability_for_compute_uncompute_fidelity,ZZ4_compute_uncompute_kernel_pair_circuit,inventory_only_not_submitted,,,"Enable dynamical decoupling only; record sequence, scheduling, and any default options.",,,Populate circuit_artifact_path/circuit_sha256/job_id after actual circuit build/submission.
zz4_H1_zz4_pair_0037,zz4_pair_0037,H1,sampler_dynamical_decoupling,ibm_fez,F_quantum_4,zz4,ZZ4,4,4,Sampler,4096,1,14,off_diagonal,all_qubits_all_zero_probability_for_compute_uncompute_fidelity,ZZ4_compute_uncompute_kernel_pair_circuit,inventory_only_not_submitted,,,"Enable dynamical decoupling only; record sequence, scheduling, and any default options.",,,Populate circuit_artifact_path/circuit_sha256/job_id after actual circuit build/submission.
zz4_H1_zz4_pair_0038,zz4_pair_0038,H1,sampler_dynamical_decoupling,ibm_fez,F_quantum_4,zz4,ZZ4,4,4,Sampler,4096,1,15,off_diagonal,all_qubits_all_zero_probability_for_compute_uncompute_fidelity,ZZ4_compute_uncompute_kernel_pair_circuit,inventory_only_not_submitted,,,"Enable dynamical decoupling only; record sequence, scheduling, and any default options.",,,Populate circuit_artifact_path/circuit_sha256/job_id after actual circuit build/submission.
zz4_H1_zz4_pair_0039,zz4_pair_0039,H1,sampler_dynamical_decoupling,ibm_fez,F_quantum_4,zz4,ZZ4,4,4,Sampler,4096,1,16,off_diagonal,all_qubits_all_zero_probability_for_compute_uncompute_fidelity,ZZ4_compute_uncompute_kernel_pair_circuit,inventory_only_not_submitted,,,"Enable dynamical decoupling only; record sequence, scheduling, and any default options.",,,Populate circuit_artifact_path/circuit_sha256/job_id after actual circuit build/submission.
zz4_H1_zz4_pair_0040,zz4_pair_0040,H1,sampler_dynamical_decoupling,ibm_fez,F_quantum_4,zz4,ZZ4,4,4,Sampler,4096,1,17,off_diagonal,all_qubits_all_zero_probability_for_compute_uncompute_fidelity,ZZ4_compute_uncompute_kernel_pair_circuit,inventory_only_not_submitted,,,"Enable dynamical decoupling only; record sequence, scheduling, and any default options.",,,Populate circuit_artifact_path/circuit_sha256/job_id after actual circuit build/submission.
zz4_H1_zz4_pair_0041,zz4_pair_0041,H1,sampler_dynamical_decoupling,ibm_fez,F_quantum_4,zz4,ZZ4,4,4,Sampler,4096,1,18,off_diagonal,all_qubits_all_zero_probability_for_compute_uncompute_fidelity,ZZ4_compute_uncompute_kernel_pair_circuit,inventory_only_not_submitted,,,"Enable dynamical decoupling only; record sequence, scheduling, and any default options.",,,Populate circuit_artifact_path/circuit_sha256/job_id after actual circuit build/submission.
zz4_H1_zz4_pair_0042,zz4_pair_0042,H1,sampler_dynamical_decoupling,ibm_fez,F_quantum_4,zz4,ZZ4,4,4,Sampler,4096,1,19,off_diagonal,all_qubits_all_zero_probability_for_compute_uncompute_fidelity,ZZ4_compute_uncompute_kernel_pair_circuit,inventory_only_not_submitted,,,"Enable dynamical decoupling only; record sequence, scheduling, and any default options.",,,Populate circuit_artifact_path/circuit_sha256/job_id after actual circuit build/submission.
zz4_H1_zz4_pair_0043,zz4_pair_0043,H1,sampler_dynamical_decoupling,ibm_fez,F_quantum_4,zz4,ZZ4,4,4,Sampler,4096,1,20,off_diagonal,all_qubits_all_zero_probability_for_compute_uncompute_fidelity,ZZ4_compute_uncompute_kernel_pair_circuit,inventory_only_not_submitted,,,"Enable dynamical decoupling only; record sequence, scheduling, and any default options.",,,Populate circuit_artifact_path/circuit_sha256/job_id after actual circuit build/submission.
zz4_H1_zz4_pair_0044,zz4_pair_0044,H1,sampler_dynamical_decoupling,ibm_fez,F_quantum_4,zz4,ZZ4,4,4,Sampler,4096,1,21,off_diagonal,all_qubits_all_zero_probability_for_compute_uncompute_fidelity,ZZ4_compute_uncompute_kernel_pair_circuit,inventory_only_not_submitted,,,"Enable dynamical decoupling only; record sequence, scheduling, and any default options.",,,Populate circuit_artifact_path/circuit_sha256/job_id after actual circuit build/submission.
zz4_H1_zz4_pair_0045,zz4_pair_0045,H1,sampler_dynamical_decoupling,ibm_fez,F_quantum_4,zz4,ZZ4,4,4,Sampler,4096,1,22,off_diagonal,all_qubits_all_zero_probability_for_compute_uncompute_fidelity,ZZ4_compute_uncompute_kernel_pair_circuit,inventory_only_not_submitted,,,"Enable dynamical decoupling only; record sequence, scheduling, and any default options.",,,Populate circuit_artifact_path/circuit_sha256/job_id after actual circuit build/submission.
zz4_H1_zz4_pair_0046,zz4_pair_0046,H1,sampler_dynamical_decoupling,ibm_fez,F_quantum_4,zz4,ZZ4,4,4,Sampler,4096,1,23,off_diagonal,all_qubits_all_zero_probability_for_compute_uncompute_fidelity,ZZ4_compute_uncompute_kernel_pair_circuit,inventory_only_not_submitted,,,"Enable dynamical decoupling only; record sequence, scheduling, and any default options.",,,Populate circuit_artifact_path/circuit_sha256/job_id after actual circuit build/submission.
zz4_H1_zz4_pair_0047,zz4_pair_0047,H1,sampler_dynamical_decoupling,ibm_fez,F_quantum_4,zz4,ZZ4,4,4,Sampler,4096,2,2,diagonal,all_qubits_all_zero_probability_for_compute_uncompute_fidelity,ZZ4_compute_uncompute_kernel_pair_circuit,inventory_only_not_submitted,,,"Enable dynamical decoupling only; record sequence, scheduling, and any default options.",,,Populate circuit_artifact_path/circuit_sha256/job_id after actual circuit build/submission.
zz4_H1_zz4_pair_0048,zz4_pair_0048,H1,sampler_dynamical_decoupling,ibm_fez,F_quantum_4,zz4,ZZ4,4,4,Sampler,4096,2,3,off_diagonal,all_qubits_all_zero_probability_for_compute_uncompute_fidelity,ZZ4_compute_uncompute_kernel_pair_circuit,inventory_only_not_submitted,,,"Enable dynamical decoupling only; record sequence, scheduling, and any default options.",,,Populate circuit_artifact_path/circuit_sha256/job_id after actual circuit build/submission.
zz4_H1_zz4_pair_0049,zz4_pair_0049,H1,sampler_dynamical_decoupling,ibm_fez,F_quantum_4,zz4,ZZ4,4,4,Sampler,4096,2,4,off_diagonal,all_qubits_all_zero_probability_for_compute_uncompute_fidelity,ZZ4_compute_uncompute_kernel_pair_circuit,inventory_only_not_submitted,,,"Enable dynamical decoupling only; record sequence, scheduling, and any default options.",,,Populate circuit_artifact_path/circuit_sha256/job_id after actual circuit build/submission.
zz4_H1_zz4_pair_0050,zz4_pair_0050,H1,sampler_dynamical_decoupling,ibm_fez,F_quantum_4,zz4,ZZ4,4,4,Sampler,4096,2,5,off_diagonal,all_qubits_all_zero_probability_for_compute_uncompute_fidelity,ZZ4_compute_uncompute_kernel_pair_circuit,inventory_only_not_submitted,,,"Enable dynamical decoupling only; record sequence, scheduling, and any default options.",,,Populate circuit_artifact_path/circuit_sha256/job_id after actual circuit build/submission.
zz4_H1_zz4_pair_0051,zz4_pair_0051,H1,sampler_dynamical_decoupling,ibm_fez,F_quantum_4,zz4,ZZ4,4,4,Sampler,4096,2,6,off_diagonal,all_qubits_all_zero_probability_for_compute_uncompute_fidelity,ZZ4_compute_uncompute_kernel_pair_circuit,inventory_only_not_submitted,,,"Enable dynamical decoupling only; record sequence, scheduling, and any default options.",,,Populate circuit_artifact_path/circuit_sha256/job_id after actual circuit build/submission.
zz4_H1_zz4_pair_0052,zz4_pair_0052,H1,sampler_dynamical_decoupling,ibm_fez,F_quantum_4,zz4,ZZ4,4,4,Sampler,4096,2,7,off_diagonal,all_qubits_all_zero_probability_for_compute_uncompute_fidelity,ZZ4_compute_uncompute_kernel_pair_circuit,inventory_only_not_submitted,,,"Enable dynamical decoupling only; record sequence, scheduling, and any default options.",,,Populate circuit_artifact_path/circuit_sha256/job_id after actual circuit build/submission.
zz4_H1_zz4_pair_0053,zz4_pair_0053,H1,sampler_dynamical_decoupling,ibm_fez,F_quantum_4,zz4,ZZ4,4,4,Sampler,4096,2,8,off_diagonal,all_qubits_all_zero_probability_for_compute_uncompute_fidelity,ZZ4_compute_uncompute_kernel_pair_circuit,inventory_only_not_submitted,,,"Enable dynamical decoupling only; record sequence, scheduling, and any default options.",,,Populate circuit_artifact_path/circuit_sha256/job_id after actual circuit build/submission.
zz4_H1_zz4_pair_0054,zz4_pair_0054,H1,sampler_dynamical_decoupling,ibm_fez,F_quantum_4,zz4,ZZ4,4,4,Sampler,4096,2,9,off_diagonal,all_qubits_all_zero_probability_for_compute_uncompute_fidelity,ZZ4_compute_uncompute_kernel_pair_circuit,inventory_only_not_submitted,,,"Enable dynamical decoupling only; record sequence, scheduling, and any default options.",,,Populate circuit_artifact_path/circuit_sha256/job_id after actual circuit build/submission.
zz4_H1_zz4_pair_0055,zz4_pair_0055,H1,sampler_dynamical_decoupling,ibm_fez,F_quantum_4,zz4,ZZ4,4,4,Sampler,4096,2,10,off_diagonal,all_qubits_all_zero_probability_for_compute_uncompute_fidelity,ZZ4_compute_uncompute_kernel_pair_circuit,inventory_only_not_submitted,,,"Enable dynamical decoupling only; record sequence, scheduling, and any default options.",,,Populate circuit_artifact_path/circuit_sha256/job_id after actual circuit build/submission.
zz4_H1_zz4_pair_0056,zz4_pair_0056,H1,sampler_dynamical_decoupling,ibm_fez,F_quantum_4,zz4,ZZ4,4,4,Sampler,4096,2,11,off_diagonal,all_qubits_all_zero_probability_for_compute_uncompute_fidelity,ZZ4_compute_uncompute_kernel_pair_circuit,inventory_only_not_submitted,,,"Enable dynamical decoupling only; record sequence, scheduling, and any default options.",,,Populate circuit_artifact_path/circuit_sha256/job_id after actual circuit build/submission.
zz4_H1_zz4_pair_0057,zz4_pair_0057,H1,sampler_dynamical_decoupling,ibm_fez,F_quantum_4,zz4,ZZ4,4,4,Sampler,4096,2,12,off_diagonal,all_qubits_all_zero_probability_for_compute_uncompute_fidelity,ZZ4_compute_uncompute_kernel_pair_circuit,inventory_only_not_submitted,,,"Enable dynamical decoupling only; record sequence, scheduling, and any default options.",,,Populate circuit_artifact_path/circuit_sha256/job_id after actual circuit build/submission.
zz4_H1_zz4_pair_0058,zz4_pair_0058,H1,sampler_dynamical_decoupling,ibm_fez,F_quantum_4,zz4,ZZ4,4,4,Sampler,4096,2,13,off_diagonal,all_qubits_all_zero_probability_for_compute_uncompute_fidelity,ZZ4_compute_uncompute_kernel_pair_circuit,inventory_only_not_submitted,,,"Enable dynamical decoupling only; record sequence, scheduling, and any default options.",,,Populate circuit_artifact_path/circuit_sha256/job_id after actual circuit build/submission.
zz4_H1_zz4_pair_0059,zz4_pair_0059,H1,sampler_dynamical_decoupling,ibm_fez,F_quantum_4,zz4,ZZ4,4,4,Sampler,4096,2,14,off_diagonal,all_qubits_all_zero_probability_for_compute_uncompute_fidelity,ZZ4_compute_uncompute_kernel_pair_circuit,inventory_only_not_submitted,,,"Enable dynamical decoupling only; record sequence, scheduling, and any default options.",,,Populate circuit_artifact_path/circuit_sha256/job_id after actual circuit build/submission.
zz4_H1_zz4_pair_0060,zz4_pair_0060,H1,sampler_dynamical_decoupling,ibm_fez,F_quantum_4,zz4,ZZ4,4,4,Sampler,4096,2,15,off_diagonal,all_qubits_all_zero_probability_for_compute_uncompute_fidelity,ZZ4_compute_uncompute_kernel_pair_circuit,inventory_only_not_submitted,,,"Enable dynamical decoupling only; record sequence, scheduling, and any default options.",,,Populate circuit_artifact_path/circuit_sha256/job_id after actual circuit build/submission.
zz4_H1_zz4_pair_0061,zz4_pair_0061,H1,sampler_dynamical_decoupling,ibm_fez,F_quantum_4,zz4,ZZ4,4,4,Sampler,4096,2,16,off_diagonal,all_qubits_all_zero_probability_for_compute_uncompute_fidelity,ZZ4_compute_uncompute_kernel_pair_circuit,inventory_only_not_submitted,,,"Enable dynamical decoupling only; record sequence, scheduling, and any default options.",,,Populate circuit_artifact_path/circuit_sha256/job_id after actual circuit build/submission.
zz4_H1_zz4_pair_0062,zz4_pair_0062,H1,sampler_dynamical_decoupling,ibm_fez,F_quantum_4,zz4,ZZ4,4,4,Sampler,4096,2,17,off_diagonal,all_qubits_all_zero_probability_for_compute_uncompute_fidelity,ZZ4_compute_uncompute_kernel_pair_circuit,inventory_only_not_submitted,,,"Enable dynamical decoupling only; record sequence, scheduling, and any default options.",,,Populate circuit_artifact_path/circuit_sha256/job_id after actual circuit build/submission.
zz4_H1_zz4_pair_0063,zz4_pair_0063,H1,sampler_dynamical_decoupling,ibm_fez,F_quantum_4,zz4,ZZ4,4,4,Sampler,4096,2,18,off_diagonal,all_qubits_all_zero_probability_for_compute_uncompute_fidelity,ZZ4_compute_uncompute_kernel_pair_circuit,inventory_only_not_submitted,,,"Enable dynamical decoupling only; record sequence, scheduling, and any default options.",,,Populate circuit_artifact_path/circuit_sha256/job_id after actual circuit build/submission.
zz4_H1_zz4_pair_0064,zz4_pair_0064,H1,sampler_dynamical_decoupling,ibm_fez,F_quantum_4,zz4,ZZ4,4,4,Sampler,4096,2,19,off_diagonal,all_qubits_all_zero_probability_for_compute_uncompute_fidelity,ZZ4_compute_uncompute_kernel_pair_circuit,inventory_only_not_submitted,,,"Enable dynamical decoupling only; record sequence, scheduling, and any default options.",,,Populate circuit_artifact_path/circuit_sha256/job_id after actual circuit build/submission.
zz4_H1_zz4_pair_0065,zz4_pair_0065,H1,sampler_dynamical_decoupling,ibm_fez,F_quantum_4,zz4,ZZ4,4,4,Sampler,4096,2,20,off_diagonal,all_qubits_all_zero_probability_for_compute_uncompute_fidelity,ZZ4_compute_uncompute_kernel_pair_circuit,inventory_only_not_submitted,,,"Enable dynamical decoupling only; record sequence, scheduling, and any default options.",,,Populate circuit_artifact_path/circuit_sha256/job_id after actual circuit build/submission.
zz4_H1_zz4_pair_0066,zz4_pair_0066,H1,sampler_dynamical_decoupling,ibm_fez,F_quantum_4,zz4,ZZ4,4,4,Sampler,4096,2,21,off_diagonal,all_qubits_all_zero_probability_for_compute_uncompute_fidelity,ZZ4_compute_uncompute_kernel_pair_circuit,inventory_only_not_submitted,,,"Enable dynamical decoupling only; record sequence, scheduling, and any default options.",,,Populate circuit_artifact_path/circuit_sha256/job_id after actual circuit build/submission.
zz4_H1_zz4_pair_0067,zz4_pair_0067,H1,sampler_dynamical_decoupling,ibm_fez,F_quantum_4,zz4,ZZ4,4,4,Sampler,4096,2,22,off_diagonal,all_qubits_all_zero_probability_for_compute_uncompute_fidelity,ZZ4_compute_uncompute_kernel_pair_circuit,inventory_only_not_submitted,,,"Enable dynamical decoupling only; record sequence, scheduling, and any default options.",,,Populate circuit_artifact_path/circuit_sha256/job_id after actual circuit build/submission.
zz4_H1_zz4_pair_0068,zz4_pair_0068,H1,sampler_dynamical_decoupling,ibm_fez,F_quantum_4,zz4,ZZ4,4,4,Sampler,4096,2,23,off_diagonal,all_qubits_all_zero_probability_for_compute_uncompute_fidelity,ZZ4_compute_uncompute_kernel_pair_circuit,inventory_only_not_submitted,,,"Enable dynamical decoupling only; record sequence, scheduling, and any default options.",,,Populate circuit_artifact_path/circuit_sha256/job_id after actual circuit build/submission.
zz4_H1_zz4_pair_0069,zz4_pair_0069,H1,sampler_dynamical_decoupling,ibm_fez,F_quantum_4,zz4,ZZ4,4,4,Sampler,4096,3,3,diagonal,all_qubits_all_zero_probability_for_compute_uncompute_fidelity,ZZ4_compute_uncompute_kernel_pair_circuit,inventory_only_not_submitted,,,"Enable dynamical decoupling only; record sequence, scheduling, and any default options.",,,Populate circuit_artifact_path/circuit_sha256/job_id after actual circuit build/submission.
zz4_H1_zz4_pair_0070,zz4_pair_0070,H1,sampler_dynamical_decoupling,ibm_fez,F_quantum_4,zz4,ZZ4,4,4,Sampler,4096,3,4,off_diagonal,all_qubits_all_zero_probability_for_compute_uncompute_fidelity,ZZ4_compute_uncompute_kernel_pair_circuit,inventory_only_not_submitted,,,"Enable dynamical decoupling only; record sequence, scheduling, and any default options.",,,Populate circuit_artifact_path/circuit_sha256/job_id after actual circuit build/submission.
zz4_H1_zz4_pair_0071,zz4_pair_0071,H1,sampler_dynamical_decoupling,ibm_fez,F_quantum_4,zz4,ZZ4,4,4,Sampler,4096,3,5,off_diagonal,all_qubits_all_zero_probability_for_compute_uncompute_fidelity,ZZ4_compute_uncompute_kernel_pair_circuit,inventory_only_not_submitted,,,"Enable dynamical decoupling only; record sequence, scheduling, and any default options.",,,Populate circuit_artifact_path/circuit_sha256/job_id after actual circuit build/submission.
zz4_H1_zz4_pair_0072,zz4_pair_0072,H1,sampler_dynamical_decoupling,ibm_fez,F_quantum_4,zz4,ZZ4,4,4,Sampler,4096,3,6,off_diagonal,all_qubits_all_zero_probability_for_compute_uncompute_fidelity,ZZ4_compute_uncompute_kernel_pair_circuit,inventory_only_not_submitted,,,"Enable dynamical decoupling only; record sequence, scheduling, and any default options.",,,Populate circuit_artifact_path/circuit_sha256/job_id after actual circuit build/submission.
zz4_H1_zz4_pair_0073,zz4_pair_0073,H1,sampler_dynamical_decoupling,ibm_fez,F_quantum_4,zz4,ZZ4,4,4,Sampler,4096,3,7,off_diagonal,all_qubits_all_zero_probability_for_compute_uncompute_fidelity,ZZ4_compute_uncompute_kernel_pair_circuit,inventory_only_not_submitted,,,"Enable dynamical decoupling only; record sequence, scheduling, and any default options.",,,Populate circuit_artifact_path/circuit_sha256/job_id after actual circuit build/submission.
zz4_H1_zz4_pair_0074,zz4_pair_0074,H1,sampler_dynamical_decoupling,ibm_fez,F_quantum_4,zz4,ZZ4,4,4,Sampler,4096,3,8,off_diagonal,all_qubits_all_zero_probability_for_compute_uncompute_fidelity,ZZ4_compute_uncompute_kernel_pair_circuit,inventory_only_not_submitted,,,"Enable dynamical decoupling only; record sequence, scheduling, and any default options.",,,Populate circuit_artifact_path/circuit_sha256/job_id after actual circuit build/submission.
zz4_H1_zz4_pair_0075,zz4_pair_0075,H1,sampler_dynamical_decoupling,ibm_fez,F_quantum_4,zz4,ZZ4,4,4,Sampler,4096,3,9,off_diagonal,all_qubits_all_zero_probability_for_compute_uncompute_fidelity,ZZ4_compute_uncompute_kernel_pair_circuit,inventory_only_not_submitted,,,"Enable dynamical decoupling only; record sequence, scheduling, and any default options.",,,Populate circuit_artifact_path/circuit_sha256/job_id after actual circuit build/submission.
zz4_H1_zz4_pair_0076,zz4_pair_0076,H1,sampler_dynamical_decoupling,ibm_fez,F_quantum_4,zz4,ZZ4,4,4,Sampler,4096,3,10,off_diagonal,all_qubits_all_zero_probability_for_compute_uncompute_fidelity,ZZ4_compute_uncompute_kernel_pair_circuit,inventory_only_not_submitted,,,"Enable dynamical decoupling only; record sequence, scheduling, and any default options.",,,Populate circuit_artifact_path/circuit_sha256/job_id after actual circuit build/submission.
zz4_H1_zz4_pair_0077,zz4_pair_0077,H1,sampler_dynamical_decoupling,ibm_fez,F_quantum_4,zz4,ZZ4,4,4,Sampler,4096,3,11,off_diagonal,all_qubits_all_zero_probability_for_compute_uncompute_fidelity,ZZ4_compute_uncompute_kernel_pair_circuit,inventory_only_not_submitted,,,"Enable dynamical decoupling only; record sequence, scheduling, and any default options.",,,Populate circuit_artifact_path/circuit_sha256/job_id after actual circuit build/submission.
zz4_H1_zz4_pair_0078,zz4_pair_0078,H1,sampler_dynamical_decoupling,ibm_fez,F_quantum_4,zz4,ZZ4,4,4,Sampler,4096,3,12,off_diagonal,all_qubits_all_zero_probability_for_compute_uncompute_fidelity,ZZ4_compute_uncompute_kernel_pair_circuit,inventory_only_not_submitted,,,"Enable dynamical decoupling only; record sequence, scheduling, and any default options.",,,Populate circuit_artifact_path/circuit_sha256/job_id after actual circuit build/submission.
zz4_H1_zz4_pair_0079,zz4_pair_0079,H1,sampler_dynamical_decoupling,ibm_fez,F_quantum_4,zz4,ZZ4,4,4,Sampler,4096,3,13,off_diagonal,all_qubits_all_zero_probability_for_compute_uncompute_fidelity,ZZ4_compute_uncompute_kernel_pair_circuit,inventory_only_not_submitted,,,"Enable dynamical decoupling only; record sequence, scheduling, and any default options.",,,Populate circuit_artifact_path/circuit_sha256/job_id after actual circuit build/submission.
zz4_H1_zz4_pair_0080,zz4_pair_0080,H1,sampler_dynamical_decoupling,ibm_fez,F_quantum_4,zz4,ZZ4,4,4,Sampler,4096,3,14,off_diagonal,all_qubits_all_zero_probability_for_compute_uncompute_fidelity,ZZ4_compute_uncompute_kernel_pair_circuit,inventory_only_not_submitted,,,"Enable dynamical decoupling only; record sequence, scheduling, and any default options.",,,Populate circuit_artifact_path/circuit_sha256/job_id after actual circuit build/submission.
zz4_H1_zz4_pair_0081,zz4_pair_0081,H1,sampler_dynamical_decoupling,ibm_fez,F_quantum_4,zz4,ZZ4,4,4,Sampler,4096,3,15,off_diagonal,all_qubits_all_zero_probability_for_compute_uncompute_fidelity,ZZ4_compute_uncompute_kernel_pair_circuit,inventory_only_not_submitted,,,"Enable dynamical decoupling only; record sequence, scheduling, and any default options.",,,Populate circuit_artifact_path/circuit_sha256/job_id after actual circuit build/submission.
zz4_H1_zz4_pair_0082,zz4_pair_0082,H1,sampler_dynamical_decoupling,ibm_fez,F_quantum_4,zz4,ZZ4,4,4,Sampler,4096,3,16,off_diagonal,all_qubits_all_zero_probability_for_compute_uncompute_fidelity,ZZ4_compute_uncompute_kernel_pair_circuit,inventory_only_not_submitted,,,"Enable dynamical decoupling only; record sequence, scheduling, and any default options.",,,Populate circuit_artifact_path/circuit_sha256/job_id after actual circuit build/submission.
zz4_H1_zz4_pair_0083,zz4_pair_0083,H1,sampler_dynamical_decoupling,ibm_fez,F_quantum_4,zz4,ZZ4,4,4,Sampler,4096,3,17,off_diagonal,all_qubits_all_zero_probability_for_compute_uncompute_fidelity,ZZ4_compute_uncompute_kernel_pair_circuit,inventory_only_not_submitted,,,"Enable dynamical decoupling only; record sequence, scheduling, and any default options.",,,Populate circuit_artifact_path/circuit_sha256/job_id after actual circuit build/submission.
zz4_H1_zz4_pair_0084,zz4_pair_0084,H1,sampler_dynamical_decoupling,ibm_fez,F_quantum_4,zz4,ZZ4,4,4,Sampler,4096,3,18,off_diagonal,all_qubits_all_zero_probability_for_compute_uncompute_fidelity,ZZ4_compute_uncompute_kernel_pair_circuit,inventory_only_not_submitted,,,"Enable dynamical decoupling only; record sequence, scheduling, and any default options.",,,Populate circuit_artifact_path/circuit_sha256/job_id after actual circuit build/submission.
zz4_H1_zz4_pair_0085,zz4_pair_0085,H1,sampler_dynamical_decoupling,ibm_fez,F_quantum_4,zz4,ZZ4,4,4,Sampler,4096,3,19,off_diagonal,all_qubits_all_zero_probability_for_compute_uncompute_fidelity,ZZ4_compute_uncompute_kernel_pair_circuit,inventory_only_not_submitted,,,"Enable dynamical decoupling only; record sequence, scheduling, and any default options.",,,Populate circuit_artifact_path/circuit_sha256/job_id after actual circuit build/submission.
zz4_H1_zz4_pair_0086,zz4_pair_0086,H1,sampler_dynamical_decoupling,ibm_fez,F_quantum_4,zz4,ZZ4,4,4,Sampler,4096,3,20,off_diagonal,all_qubits_all_zero_probability_for_compute_uncompute_fidelity,ZZ4_compute_uncompute_kernel_pair_circuit,inventory_only_not_submitted,,,"Enable dynamical decoupling only; record sequence, scheduling, and any default options.",,,Populate circuit_artifact_path/circuit_sha256/job_id after actual circuit build/submission.
zz4_H1_zz4_pair_0087,zz4_pair_0087,H1,sampler_dynamical_decoupling,ibm_fez,F_quantum_4,zz4,ZZ4,4,4,Sampler,4096,3,21,off_diagonal,all_qubits_all_zero_probability_for_compute_uncompute_fidelity,ZZ4_compute_uncompute_kernel_pair_circuit,inventory_only_not_submitted,,,"Enable dynamical decoupling only; record sequence, scheduling, and any default options.",,,Populate circuit_artifact_path/circuit_sha256/job_id after actual circuit build/submission.
zz4_H1_zz4_pair_0088,zz4_pair_0088,H1,sampler_dynamical_decoupling,ibm_fez,F_quantum_4,zz4,ZZ4,4,4,Sampler,4096,3,22,off_diagonal,all_qubits_all_zero_probability_for_compute_uncompute_fidelity,ZZ4_compute_uncompute_kernel_pair_circuit,inventory_only_not_submitted,,,"Enable dynamical decoupling only; record sequence, scheduling, and any default options.",,,Populate circuit_artifact_path/circuit_sha256/job_id after actual circuit build/submission.
zz4_H1_zz4_pair_0089,zz4_pair_0089,H1,sampler_dynamical_decoupling,ibm_fez,F_quantum_4,zz4,ZZ4,4,4,Sampler,4096,3,23,off_diagonal,all_qubits_all_zero_probability_for_compute_uncompute_fidelity,ZZ4_compute_uncompute_kernel_pair_circuit,inventory_only_not_submitted,,,"Enable dynamical decoupling only; record sequence, scheduling, and any default options.",,,Populate circuit_artifact_path/circuit_sha256/job_id after actual circuit build/submission.
zz4_H1_zz4_pair_0090,zz4_pair_0090,H1,sampler_dynamical_decoupling,ibm_fez,F_quantum_4,zz4,ZZ4,4,4,Sampler,4096,4,4,diagonal,all_qubits_all_zero_probability_for_compute_uncompute_fidelity,ZZ4_compute_uncompute_kernel_pair_circuit,inventory_only_not_submitted,,,"Enable dynamical decoupling only; record sequence, scheduling, and any default options.",,,Populate circuit_artifact_path/circuit_sha256/job_id after actual circuit build/submission.
zz4_H1_zz4_pair_0091,zz4_pair_0091,H1,sampler_dynamical_decoupling,ibm_fez,F_quantum_4,zz4,ZZ4,4,4,Sampler,4096,4,5,off_diagonal,all_qubits_all_zero_probability_for_compute_uncompute_fidelity,ZZ4_compute_uncompute_kernel_pair_circuit,inventory_only_not_submitted,,,"Enable dynamical decoupling only; record sequence, scheduling, and any default options.",,,Populate circuit_artifact_path/circuit_sha256/job_id after actual circuit build/submission.
zz4_H1_zz4_pair_0092,zz4_pair_0092,H1,sampler_dynamical_decoupling,ibm_fez,F_quantum_4,zz4,ZZ4,4,4,Sampler,4096,4,6,off_diagonal,all_qubits_all_zero_probability_for_compute_uncompute_fidelity,ZZ4_compute_uncompute_kernel_pair_circuit,inventory_only_not_submitted,,,"Enable dynamical decoupling only; record sequence, scheduling, and any default options.",,,Populate circuit_artifact_path/circuit_sha256/job_id after actual circuit build/submission.
zz4_H1_zz4_pair_0093,zz4_pair_0093,H1,sampler_dynamical_decoupling,ibm_fez,F_quantum_4,zz4,ZZ4,4,4,Sampler,4096,4,7,off_diagonal,all_qubits_all_zero_probability_for_compute_uncompute_fidelity,ZZ4_compute_uncompute_kernel_pair_circuit,inventory_only_not_submitted,,,"Enable dynamical decoupling only; record sequence, scheduling, and any default options.",,,Populate circuit_artifact_path/circuit_sha256/job_id after actual circuit build/submission.
zz4_H1_zz4_pair_0094,zz4_pair_0094,H1,sampler_dynamical_decoupling,ibm_fez,F_quantum_4,zz4,ZZ4,4,4,Sampler,4096,4,8,off_diagonal,all_qubits_all_zero_probability_for_compute_uncompute_fidelity,ZZ4_compute_uncompute_kernel_pair_circuit,inventory_only_not_submitted,,,"Enable dynamical decoupling only; record sequence, scheduling, and any default options.",,,Populate circuit_artifact_path/circuit_sha256/job_id after actual circuit build/submission.
zz4_H1_zz4_pair_0095,zz4_pair_0095,H1,sampler_dynamical_decoupling,ibm_fez,F_quantum_4,zz4,ZZ4,4,4,Sampler,4096,4,9,off_diagonal,all_qubits_all_zero_probability_for_compute_uncompute_fidelity,ZZ4_compute_uncompute_kernel_pair_circuit,inventory_only_not_submitted,,,"Enable dynamical decoupling only; record sequence, scheduling, and any default options.",,,Populate circuit_artifact_path/circuit_sha256/job_id after actual circuit build/submission.
zz4_H1_zz4_pair_0096,zz4_pair_0096,H1,sampler_dynamical_decoupling,ibm_fez,F_quantum_4,zz4,ZZ4,4,4,Sampler,4096,4,10,off_diagonal,all_qubits_all_zero_probability_for_compute_uncompute_fidelity,ZZ4_compute_uncompute_kernel_pair_circuit,inventory_only_not_submitted,,,"Enable dynamical decoupling only; record sequence, scheduling, and any default options.",,,Populate circuit_artifact_path/circuit_sha256/job_id after actual circuit build/submission.
zz4_H1_zz4_pair_0097,zz4_pair_0097,H1,sampler_dynamical_decoupling,ibm_fez,F_quantum_4,zz4,ZZ4,4,4,Sampler,4096,4,11,off_diagonal,all_qubits_all_zero_probability_for_compute_uncompute_fidelity,ZZ4_compute_uncompute_kernel_pair_circuit,inventory_only_not_submitted,,,"Enable dynamical decoupling only; record sequence, scheduling, and any default options.",,,Populate circuit_artifact_path/circuit_sha256/job_id after actual circuit build/submission.
zz4_H1_zz4_pair_0098,zz4_pair_0098,H1,sampler_dynamical_decoupling,ibm_fez,F_quantum_4,zz4,ZZ4,4,4,Sampler,4096,4,12,off_diagonal,all_qubits_all_zero_probability_for_compute_uncompute_fidelity,ZZ4_compute_uncompute_kernel_pair_circuit,inventory_only_not_submitted,,,"Enable dynamical decoupling only; record sequence, scheduling, and any default options.",,,Populate circuit_artifact_path/circuit_sha256/job_id after actual circuit build/submission.
zz4_H1_zz4_pair_0099,zz4_pair_0099,H1,sampler_dynamical_decoupling,ibm_fez,F_quantum_4,zz4,ZZ4,4,4,Sampler,4096,4,13,off_diagonal,all_qubits_all_zero_probability_for_compute_uncompute_fidelity,ZZ4_compute_uncompute_kernel_pair_circuit,inventory_only_not_submitted,,,"Enable dynamical decoupling only; record sequence, scheduling, and any default options.",,,Populate circuit_artifact_path/circuit_sha256/job_id after actual circuit build/submission.
zz4_H1_zz4_pair_0100,zz4_pair_0100,H1,sampler_dynamical_decoupling,ibm_fez,F_quantum_4,zz4,ZZ4,4,4,Sampler,4096,4,14,off_diagonal,all_qubits_all_zero_probability_for_compute_uncompute_fidelity,ZZ4_compute_uncompute_kernel_pair_circuit,inventory_only_not_submitted,,,"Enable dynamical decoupling only; record sequence, scheduling, and any default options.",,,Populate circuit_artifact_path/circuit_sha256/job_id after actual circuit build/submission.
zz4_H1_zz4_pair_0101,zz4_pair_0101,H1,sampler_dynamical_decoupling,ibm_fez,F_quantum_4,zz4,ZZ4,4,4,Sampler,4096,4,15,off_diagonal,all_qubits_all_zero_probability_for_compute_uncompute_fidelity,ZZ4_compute_uncompute_kernel_pair_circuit,inventory_only_not_submitted,,,"Enable dynamical decoupling only; record sequence, scheduling, and any default options.",,,Populate circuit_artifact_path/circuit_sha256/job_id after actual circuit build/submission.
zz4_H1_zz4_pair_0102,zz4_pair_0102,H1,sampler_dynamical_decoupling,ibm_fez,F_quantum_4,zz4,ZZ4,4,4,Sampler,4096,4,16,off_diagonal,all_qubits_all_zero_probability_for_compute_uncompute_fidelity,ZZ4_compute_uncompute_kernel_pair_circuit,inventory_only_not_submitted,,,"Enable dynamical decoupling only; record sequence, scheduling, and any default options.",,,Populate circuit_artifact_path/circuit_sha256/job_id after actual circuit build/submission.
zz4_H1_zz4_pair_0103,zz4_pair_0103,H1,sampler_dynamical_decoupling,ibm_fez,F_quantum_4,zz4,ZZ4,4,4,Sampler,4096,4,17,off_diagonal,all_qubits_all_zero_probability_for_compute_uncompute_fidelity,ZZ4_compute_uncompute_kernel_pair_circuit,inventory_only_not_submitted,,,"Enable dynamical decoupling only; record sequence, scheduling, and any default options.",,,Populate circuit_artifact_path/circuit_sha256/job_id after actual circuit build/submission.
zz4_H1_zz4_pair_0104,zz4_pair_0104,H1,sampler_dynamical_decoupling,ibm_fez,F_quantum_4,zz4,ZZ4,4,4,Sampler,4096,4,18,off_diagonal,all_qubits_all_zero_probability_for_compute_uncompute_fidelity,ZZ4_compute_uncompute_kernel_pair_circuit,inventory_only_not_submitted,,,"Enable dynamical decoupling only; record sequence, scheduling, and any default options.",,,Populate circuit_artifact_path/circuit_sha256/job_id after actual circuit build/submission.
zz4_H1_zz4_pair_0105,zz4_pair_0105,H1,sampler_dynamical_decoupling,ibm_fez,F_quantum_4,zz4,ZZ4,4,4,Sampler,4096,4,19,off_diagonal,all_qubits_all_zero_probability_for_compute_uncompute_fidelity,ZZ4_compute_uncompute_kernel_pair_circuit,inventory_only_not_submitted,,,"Enable dynamical decoupling only; record sequence, scheduling, and any default options.",,,Populate circuit_artifact_path/circuit_sha256/job_id after actual circuit build/submission.
zz4_H1_zz4_pair_0106,zz4_pair_0106,H1,sampler_dynamical_decoupling,ibm_fez,F_quantum_4,zz4,ZZ4,4,4,Sampler,4096,4,20,off_diagonal,all_qubits_all_zero_probability_for_compute_uncompute_fidelity,ZZ4_compute_uncompute_kernel_pair_circuit,inventory_only_not_submitted,,,"Enable dynamical decoupling only; record sequence, scheduling, and any default options.",,,Populate circuit_artifact_path/circuit_sha256/job_id after actual circuit build/submission.
zz4_H1_zz4_pair_0107,zz4_pair_0107,H1,sampler_dynamical_decoupling,ibm_fez,F_quantum_4,zz4,ZZ4,4,4,Sampler,4096,4,21,off_diagonal,all_qubits_all_zero_probability_for_compute_uncompute_fidelity,ZZ4_compute_uncompute_kernel_pair_circuit,inventory_only_not_submitted,,,"Enable dynamical decoupling only; record sequence, scheduling, and any default options.",,,Populate circuit_artifact_path/circuit_sha256/job_id after actual circuit build/submission.
zz4_H1_zz4_pair_0108,zz4_pair_0108,H1,sampler_dynamical_decoupling,ibm_fez,F_quantum_4,zz4,ZZ4,4,4,Sampler,4096,4,22,off_diagonal,all_qubits_all_zero_probability_for_compute_uncompute_fidelity,ZZ4_compute_uncompute_kernel_pair_circuit,inventory_only_not_submitted,,,"Enable dynamical decoupling only; record sequence, scheduling, and any default options.",,,Populate circuit_artifact_path/circuit_sha256/job_id after actual circuit build/submission.
zz4_H1_zz4_pair_0109,zz4_pair_0109,H1,sampler_dynamical_decoupling,ibm_fez,F_quantum_4,zz4,ZZ4,4,4,Sampler,4096,4,23,off_diagonal,all_qubits_all_zero_probability_for_compute_uncompute_fidelity,ZZ4_compute_uncompute_kernel_pair_circuit,inventory_only_not_submitted,,,"Enable dynamical decoupling only; record sequence, scheduling, and any default options.",,,Populate circuit_artifact_path/circuit_sha256/job_id after actual circuit build/submission.
zz4_H1_zz4_pair_0110,zz4_pair_0110,H1,sampler_dynamical_decoupling,ibm_fez,F_quantum_4,zz4,ZZ4,4,4,Sampler,4096,5,5,diagonal,all_qubits_all_zero_probability_for_compute_uncompute_fidelity,ZZ4_compute_uncompute_kernel_pair_circuit,inventory_only_not_submitted,,,"Enable dynamical decoupling only; record sequence, scheduling, and any default options.",,,Populate circuit_artifact_path/circuit_sha256/job_id after actual circuit build/submission.
zz4_H1_zz4_pair_0111,zz4_pair_0111,H1,sampler_dynamical_decoupling,ibm_fez,F_quantum_4,zz4,ZZ4,4,4,Sampler,4096,5,6,off_diagonal,all_qubits_all_zero_probability_for_compute_uncompute_fidelity,ZZ4_compute_uncompute_kernel_pair_circuit,inventory_only_not_submitted,,,"Enable dynamical decoupling only; record sequence, scheduling, and any default options.",,,Populate circuit_artifact_path/circuit_sha256/job_id after actual circuit build/submission.
zz4_H1_zz4_pair_0112,zz4_pair_0112,H1,sampler_dynamical_decoupling,ibm_fez,F_quantum_4,zz4,ZZ4,4,4,Sampler,4096,5,7,off_diagonal,all_qubits_all_zero_probability_for_compute_uncompute_fidelity,ZZ4_compute_uncompute_kernel_pair_circuit,inventory_only_not_submitted,,,"Enable dynamical decoupling only; record sequence, scheduling, and any default options.",,,Populate circuit_artifact_path/circuit_sha256/job_id after actual circuit build/submission.
zz4_H1_zz4_pair_0113,zz4_pair_0113,H1,sampler_dynamical_decoupling,ibm_fez,F_quantum_4,zz4,ZZ4,4,4,Sampler,4096,5,8,off_diagonal,all_qubits_all_zero_probability_for_compute_uncompute_fidelity,ZZ4_compute_uncompute_kernel_pair_circuit,inventory_only_not_submitted,,,"Enable dynamical decoupling only; record sequence, scheduling, and any default options.",,,Populate circuit_artifact_path/circuit_sha256/job_id after actual circuit build/submission.
zz4_H1_zz4_pair_0114,zz4_pair_0114,H1,sampler_dynamical_decoupling,ibm_fez,F_quantum_4,zz4,ZZ4,4,4,Sampler,4096,5,9,off_diagonal,all_qubits_all_zero_probability_for_compute_uncompute_fidelity,ZZ4_compute_uncompute_kernel_pair_circuit,inventory_only_not_submitted,,,"Enable dynamical decoupling only; record sequence, scheduling, and any default options.",,,Populate circuit_artifact_path/circuit_sha256/job_id after actual circuit build/submission.
zz4_H1_zz4_pair_0115,zz4_pair_0115,H1,sampler_dynamical_decoupling,ibm_fez,F_quantum_4,zz4,ZZ4,4,4,Sampler,4096,5,10,off_diagonal,all_qubits_all_zero_probability_for_compute_uncompute_fidelity,ZZ4_compute_uncompute_kernel_pair_circuit,inventory_only_not_submitted,,,"Enable dynamical decoupling only; record sequence, scheduling, and any default options.",,,Populate circuit_artifact_path/circuit_sha256/job_id after actual circuit build/submission.
zz4_H1_zz4_pair_0116,zz4_pair_0116,H1,sampler_dynamical_decoupling,ibm_fez,F_quantum_4,zz4,ZZ4,4,4,Sampler,4096,5,11,off_diagonal,all_qubits_all_zero_probability_for_compute_uncompute_fidelity,ZZ4_compute_uncompute_kernel_pair_circuit,inventory_only_not_submitted,,,"Enable dynamical decoupling only; record sequence, scheduling, and any default options.",,,Populate circuit_artifact_path/circuit_sha256/job_id after actual circuit build/submission.
zz4_H1_zz4_pair_0117,zz4_pair_0117,H1,sampler_dynamical_decoupling,ibm_fez,F_quantum_4,zz4,ZZ4,4,4,Sampler,4096,5,12,off_diagonal,all_qubits_all_zero_probability_for_compute_uncompute_fidelity,ZZ4_compute_uncompute_kernel_pair_circuit,inventory_only_not_submitted,,,"Enable dynamical decoupling only; record sequence, scheduling, and any default options.",,,Populate circuit_artifact_path/circuit_sha256/job_id after actual circuit build/submission.
zz4_H1_zz4_pair_0118,zz4_pair_0118,H1,sampler_dynamical_decoupling,ibm_fez,F_quantum_4,zz4,ZZ4,4,4,Sampler,4096,5,13,off_diagonal,all_qubits_all_zero_probability_for_compute_uncompute_fidelity,ZZ4_compute_uncompute_kernel_pair_circuit,inventory_only_not_submitted,,,"Enable dynamical decoupling only; record sequence, scheduling, and any default options.",,,Populate circuit_artifact_path/circuit_sha256/job_id after actual circuit build/submission.
zz4_H1_zz4_pair_0119,zz4_pair_0119,H1,sampler_dynamical_decoupling,ibm_fez,F_quantum_4,zz4,ZZ4,4,4,Sampler,4096,5,14,off_diagonal,all_qubits_all_zero_probability_for_compute_uncompute_fidelity,ZZ4_compute_uncompute_kernel_pair_circuit,inventory_only_not_submitted,,,"Enable dynamical decoupling only; record sequence, scheduling, and any default options.",,,Populate circuit_artifact_path/circuit_sha256/job_id after actual circuit build/submission.
zz4_H1_zz4_pair_0120,zz4_pair_0120,H1,sampler_dynamical_decoupling,ibm_fez,F_quantum_4,zz4,ZZ4,4,4,Sampler,4096,5,15,off_diagonal,all_qubits_all_zero_probability_for_compute_uncompute_fidelity,ZZ4_compute_uncompute_kernel_pair_circuit,inventory_only_not_submitted,,,"Enable dynamical decoupling only; record sequence, scheduling, and any default options.",,,Populate circuit_artifact_path/circuit_sha256/job_id after actual circuit build/submission.
zz4_H1_zz4_pair_0121,zz4_pair_0121,H1,sampler_dynamical_decoupling,ibm_fez,F_quantum_4,zz4,ZZ4,4,4,Sampler,4096,5,16,off_diagonal,all_qubits_all_zero_probability_for_compute_uncompute_fidelity,ZZ4_compute_uncompute_kernel_pair_circuit,inventory_only_not_submitted,,,"Enable dynamical decoupling only; record sequence, scheduling, and any default options.",,,Populate circuit_artifact_path/circuit_sha256/job_id after actual circuit build/submission.
zz4_H1_zz4_pair_0122,zz4_pair_0122,H1,sampler_dynamical_decoupling,ibm_fez,F_quantum_4,zz4,ZZ4,4,4,Sampler,4096,5,17,off_diagonal,all_qubits_all_zero_probability_for_compute_uncompute_fidelity,ZZ4_compute_uncompute_kernel_pair_circuit,inventory_only_not_submitted,,,"Enable dynamical decoupling only; record sequence, scheduling, and any default options.",,,Populate circuit_artifact_path/circuit_sha256/job_id after actual circuit build/submission.
zz4_H1_zz4_pair_0123,zz4_pair_0123,H1,sampler_dynamical_decoupling,ibm_fez,F_quantum_4,zz4,ZZ4,4,4,Sampler,4096,5,18,off_diagonal,all_qubits_all_zero_probability_for_compute_uncompute_fidelity,ZZ4_compute_uncompute_kernel_pair_circuit,inventory_only_not_submitted,,,"Enable dynamical decoupling only; record sequence, scheduling, and any default options.",,,Populate circuit_artifact_path/circuit_sha256/job_id after actual circuit build/submission.
zz4_H1_zz4_pair_0124,zz4_pair_0124,H1,sampler_dynamical_decoupling,ibm_fez,F_quantum_4,zz4,ZZ4,4,4,Sampler,4096,5,19,off_diagonal,all_qubits_all_zero_probability_for_compute_uncompute_fidelity,ZZ4_compute_uncompute_kernel_pair_circuit,inventory_only_not_submitted,,,"Enable dynamical decoupling only; record sequence, scheduling, and any default options.",,,Populate circuit_artifact_path/circuit_sha256/job_id after actual circuit build/submission.
zz4_H1_zz4_pair_0125,zz4_pair_0125,H1,sampler_dynamical_decoupling,ibm_fez,F_quantum_4,zz4,ZZ4,4,4,Sampler,4096,5,20,off_diagonal,all_qubits_all_zero_probability_for_compute_uncompute_fidelity,ZZ4_compute_uncompute_kernel_pair_circuit,inventory_only_not_submitted,,,"Enable dynamical decoupling only; record sequence, scheduling, and any default options.",,,Populate circuit_artifact_path/circuit_sha256/job_id after actual circuit build/submission.
zz4_H1_zz4_pair_0126,zz4_pair_0126,H1,sampler_dynamical_decoupling,ibm_fez,F_quantum_4,zz4,ZZ4,4,4,Sampler,4096,5,21,off_diagonal,all_qubits_all_zero_probability_for_compute_uncompute_fidelity,ZZ4_compute_uncompute_kernel_pair_circuit,inventory_only_not_submitted,,,"Enable dynamical decoupling only; record sequence, scheduling, and any default options.",,,Populate circuit_artifact_path/circuit_sha256/job_id after actual circuit build/submission.
zz4_H1_zz4_pair_0127,zz4_pair_0127,H1,sampler_dynamical_decoupling,ibm_fez,F_quantum_4,zz4,ZZ4,4,4,Sampler,4096,5,22,off_diagonal,all_qubits_all_zero_probability_for_compute_uncompute_fidelity,ZZ4_compute_uncompute_kernel_pair_circuit,inventory_only_not_submitted,,,"Enable dynamical decoupling only; record sequence, scheduling, and any default options.",,,Populate circuit_artifact_path/circuit_sha256/job_id after actual circuit build/submission.
zz4_H1_zz4_pair_0128,zz4_pair_0128,H1,sampler_dynamical_decoupling,ibm_fez,F_quantum_4,zz4,ZZ4,4,4,Sampler,4096,5,23,off_diagonal,all_qubits_all_zero_probability_for_compute_uncompute_fidelity,ZZ4_compute_uncompute_kernel_pair_circuit,inventory_only_not_submitted,,,"Enable dynamical decoupling only; record sequence, scheduling, and any default options.",,,Populate circuit_artifact_path/circuit_sha256/job_id after actual circuit build/submission.
zz4_H1_zz4_pair_0129,zz4_pair_0129,H1,sampler_dynamical_decoupling,ibm_fez,F_quantum_4,zz4,ZZ4,4,4,Sampler,4096,6,6,diagonal,all_qubits_all_zero_probability_for_compute_uncompute_fidelity,ZZ4_compute_uncompute_kernel_pair_circuit,inventory_only_not_submitted,,,"Enable dynamical decoupling only; record sequence, scheduling, and any default options.",,,Populate circuit_artifact_path/circuit_sha256/job_id after actual circuit build/submission.
zz4_H1_zz4_pair_0130,zz4_pair_0130,H1,sampler_dynamical_decoupling,ibm_fez,F_quantum_4,zz4,ZZ4,4,4,Sampler,4096,6,7,off_diagonal,all_qubits_all_zero_probability_for_compute_uncompute_fidelity,ZZ4_compute_uncompute_kernel_pair_circuit,inventory_only_not_submitted,,,"Enable dynamical decoupling only; record sequence, scheduling, and any default options.",,,Populate circuit_artifact_path/circuit_sha256/job_id after actual circuit build/submission.
zz4_H1_zz4_pair_0131,zz4_pair_0131,H1,sampler_dynamical_decoupling,ibm_fez,F_quantum_4,zz4,ZZ4,4,4,Sampler,4096,6,8,off_diagonal,all_qubits_all_zero_probability_for_compute_uncompute_fidelity,ZZ4_compute_uncompute_kernel_pair_circuit,inventory_only_not_submitted,,,"Enable dynamical decoupling only; record sequence, scheduling, and any default options.",,,Populate circuit_artifact_path/circuit_sha256/job_id after actual circuit build/submission.
zz4_H1_zz4_pair_0132,zz4_pair_0132,H1,sampler_dynamical_decoupling,ibm_fez,F_quantum_4,zz4,ZZ4,4,4,Sampler,4096,6,9,off_diagonal,all_qubits_all_zero_probability_for_compute_uncompute_fidelity,ZZ4_compute_uncompute_kernel_pair_circuit,inventory_only_not_submitted,,,"Enable dynamical decoupling only; record sequence, scheduling, and any default options.",,,Populate circuit_artifact_path/circuit_sha256/job_id after actual circuit build/submission.
zz4_H1_zz4_pair_0133,zz4_pair_0133,H1,sampler_dynamical_decoupling,ibm_fez,F_quantum_4,zz4,ZZ4,4,4,Sampler,4096,6,10,off_diagonal,all_qubits_all_zero_probability_for_compute_uncompute_fidelity,ZZ4_compute_uncompute_kernel_pair_circuit,inventory_only_not_submitted,,,"Enable dynamical decoupling only; record sequence, scheduling, and any default options.",,,Populate circuit_artifact_path/circuit_sha256/job_id after actual circuit build/submission.
zz4_H1_zz4_pair_0134,zz4_pair_0134,H1,sampler_dynamical_decoupling,ibm_fez,F_quantum_4,zz4,ZZ4,4,4,Sampler,4096,6,11,off_diagonal,all_qubits_all_zero_probability_for_compute_uncompute_fidelity,ZZ4_compute_uncompute_kernel_pair_circuit,inventory_only_not_submitted,,,"Enable dynamical decoupling only; record sequence, scheduling, and any default options.",,,Populate circuit_artifact_path/circuit_sha256/job_id after actual circuit build/submission.
zz4_H1_zz4_pair_0135,zz4_pair_0135,H1,sampler_dynamical_decoupling,ibm_fez,F_quantum_4,zz4,ZZ4,4,4,Sampler,4096,6,12,off_diagonal,all_qubits_all_zero_probability_for_compute_uncompute_fidelity,ZZ4_compute_uncompute_kernel_pair_circuit,inventory_only_not_submitted,,,"Enable dynamical decoupling only; record sequence, scheduling, and any default options.",,,Populate circuit_artifact_path/circuit_sha256/job_id after actual circuit build/submission.
zz4_H1_zz4_pair_0136,zz4_pair_0136,H1,sampler_dynamical_decoupling,ibm_fez,F_quantum_4,zz4,ZZ4,4,4,Sampler,4096,6,13,off_diagonal,all_qubits_all_zero_probability_for_compute_uncompute_fidelity,ZZ4_compute_uncompute_kernel_pair_circuit,inventory_only_not_submitted,,,"Enable dynamical decoupling only; record sequence, scheduling, and any default options.",,,Populate circuit_artifact_path/circuit_sha256/job_id after actual circuit build/submission.
zz4_H1_zz4_pair_0137,zz4_pair_0137,H1,sampler_dynamical_decoupling,ibm_fez,F_quantum_4,zz4,ZZ4,4,4,Sampler,4096,6,14,off_diagonal,all_qubits_all_zero_probability_for_compute_uncompute_fidelity,ZZ4_compute_uncompute_kernel_pair_circuit,inventory_only_not_submitted,,,"Enable dynamical decoupling only; record sequence, scheduling, and any default options.",,,Populate circuit_artifact_path/circuit_sha256/job_id after actual circuit build/submission.
zz4_H1_zz4_pair_0138,zz4_pair_0138,H1,sampler_dynamical_decoupling,ibm_fez,F_quantum_4,zz4,ZZ4,4,4,Sampler,4096,6,15,off_diagonal,all_qubits_all_zero_probability_for_compute_uncompute_fidelity,ZZ4_compute_uncompute_kernel_pair_circuit,inventory_only_not_submitted,,,"Enable dynamical decoupling only; record sequence, scheduling, and any default options.",,,Populate circuit_artifact_path/circuit_sha256/job_id after actual circuit build/submission.
zz4_H1_zz4_pair_0139,zz4_pair_0139,H1,sampler_dynamical_decoupling,ibm_fez,F_quantum_4,zz4,ZZ4,4,4,Sampler,4096,6,16,off_diagonal,all_qubits_all_zero_probability_for_compute_uncompute_fidelity,ZZ4_compute_uncompute_kernel_pair_circuit,inventory_only_not_submitted,,,"Enable dynamical decoupling only; record sequence, scheduling, and any default options.",,,Populate circuit_artifact_path/circuit_sha256/job_id after actual circuit build/submission.
zz4_H1_zz4_pair_0140,zz4_pair_0140,H1,sampler_dynamical_decoupling,ibm_fez,F_quantum_4,zz4,ZZ4,4,4,Sampler,4096,6,17,off_diagonal,all_qubits_all_zero_probability_for_compute_uncompute_fidelity,ZZ4_compute_uncompute_kernel_pair_circuit,inventory_only_not_submitted,,,"Enable dynamical decoupling only; record sequence, scheduling, and any default options.",,,Populate circuit_artifact_path/circuit_sha256/job_id after actual circuit build/submission.
zz4_H1_zz4_pair_0141,zz4_pair_0141,H1,sampler_dynamical_decoupling,ibm_fez,F_quantum_4,zz4,ZZ4,4,4,Sampler,4096,6,18,off_diagonal,all_qubits_all_zero_probability_for_compute_uncompute_fidelity,ZZ4_compute_uncompute_kernel_pair_circuit,inventory_only_not_submitted,,,"Enable dynamical decoupling only; record sequence, scheduling, and any default options.",,,Populate circuit_artifact_path/circuit_sha256/job_id after actual circuit build/submission.
zz4_H1_zz4_pair_0142,zz4_pair_0142,H1,sampler_dynamical_decoupling,ibm_fez,F_quantum_4,zz4,ZZ4,4,4,Sampler,4096,6,19,off_diagonal,all_qubits_all_zero_probability_for_compute_uncompute_fidelity,ZZ4_compute_uncompute_kernel_pair_circuit,inventory_only_not_submitted,,,"Enable dynamical decoupling only; record sequence, scheduling, and any default options.",,,Populate circuit_artifact_path/circuit_sha256/job_id after actual circuit build/submission.
zz4_H1_zz4_pair_0143,zz4_pair_0143,H1,sampler_dynamical_decoupling,ibm_fez,F_quantum_4,zz4,ZZ4,4,4,Sampler,4096,6,20,off_diagonal,all_qubits_all_zero_probability_for_compute_uncompute_fidelity,ZZ4_compute_uncompute_kernel_pair_circuit,inventory_only_not_submitted,,,"Enable dynamical decoupling only; record sequence, scheduling, and any default options.",,,Populate circuit_artifact_path/circuit_sha256/job_id after actual circuit build/submission.
zz4_H1_zz4_pair_0144,zz4_pair_0144,H1,sampler_dynamical_decoupling,ibm_fez,F_quantum_4,zz4,ZZ4,4,4,Sampler,4096,6,21,off_diagonal,all_qubits_all_zero_probability_for_compute_uncompute_fidelity,ZZ4_compute_uncompute_kernel_pair_circuit,inventory_only_not_submitted,,,"Enable dynamical decoupling only; record sequence, scheduling, and any default options.",,,Populate circuit_artifact_path/circuit_sha256/job_id after actual circuit build/submission.
zz4_H1_zz4_pair_0145,zz4_pair_0145,H1,sampler_dynamical_decoupling,ibm_fez,F_quantum_4,zz4,ZZ4,4,4,Sampler,4096,6,22,off_diagonal,all_qubits_all_zero_probability_for_compute_uncompute_fidelity,ZZ4_compute_uncompute_kernel_pair_circuit,inventory_only_not_submitted,,,"Enable dynamical decoupling only; record sequence, scheduling, and any default options.",,,Populate circuit_artifact_path/circuit_sha256/job_id after actual circuit build/submission.
zz4_H1_zz4_pair_0146,zz4_pair_0146,H1,sampler_dynamical_decoupling,ibm_fez,F_quantum_4,zz4,ZZ4,4,4,Sampler,4096,6,23,off_diagonal,all_qubits_all_zero_probability_for_compute_uncompute_fidelity,ZZ4_compute_uncompute_kernel_pair_circuit,inventory_only_not_submitted,,,"Enable dynamical decoupling only; record sequence, scheduling, and any default options.",,,Populate circuit_artifact_path/circuit_sha256/job_id after actual circuit build/submission.
zz4_H1_zz4_pair_0147,zz4_pair_0147,H1,sampler_dynamical_decoupling,ibm_fez,F_quantum_4,zz4,ZZ4,4,4,Sampler,4096,7,7,diagonal,all_qubits_all_zero_probability_for_compute_uncompute_fidelity,ZZ4_compute_uncompute_kernel_pair_circuit,inventory_only_not_submitted,,,"Enable dynamical decoupling only; record sequence, scheduling, and any default options.",,,Populate circuit_artifact_path/circuit_sha256/job_id after actual circuit build/submission.
zz4_H1_zz4_pair_0148,zz4_pair_0148,H1,sampler_dynamical_decoupling,ibm_fez,F_quantum_4,zz4,ZZ4,4,4,Sampler,4096,7,8,off_diagonal,all_qubits_all_zero_probability_for_compute_uncompute_fidelity,ZZ4_compute_uncompute_kernel_pair_circuit,inventory_only_not_submitted,,,"Enable dynamical decoupling only; record sequence, scheduling, and any default options.",,,Populate circuit_artifact_path/circuit_sha256/job_id after actual circuit build/submission.
zz4_H1_zz4_pair_0149,zz4_pair_0149,H1,sampler_dynamical_decoupling,ibm_fez,F_quantum_4,zz4,ZZ4,4,4,Sampler,4096,7,9,off_diagonal,all_qubits_all_zero_probability_for_compute_uncompute_fidelity,ZZ4_compute_uncompute_kernel_pair_circuit,inventory_only_not_submitted,,,"Enable dynamical decoupling only; record sequence, scheduling, and any default options.",,,Populate circuit_artifact_path/circuit_sha256/job_id after actual circuit build/submission.
zz4_H1_zz4_pair_0150,zz4_pair_0150,H1,sampler_dynamical_decoupling,ibm_fez,F_quantum_4,zz4,ZZ4,4,4,Sampler,4096,7,10,off_diagonal,all_qubits_all_zero_probability_for_compute_uncompute_fidelity,ZZ4_compute_uncompute_kernel_pair_circuit,inventory_only_not_submitted,,,"Enable dynamical decoupling only; record sequence, scheduling, and any default options.",,,Populate circuit_artifact_path/circuit_sha256/job_id after actual circuit build/submission.
zz4_H1_zz4_pair_0151,zz4_pair_0151,H1,sampler_dynamical_decoupling,ibm_fez,F_quantum_4,zz4,ZZ4,4,4,Sampler,4096,7,11,off_diagonal,all_qubits_all_zero_probability_for_compute_uncompute_fidelity,ZZ4_compute_uncompute_kernel_pair_circuit,inventory_only_not_submitted,,,"Enable dynamical decoupling only; record sequence, scheduling, and any default options.",,,Populate circuit_artifact_path/circuit_sha256/job_id after actual circuit build/submission.
zz4_H1_zz4_pair_0152,zz4_pair_0152,H1,sampler_dynamical_decoupling,ibm_fez,F_quantum_4,zz4,ZZ4,4,4,Sampler,4096,7,12,off_diagonal,all_qubits_all_zero_probability_for_compute_uncompute_fidelity,ZZ4_compute_uncompute_kernel_pair_circuit,inventory_only_not_submitted,,,"Enable dynamical decoupling only; record sequence, scheduling, and any default options.",,,Populate circuit_artifact_path/circuit_sha256/job_id after actual circuit build/submission.
zz4_H1_zz4_pair_0153,zz4_pair_0153,H1,sampler_dynamical_decoupling,ibm_fez,F_quantum_4,zz4,ZZ4,4,4,Sampler,4096,7,13,off_diagonal,all_qubits_all_zero_probability_for_compute_uncompute_fidelity,ZZ4_compute_uncompute_kernel_pair_circuit,inventory_only_not_submitted,,,"Enable dynamical decoupling only; record sequence, scheduling, and any default options.",,,Populate circuit_artifact_path/circuit_sha256/job_id after actual circuit build/submission.
zz4_H1_zz4_pair_0154,zz4_pair_0154,H1,sampler_dynamical_decoupling,ibm_fez,F_quantum_4,zz4,ZZ4,4,4,Sampler,4096,7,14,off_diagonal,all_qubits_all_zero_probability_for_compute_uncompute_fidelity,ZZ4_compute_uncompute_kernel_pair_circuit,inventory_only_not_submitted,,,"Enable dynamical decoupling only; record sequence, scheduling, and any default options.",,,Populate circuit_artifact_path/circuit_sha256/job_id after actual circuit build/submission.
zz4_H1_zz4_pair_0155,zz4_pair_0155,H1,sampler_dynamical_decoupling,ibm_fez,F_quantum_4,zz4,ZZ4,4,4,Sampler,4096,7,15,off_diagonal,all_qubits_all_zero_probability_for_compute_uncompute_fidelity,ZZ4_compute_uncompute_kernel_pair_circuit,inventory_only_not_submitted,,,"Enable dynamical decoupling only; record sequence, scheduling, and any default options.",,,Populate circuit_artifact_path/circuit_sha256/job_id after actual circuit build/submission.
zz4_H1_zz4_pair_0156,zz4_pair_0156,H1,sampler_dynamical_decoupling,ibm_fez,F_quantum_4,zz4,ZZ4,4,4,Sampler,4096,7,16,off_diagonal,all_qubits_all_zero_probability_for_compute_uncompute_fidelity,ZZ4_compute_uncompute_kernel_pair_circuit,inventory_only_not_submitted,,,"Enable dynamical decoupling only; record sequence, scheduling, and any default options.",,,Populate circuit_artifact_path/circuit_sha256/job_id after actual circuit build/submission.
zz4_H1_zz4_pair_0157,zz4_pair_0157,H1,sampler_dynamical_decoupling,ibm_fez,F_quantum_4,zz4,ZZ4,4,4,Sampler,4096,7,17,off_diagonal,all_qubits_all_zero_probability_for_compute_uncompute_fidelity,ZZ4_compute_uncompute_kernel_pair_circuit,inventory_only_not_submitted,,,"Enable dynamical decoupling only; record sequence, scheduling, and any default options.",,,Populate circuit_artifact_path/circuit_sha256/job_id after actual circuit build/submission.
zz4_H1_zz4_pair_0158,zz4_pair_0158,H1,sampler_dynamical_decoupling,ibm_fez,F_quantum_4,zz4,ZZ4,4,4,Sampler,4096,7,18,off_diagonal,all_qubits_all_zero_probability_for_compute_uncompute_fidelity,ZZ4_compute_uncompute_kernel_pair_circuit,inventory_only_not_submitted,,,"Enable dynamical decoupling only; record sequence, scheduling, and any default options.",,,Populate circuit_artifact_path/circuit_sha256/job_id after actual circuit build/submission.
zz4_H1_zz4_pair_0159,zz4_pair_0159,H1,sampler_dynamical_decoupling,ibm_fez,F_quantum_4,zz4,ZZ4,4,4,Sampler,4096,7,19,off_diagonal,all_qubits_all_zero_probability_for_compute_uncompute_fidelity,ZZ4_compute_uncompute_kernel_pair_circuit,inventory_only_not_submitted,,,"Enable dynamical decoupling only; record sequence, scheduling, and any default options.",,,Populate circuit_artifact_path/circuit_sha256/job_id after actual circuit build/submission.
zz4_H1_zz4_pair_0160,zz4_pair_0160,H1,sampler_dynamical_decoupling,ibm_fez,F_quantum_4,zz4,ZZ4,4,4,Sampler,4096,7,20,off_diagonal,all_qubits_all_zero_probability_for_compute_uncompute_fidelity,ZZ4_compute_uncompute_kernel_pair_circuit,inventory_only_not_submitted,,,"Enable dynamical decoupling only; record sequence, scheduling, and any default options.",,,Populate circuit_artifact_path/circuit_sha256/job_id after actual circuit build/submission.
zz4_H1_zz4_pair_0161,zz4_pair_0161,H1,sampler_dynamical_decoupling,ibm_fez,F_quantum_4,zz4,ZZ4,4,4,Sampler,4096,7,21,off_diagonal,all_qubits_all_zero_probability_for_compute_uncompute_fidelity,ZZ4_compute_uncompute_kernel_pair_circuit,inventory_only_not_submitted,,,"Enable dynamical decoupling only; record sequence, scheduling, and any default options.",,,Populate circuit_artifact_path/circuit_sha256/job_id after actual circuit build/submission.
zz4_H1_zz4_pair_0162,zz4_pair_0162,H1,sampler_dynamical_decoupling,ibm_fez,F_quantum_4,zz4,ZZ4,4,4,Sampler,4096,7,22,off_diagonal,all_qubits_all_zero_probability_for_compute_uncompute_fidelity,ZZ4_compute_uncompute_kernel_pair_circuit,inventory_only_not_submitted,,,"Enable dynamical decoupling only; record sequence, scheduling, and any default options.",,,Populate circuit_artifact_path/circuit_sha256/job_id after actual circuit build/submission.
zz4_H1_zz4_pair_0163,zz4_pair_0163,H1,sampler_dynamical_decoupling,ibm_fez,F_quantum_4,zz4,ZZ4,4,4,Sampler,4096,7,23,off_diagonal,all_qubits_all_zero_probability_for_compute_uncompute_fidelity,ZZ4_compute_uncompute_kernel_pair_circuit,inventory_only_not_submitted,,,"Enable dynamical decoupling only; record sequence, scheduling, and any default options.",,,Populate circuit_artifact_path/circuit_sha256/job_id after actual circuit build/submission.
zz4_H1_zz4_pair_0164,zz4_pair_0164,H1,sampler_dynamical_decoupling,ibm_fez,F_quantum_4,zz4,ZZ4,4,4,Sampler,4096,8,8,diagonal,all_qubits_all_zero_probability_for_compute_uncompute_fidelity,ZZ4_compute_uncompute_kernel_pair_circuit,inventory_only_not_submitted,,,"Enable dynamical decoupling only; record sequence, scheduling, and any default options.",,,Populate circuit_artifact_path/circuit_sha256/job_id after actual circuit build/submission.
zz4_H1_zz4_pair_0165,zz4_pair_0165,H1,sampler_dynamical_decoupling,ibm_fez,F_quantum_4,zz4,ZZ4,4,4,Sampler,4096,8,9,off_diagonal,all_qubits_all_zero_probability_for_compute_uncompute_fidelity,ZZ4_compute_uncompute_kernel_pair_circuit,inventory_only_not_submitted,,,"Enable dynamical decoupling only; record sequence, scheduling, and any default options.",,,Populate circuit_artifact_path/circuit_sha256/job_id after actual circuit build/submission.
zz4_H1_zz4_pair_0166,zz4_pair_0166,H1,sampler_dynamical_decoupling,ibm_fez,F_quantum_4,zz4,ZZ4,4,4,Sampler,4096,8,10,off_diagonal,all_qubits_all_zero_probability_for_compute_uncompute_fidelity,ZZ4_compute_uncompute_kernel_pair_circuit,inventory_only_not_submitted,,,"Enable dynamical decoupling only; record sequence, scheduling, and any default options.",,,Populate circuit_artifact_path/circuit_sha256/job_id after actual circuit build/submission.
zz4_H1_zz4_pair_0167,zz4_pair_0167,H1,sampler_dynamical_decoupling,ibm_fez,F_quantum_4,zz4,ZZ4,4,4,Sampler,4096,8,11,off_diagonal,all_qubits_all_zero_probability_for_compute_uncompute_fidelity,ZZ4_compute_uncompute_kernel_pair_circuit,inventory_only_not_submitted,,,"Enable dynamical decoupling only; record sequence, scheduling, and any default options.",,,Populate circuit_artifact_path/circuit_sha256/job_id after actual circuit build/submission.
zz4_H1_zz4_pair_0168,zz4_pair_0168,H1,sampler_dynamical_decoupling,ibm_fez,F_quantum_4,zz4,ZZ4,4,4,Sampler,4096,8,12,off_diagonal,all_qubits_all_zero_probability_for_compute_uncompute_fidelity,ZZ4_compute_uncompute_kernel_pair_circuit,inventory_only_not_submitted,,,"Enable dynamical decoupling only; record sequence, scheduling, and any default options.",,,Populate circuit_artifact_path/circuit_sha256/job_id after actual circuit build/submission.
zz4_H1_zz4_pair_0169,zz4_pair_0169,H1,sampler_dynamical_decoupling,ibm_fez,F_quantum_4,zz4,ZZ4,4,4,Sampler,4096,8,13,off_diagonal,all_qubits_all_zero_probability_for_compute_uncompute_fidelity,ZZ4_compute_uncompute_kernel_pair_circuit,inventory_only_not_submitted,,,"Enable dynamical decoupling only; record sequence, scheduling, and any default options.",,,Populate circuit_artifact_path/circuit_sha256/job_id after actual circuit build/submission.
zz4_H1_zz4_pair_0170,zz4_pair_0170,H1,sampler_dynamical_decoupling,ibm_fez,F_quantum_4,zz4,ZZ4,4,4,Sampler,4096,8,14,off_diagonal,all_qubits_all_zero_probability_for_compute_uncompute_fidelity,ZZ4_compute_uncompute_kernel_pair_circuit,inventory_only_not_submitted,,,"Enable dynamical decoupling only; record sequence, scheduling, and any default options.",,,Populate circuit_artifact_path/circuit_sha256/job_id after actual circuit build/submission.
zz4_H1_zz4_pair_0171,zz4_pair_0171,H1,sampler_dynamical_decoupling,ibm_fez,F_quantum_4,zz4,ZZ4,4,4,Sampler,4096,8,15,off_diagonal,all_qubits_all_zero_probability_for_compute_uncompute_fidelity,ZZ4_compute_uncompute_kernel_pair_circuit,inventory_only_not_submitted,,,"Enable dynamical decoupling only; record sequence, scheduling, and any default options.",,,Populate circuit_artifact_path/circuit_sha256/job_id after actual circuit build/submission.
zz4_H1_zz4_pair_0172,zz4_pair_0172,H1,sampler_dynamical_decoupling,ibm_fez,F_quantum_4,zz4,ZZ4,4,4,Sampler,4096,8,16,off_diagonal,all_qubits_all_zero_probability_for_compute_uncompute_fidelity,ZZ4_compute_uncompute_kernel_pair_circuit,inventory_only_not_submitted,,,"Enable dynamical decoupling only; record sequence, scheduling, and any default options.",,,Populate circuit_artifact_path/circuit_sha256/job_id after actual circuit build/submission.
zz4_H1_zz4_pair_0173,zz4_pair_0173,H1,sampler_dynamical_decoupling,ibm_fez,F_quantum_4,zz4,ZZ4,4,4,Sampler,4096,8,17,off_diagonal,all_qubits_all_zero_probability_for_compute_uncompute_fidelity,ZZ4_compute_uncompute_kernel_pair_circuit,inventory_only_not_submitted,,,"Enable dynamical decoupling only; record sequence, scheduling, and any default options.",,,Populate circuit_artifact_path/circuit_sha256/job_id after actual circuit build/submission.
zz4_H1_zz4_pair_0174,zz4_pair_0174,H1,sampler_dynamical_decoupling,ibm_fez,F_quantum_4,zz4,ZZ4,4,4,Sampler,4096,8,18,off_diagonal,all_qubits_all_zero_probability_for_compute_uncompute_fidelity,ZZ4_compute_uncompute_kernel_pair_circuit,inventory_only_not_submitted,,,"Enable dynamical decoupling only; record sequence, scheduling, and any default options.",,,Populate circuit_artifact_path/circuit_sha256/job_id after actual circuit build/submission.
zz4_H1_zz4_pair_0175,zz4_pair_0175,H1,sampler_dynamical_decoupling,ibm_fez,F_quantum_4,zz4,ZZ4,4,4,Sampler,4096,8,19,off_diagonal,all_qubits_all_zero_probability_for_compute_uncompute_fidelity,ZZ4_compute_uncompute_kernel_pair_circuit,inventory_only_not_submitted,,,"Enable dynamical decoupling only; record sequence, scheduling, and any default options.",,,Populate circuit_artifact_path/circuit_sha256/job_id after actual circuit build/submission.
zz4_H1_zz4_pair_0176,zz4_pair_0176,H1,sampler_dynamical_decoupling,ibm_fez,F_quantum_4,zz4,ZZ4,4,4,Sampler,4096,8,20,off_diagonal,all_qubits_all_zero_probability_for_compute_uncompute_fidelity,ZZ4_compute_uncompute_kernel_pair_circuit,inventory_only_not_submitted,,,"Enable dynamical decoupling only; record sequence, scheduling, and any default options.",,,Populate circuit_artifact_path/circuit_sha256/job_id after actual circuit build/submission.
zz4_H1_zz4_pair_0177,zz4_pair_0177,H1,sampler_dynamical_decoupling,ibm_fez,F_quantum_4,zz4,ZZ4,4,4,Sampler,4096,8,21,off_diagonal,all_qubits_all_zero_probability_for_compute_uncompute_fidelity,ZZ4_compute_uncompute_kernel_pair_circuit,inventory_only_not_submitted,,,"Enable dynamical decoupling only; record sequence, scheduling, and any default options.",,,Populate circuit_artifact_path/circuit_sha256/job_id after actual circuit build/submission.
zz4_H1_zz4_pair_0178,zz4_pair_0178,H1,sampler_dynamical_decoupling,ibm_fez,F_quantum_4,zz4,ZZ4,4,4,Sampler,4096,8,22,off_diagonal,all_qubits_all_zero_probability_for_compute_uncompute_fidelity,ZZ4_compute_uncompute_kernel_pair_circuit,inventory_only_not_submitted,,,"Enable dynamical decoupling only; record sequence, scheduling, and any default options.",,,Populate circuit_artifact_path/circuit_sha256/job_id after actual circuit build/submission.
zz4_H1_zz4_pair_0179,zz4_pair_0179,H1,sampler_dynamical_decoupling,ibm_fez,F_quantum_4,zz4,ZZ4,4,4,Sampler,4096,8,23,off_diagonal,all_qubits_all_zero_probability_for_compute_uncompute_fidelity,ZZ4_compute_uncompute_kernel_pair_circuit,inventory_only_not_submitted,,,"Enable dynamical decoupling only; record sequence, scheduling, and any default options.",,,Populate circuit_artifact_path/circuit_sha256/job_id after actual circuit build/submission.
zz4_H1_zz4_pair_0180,zz4_pair_0180,H1,sampler_dynamical_decoupling,ibm_fez,F_quantum_4,zz4,ZZ4,4,4,Sampler,4096,9,9,diagonal,all_qubits_all_zero_probability_for_compute_uncompute_fidelity,ZZ4_compute_uncompute_kernel_pair_circuit,inventory_only_not_submitted,,,"Enable dynamical decoupling only; record sequence, scheduling, and any default options.",,,Populate circuit_artifact_path/circuit_sha256/job_id after actual circuit build/submission.
zz4_H1_zz4_pair_0181,zz4_pair_0181,H1,sampler_dynamical_decoupling,ibm_fez,F_quantum_4,zz4,ZZ4,4,4,Sampler,4096,9,10,off_diagonal,all_qubits_all_zero_probability_for_compute_uncompute_fidelity,ZZ4_compute_uncompute_kernel_pair_circuit,inventory_only_not_submitted,,,"Enable dynamical decoupling only; record sequence, scheduling, and any default options.",,,Populate circuit_artifact_path/circuit_sha256/job_id after actual circuit build/submission.
zz4_H1_zz4_pair_0182,zz4_pair_0182,H1,sampler_dynamical_decoupling,ibm_fez,F_quantum_4,zz4,ZZ4,4,4,Sampler,4096,9,11,off_diagonal,all_qubits_all_zero_probability_for_compute_uncompute_fidelity,ZZ4_compute_uncompute_kernel_pair_circuit,inventory_only_not_submitted,,,"Enable dynamical decoupling only; record sequence, scheduling, and any default options.",,,Populate circuit_artifact_path/circuit_sha256/job_id after actual circuit build/submission.
zz4_H1_zz4_pair_0183,zz4_pair_0183,H1,sampler_dynamical_decoupling,ibm_fez,F_quantum_4,zz4,ZZ4,4,4,Sampler,4096,9,12,off_diagonal,all_qubits_all_zero_probability_for_compute_uncompute_fidelity,ZZ4_compute_uncompute_kernel_pair_circuit,inventory_only_not_submitted,,,"Enable dynamical decoupling only; record sequence, scheduling, and any default options.",,,Populate circuit_artifact_path/circuit_sha256/job_id after actual circuit build/submission.
zz4_H1_zz4_pair_0184,zz4_pair_0184,H1,sampler_dynamical_decoupling,ibm_fez,F_quantum_4,zz4,ZZ4,4,4,Sampler,4096,9,13,off_diagonal,all_qubits_all_zero_probability_for_compute_uncompute_fidelity,ZZ4_compute_uncompute_kernel_pair_circuit,inventory_only_not_submitted,,,"Enable dynamical decoupling only; record sequence, scheduling, and any default options.",,,Populate circuit_artifact_path/circuit_sha256/job_id after actual circuit build/submission.
zz4_H1_zz4_pair_0185,zz4_pair_0185,H1,sampler_dynamical_decoupling,ibm_fez,F_quantum_4,zz4,ZZ4,4,4,Sampler,4096,9,14,off_diagonal,all_qubits_all_zero_probability_for_compute_uncompute_fidelity,ZZ4_compute_uncompute_kernel_pair_circuit,inventory_only_not_submitted,,,"Enable dynamical decoupling only; record sequence, scheduling, and any default options.",,,Populate circuit_artifact_path/circuit_sha256/job_id after actual circuit build/submission.
zz4_H1_zz4_pair_0186,zz4_pair_0186,H1,sampler_dynamical_decoupling,ibm_fez,F_quantum_4,zz4,ZZ4,4,4,Sampler,4096,9,15,off_diagonal,all_qubits_all_zero_probability_for_compute_uncompute_fidelity,ZZ4_compute_uncompute_kernel_pair_circuit,inventory_only_not_submitted,,,"Enable dynamical decoupling only; record sequence, scheduling, and any default options.",,,Populate circuit_artifact_path/circuit_sha256/job_id after actual circuit build/submission.
zz4_H1_zz4_pair_0187,zz4_pair_0187,H1,sampler_dynamical_decoupling,ibm_fez,F_quantum_4,zz4,ZZ4,4,4,Sampler,4096,9,16,off_diagonal,all_qubits_all_zero_probability_for_compute_uncompute_fidelity,ZZ4_compute_uncompute_kernel_pair_circuit,inventory_only_not_submitted,,,"Enable dynamical decoupling only; record sequence, scheduling, and any default options.",,,Populate circuit_artifact_path/circuit_sha256/job_id after actual circuit build/submission.
zz4_H1_zz4_pair_0188,zz4_pair_0188,H1,sampler_dynamical_decoupling,ibm_fez,F_quantum_4,zz4,ZZ4,4,4,Sampler,4096,9,17,off_diagonal,all_qubits_all_zero_probability_for_compute_uncompute_fidelity,ZZ4_compute_uncompute_kernel_pair_circuit,inventory_only_not_submitted,,,"Enable dynamical decoupling only; record sequence, scheduling, and any default options.",,,Populate circuit_artifact_path/circuit_sha256/job_id after actual circuit build/submission.
zz4_H1_zz4_pair_0189,zz4_pair_0189,H1,sampler_dynamical_decoupling,ibm_fez,F_quantum_4,zz4,ZZ4,4,4,Sampler,4096,9,18,off_diagonal,all_qubits_all_zero_probability_for_compute_uncompute_fidelity,ZZ4_compute_uncompute_kernel_pair_circuit,inventory_only_not_submitted,,,"Enable dynamical decoupling only; record sequence, scheduling, and any default options.",,,Populate circuit_artifact_path/circuit_sha256/job_id after actual circuit build/submission.
zz4_H1_zz4_pair_0190,zz4_pair_0190,H1,sampler_dynamical_decoupling,ibm_fez,F_quantum_4,zz4,ZZ4,4,4,Sampler,4096,9,19,off_diagonal,all_qubits_all_zero_probability_for_compute_uncompute_fidelity,ZZ4_compute_uncompute_kernel_pair_circuit,inventory_only_not_submitted,,,"Enable dynamical decoupling only; record sequence, scheduling, and any default options.",,,Populate circuit_artifact_path/circuit_sha256/job_id after actual circuit build/submission.
zz4_H1_zz4_pair_0191,zz4_pair_0191,H1,sampler_dynamical_decoupling,ibm_fez,F_quantum_4,zz4,ZZ4,4,4,Sampler,4096,9,20,off_diagonal,all_qubits_all_zero_probability_for_compute_uncompute_fidelity,ZZ4_compute_uncompute_kernel_pair_circuit,inventory_only_not_submitted,,,"Enable dynamical decoupling only; record sequence, scheduling, and any default options.",,,Populate circuit_artifact_path/circuit_sha256/job_id after actual circuit build/submission.
zz4_H1_zz4_pair_0192,zz4_pair_0192,H1,sampler_dynamical_decoupling,ibm_fez,F_quantum_4,zz4,ZZ4,4,4,Sampler,4096,9,21,off_diagonal,all_qubits_all_zero_probability_for_compute_uncompute_fidelity,ZZ4_compute_uncompute_kernel_pair_circuit,inventory_only_not_submitted,,,"Enable dynamical decoupling only; record sequence, scheduling, and any default options.",,,Populate circuit_artifact_path/circuit_sha256/job_id after actual circuit build/submission.
zz4_H1_zz4_pair_0193,zz4_pair_0193,H1,sampler_dynamical_decoupling,ibm_fez,F_quantum_4,zz4,ZZ4,4,4,Sampler,4096,9,22,off_diagonal,all_qubits_all_zero_probability_for_compute_uncompute_fidelity,ZZ4_compute_uncompute_kernel_pair_circuit,inventory_only_not_submitted,,,"Enable dynamical decoupling only; record sequence, scheduling, and any default options.",,,Populate circuit_artifact_path/circuit_sha256/job_id after actual circuit build/submission.
zz4_H1_zz4_pair_0194,zz4_pair_0194,H1,sampler_dynamical_decoupling,ibm_fez,F_quantum_4,zz4,ZZ4,4,4,Sampler,4096,9,23,off_diagonal,all_qubits_all_zero_probability_for_compute_uncompute_fidelity,ZZ4_compute_uncompute_kernel_pair_circuit,inventory_only_not_submitted,,,"Enable dynamical decoupling only; record sequence, scheduling, and any default options.",,,Populate circuit_artifact_path/circuit_sha256/job_id after actual circuit build/submission.
zz4_H1_zz4_pair_0195,zz4_pair_0195,H1,sampler_dynamical_decoupling,ibm_fez,F_quantum_4,zz4,ZZ4,4,4,Sampler,4096,10,10,diagonal,all_qubits_all_zero_probability_for_compute_uncompute_fidelity,ZZ4_compute_uncompute_kernel_pair_circuit,inventory_only_not_submitted,,,"Enable dynamical decoupling only; record sequence, scheduling, and any default options.",,,Populate circuit_artifact_path/circuit_sha256/job_id after actual circuit build/submission.
zz4_H1_zz4_pair_0196,zz4_pair_0196,H1,sampler_dynamical_decoupling,ibm_fez,F_quantum_4,zz4,ZZ4,4,4,Sampler,4096,10,11,off_diagonal,all_qubits_all_zero_probability_for_compute_uncompute_fidelity,ZZ4_compute_uncompute_kernel_pair_circuit,inventory_only_not_submitted,,,"Enable dynamical decoupling only; record sequence, scheduling, and any default options.",,,Populate circuit_artifact_path/circuit_sha256/job_id after actual circuit build/submission.
zz4_H1_zz4_pair_0197,zz4_pair_0197,H1,sampler_dynamical_decoupling,ibm_fez,F_quantum_4,zz4,ZZ4,4,4,Sampler,4096,10,12,off_diagonal,all_qubits_all_zero_probability_for_compute_uncompute_fidelity,ZZ4_compute_uncompute_kernel_pair_circuit,inventory_only_not_submitted,,,"Enable dynamical decoupling only; record sequence, scheduling, and any default options.",,,Populate circuit_artifact_path/circuit_sha256/job_id after actual circuit build/submission.
zz4_H1_zz4_pair_0198,zz4_pair_0198,H1,sampler_dynamical_decoupling,ibm_fez,F_quantum_4,zz4,ZZ4,4,4,Sampler,4096,10,13,off_diagonal,all_qubits_all_zero_probability_for_compute_uncompute_fidelity,ZZ4_compute_uncompute_kernel_pair_circuit,inventory_only_not_submitted,,,"Enable dynamical decoupling only; record sequence, scheduling, and any default options.",,,Populate circuit_artifact_path/circuit_sha256/job_id after actual circuit build/submission.
zz4_H1_zz4_pair_0199,zz4_pair_0199,H1,sampler_dynamical_decoupling,ibm_fez,F_quantum_4,zz4,ZZ4,4,4,Sampler,4096,10,14,off_diagonal,all_qubits_all_zero_probability_for_compute_uncompute_fidelity,ZZ4_compute_uncompute_kernel_pair_circuit,inventory_only_not_submitted,,,"Enable dynamical decoupling only; record sequence, scheduling, and any default options.",,,Populate circuit_artifact_path/circuit_sha256/job_id after actual circuit build/submission.
zz4_H1_zz4_pair_0200,zz4_pair_0200,H1,sampler_dynamical_decoupling,ibm_fez,F_quantum_4,zz4,ZZ4,4,4,Sampler,4096,10,15,off_diagonal,all_qubits_all_zero_probability_for_compute_uncompute_fidelity,ZZ4_compute_uncompute_kernel_pair_circuit,inventory_only_not_submitted,,,"Enable dynamical decoupling only; record sequence, scheduling, and any default options.",,,Populate circuit_artifact_path/circuit_sha256/job_id after actual circuit build/submission.
zz4_H1_zz4_pair_0201,zz4_pair_0201,H1,sampler_dynamical_decoupling,ibm_fez,F_quantum_4,zz4,ZZ4,4,4,Sampler,4096,10,16,off_diagonal,all_qubits_all_zero_probability_for_compute_uncompute_fidelity,ZZ4_compute_uncompute_kernel_pair_circuit,inventory_only_not_submitted,,,"Enable dynamical decoupling only; record sequence, scheduling, and any default options.",,,Populate circuit_artifact_path/circuit_sha256/job_id after actual circuit build/submission.
zz4_H1_zz4_pair_0202,zz4_pair_0202,H1,sampler_dynamical_decoupling,ibm_fez,F_quantum_4,zz4,ZZ4,4,4,Sampler,4096,10,17,off_diagonal,all_qubits_all_zero_probability_for_compute_uncompute_fidelity,ZZ4_compute_uncompute_kernel_pair_circuit,inventory_only_not_submitted,,,"Enable dynamical decoupling only; record sequence, scheduling, and any default options.",,,Populate circuit_artifact_path/circuit_sha256/job_id after actual circuit build/submission.
zz4_H1_zz4_pair_0203,zz4_pair_0203,H1,sampler_dynamical_decoupling,ibm_fez,F_quantum_4,zz4,ZZ4,4,4,Sampler,4096,10,18,off_diagonal,all_qubits_all_zero_probability_for_compute_uncompute_fidelity,ZZ4_compute_uncompute_kernel_pair_circuit,inventory_only_not_submitted,,,"Enable dynamical decoupling only; record sequence, scheduling, and any default options.",,,Populate circuit_artifact_path/circuit_sha256/job_id after actual circuit build/submission.
zz4_H1_zz4_pair_0204,zz4_pair_0204,H1,sampler_dynamical_decoupling,ibm_fez,F_quantum_4,zz4,ZZ4,4,4,Sampler,4096,10,19,off_diagonal,all_qubits_all_zero_probability_for_compute_uncompute_fidelity,ZZ4_compute_uncompute_kernel_pair_circuit,inventory_only_not_submitted,,,"Enable dynamical decoupling only; record sequence, scheduling, and any default options.",,,Populate circuit_artifact_path/circuit_sha256/job_id after actual circuit build/submission.
zz4_H1_zz4_pair_0205,zz4_pair_0205,H1,sampler_dynamical_decoupling,ibm_fez,F_quantum_4,zz4,ZZ4,4,4,Sampler,4096,10,20,off_diagonal,all_qubits_all_zero_probability_for_compute_uncompute_fidelity,ZZ4_compute_uncompute_kernel_pair_circuit,inventory_only_not_submitted,,,"Enable dynamical decoupling only; record sequence, scheduling, and any default options.",,,Populate circuit_artifact_path/circuit_sha256/job_id after actual circuit build/submission.
zz4_H1_zz4_pair_0206,zz4_pair_0206,H1,sampler_dynamical_decoupling,ibm_fez,F_quantum_4,zz4,ZZ4,4,4,Sampler,4096,10,21,off_diagonal,all_qubits_all_zero_probability_for_compute_uncompute_fidelity,ZZ4_compute_uncompute_kernel_pair_circuit,inventory_only_not_submitted,,,"Enable dynamical decoupling only; record sequence, scheduling, and any default options.",,,Populate circuit_artifact_path/circuit_sha256/job_id after actual circuit build/submission.
zz4_H1_zz4_pair_0207,zz4_pair_0207,H1,sampler_dynamical_decoupling,ibm_fez,F_quantum_4,zz4,ZZ4,4,4,Sampler,4096,10,22,off_diagonal,all_qubits_all_zero_probability_for_compute_uncompute_fidelity,ZZ4_compute_uncompute_kernel_pair_circuit,inventory_only_not_submitted,,,"Enable dynamical decoupling only; record sequence, scheduling, and any default options.",,,Populate circuit_artifact_path/circuit_sha256/job_id after actual circuit build/submission.
zz4_H1_zz4_pair_0208,zz4_pair_0208,H1,sampler_dynamical_decoupling,ibm_fez,F_quantum_4,zz4,ZZ4,4,4,Sampler,4096,10,23,off_diagonal,all_qubits_all_zero_probability_for_compute_uncompute_fidelity,ZZ4_compute_uncompute_kernel_pair_circuit,inventory_only_not_submitted,,,"Enable dynamical decoupling only; record sequence, scheduling, and any default options.",,,Populate circuit_artifact_path/circuit_sha256/job_id after actual circuit build/submission.
zz4_H1_zz4_pair_0209,zz4_pair_0209,H1,sampler_dynamical_decoupling,ibm_fez,F_quantum_4,zz4,ZZ4,4,4,Sampler,4096,11,11,diagonal,all_qubits_all_zero_probability_for_compute_uncompute_fidelity,ZZ4_compute_uncompute_kernel_pair_circuit,inventory_only_not_submitted,,,"Enable dynamical decoupling only; record sequence, scheduling, and any default options.",,,Populate circuit_artifact_path/circuit_sha256/job_id after actual circuit build/submission.
zz4_H1_zz4_pair_0210,zz4_pair_0210,H1,sampler_dynamical_decoupling,ibm_fez,F_quantum_4,zz4,ZZ4,4,4,Sampler,4096,11,12,off_diagonal,all_qubits_all_zero_probability_for_compute_uncompute_fidelity,ZZ4_compute_uncompute_kernel_pair_circuit,inventory_only_not_submitted,,,"Enable dynamical decoupling only; record sequence, scheduling, and any default options.",,,Populate circuit_artifact_path/circuit_sha256/job_id after actual circuit build/submission.
zz4_H1_zz4_pair_0211,zz4_pair_0211,H1,sampler_dynamical_decoupling,ibm_fez,F_quantum_4,zz4,ZZ4,4,4,Sampler,4096,11,13,off_diagonal,all_qubits_all_zero_probability_for_compute_uncompute_fidelity,ZZ4_compute_uncompute_kernel_pair_circuit,inventory_only_not_submitted,,,"Enable dynamical decoupling only; record sequence, scheduling, and any default options.",,,Populate circuit_artifact_path/circuit_sha256/job_id after actual circuit build/submission.
zz4_H1_zz4_pair_0212,zz4_pair_0212,H1,sampler_dynamical_decoupling,ibm_fez,F_quantum_4,zz4,ZZ4,4,4,Sampler,4096,11,14,off_diagonal,all_qubits_all_zero_probability_for_compute_uncompute_fidelity,ZZ4_compute_uncompute_kernel_pair_circuit,inventory_only_not_submitted,,,"Enable dynamical decoupling only; record sequence, scheduling, and any default options.",,,Populate circuit_artifact_path/circuit_sha256/job_id after actual circuit build/submission.
zz4_H1_zz4_pair_0213,zz4_pair_0213,H1,sampler_dynamical_decoupling,ibm_fez,F_quantum_4,zz4,ZZ4,4,4,Sampler,4096,11,15,off_diagonal,all_qubits_all_zero_probability_for_compute_uncompute_fidelity,ZZ4_compute_uncompute_kernel_pair_circuit,inventory_only_not_submitted,,,"Enable dynamical decoupling only; record sequence, scheduling, and any default options.",,,Populate circuit_artifact_path/circuit_sha256/job_id after actual circuit build/submission.
zz4_H1_zz4_pair_0214,zz4_pair_0214,H1,sampler_dynamical_decoupling,ibm_fez,F_quantum_4,zz4,ZZ4,4,4,Sampler,4096,11,16,off_diagonal,all_qubits_all_zero_probability_for_compute_uncompute_fidelity,ZZ4_compute_uncompute_kernel_pair_circuit,inventory_only_not_submitted,,,"Enable dynamical decoupling only; record sequence, scheduling, and any default options.",,,Populate circuit_artifact_path/circuit_sha256/job_id after actual circuit build/submission.
zz4_H1_zz4_pair_0215,zz4_pair_0215,H1,sampler_dynamical_decoupling,ibm_fez,F_quantum_4,zz4,ZZ4,4,4,Sampler,4096,11,17,off_diagonal,all_qubits_all_zero_probability_for_compute_uncompute_fidelity,ZZ4_compute_uncompute_kernel_pair_circuit,inventory_only_not_submitted,,,"Enable dynamical decoupling only; record sequence, scheduling, and any default options.",,,Populate circuit_artifact_path/circuit_sha256/job_id after actual circuit build/submission.
zz4_H1_zz4_pair_0216,zz4_pair_0216,H1,sampler_dynamical_decoupling,ibm_fez,F_quantum_4,zz4,ZZ4,4,4,Sampler,4096,11,18,off_diagonal,all_qubits_all_zero_probability_for_compute_uncompute_fidelity,ZZ4_compute_uncompute_kernel_pair_circuit,inventory_only_not_submitted,,,"Enable dynamical decoupling only; record sequence, scheduling, and any default options.",,,Populate circuit_artifact_path/circuit_sha256/job_id after actual circuit build/submission.
zz4_H1_zz4_pair_0217,zz4_pair_0217,H1,sampler_dynamical_decoupling,ibm_fez,F_quantum_4,zz4,ZZ4,4,4,Sampler,4096,11,19,off_diagonal,all_qubits_all_zero_probability_for_compute_uncompute_fidelity,ZZ4_compute_uncompute_kernel_pair_circuit,inventory_only_not_submitted,,,"Enable dynamical decoupling only; record sequence, scheduling, and any default options.",,,Populate circuit_artifact_path/circuit_sha256/job_id after actual circuit build/submission.
zz4_H1_zz4_pair_0218,zz4_pair_0218,H1,sampler_dynamical_decoupling,ibm_fez,F_quantum_4,zz4,ZZ4,4,4,Sampler,4096,11,20,off_diagonal,all_qubits_all_zero_probability_for_compute_uncompute_fidelity,ZZ4_compute_uncompute_kernel_pair_circuit,inventory_only_not_submitted,,,"Enable dynamical decoupling only; record sequence, scheduling, and any default options.",,,Populate circuit_artifact_path/circuit_sha256/job_id after actual circuit build/submission.
zz4_H1_zz4_pair_0219,zz4_pair_0219,H1,sampler_dynamical_decoupling,ibm_fez,F_quantum_4,zz4,ZZ4,4,4,Sampler,4096,11,21,off_diagonal,all_qubits_all_zero_probability_for_compute_uncompute_fidelity,ZZ4_compute_uncompute_kernel_pair_circuit,inventory_only_not_submitted,,,"Enable dynamical decoupling only; record sequence, scheduling, and any default options.",,,Populate circuit_artifact_path/circuit_sha256/job_id after actual circuit build/submission.
zz4_H1_zz4_pair_0220,zz4_pair_0220,H1,sampler_dynamical_decoupling,ibm_fez,F_quantum_4,zz4,ZZ4,4,4,Sampler,4096,11,22,off_diagonal,all_qubits_all_zero_probability_for_compute_uncompute_fidelity,ZZ4_compute_uncompute_kernel_pair_circuit,inventory_only_not_submitted,,,"Enable dynamical decoupling only; record sequence, scheduling, and any default options.",,,Populate circuit_artifact_path/circuit_sha256/job_id after actual circuit build/submission.
zz4_H1_zz4_pair_0221,zz4_pair_0221,H1,sampler_dynamical_decoupling,ibm_fez,F_quantum_4,zz4,ZZ4,4,4,Sampler,4096,11,23,off_diagonal,all_qubits_all_zero_probability_for_compute_uncompute_fidelity,ZZ4_compute_uncompute_kernel_pair_circuit,inventory_only_not_submitted,,,"Enable dynamical decoupling only; record sequence, scheduling, and any default options.",,,Populate circuit_artifact_path/circuit_sha256/job_id after actual circuit build/submission.
zz4_H1_zz4_pair_0222,zz4_pair_0222,H1,sampler_dynamical_decoupling,ibm_fez,F_quantum_4,zz4,ZZ4,4,4,Sampler,4096,12,12,diagonal,all_qubits_all_zero_probability_for_compute_uncompute_fidelity,ZZ4_compute_uncompute_kernel_pair_circuit,inventory_only_not_submitted,,,"Enable dynamical decoupling only; record sequence, scheduling, and any default options.",,,Populate circuit_artifact_path/circuit_sha256/job_id after actual circuit build/submission.
zz4_H1_zz4_pair_0223,zz4_pair_0223,H1,sampler_dynamical_decoupling,ibm_fez,F_quantum_4,zz4,ZZ4,4,4,Sampler,4096,12,13,off_diagonal,all_qubits_all_zero_probability_for_compute_uncompute_fidelity,ZZ4_compute_uncompute_kernel_pair_circuit,inventory_only_not_submitted,,,"Enable dynamical decoupling only; record sequence, scheduling, and any default options.",,,Populate circuit_artifact_path/circuit_sha256/job_id after actual circuit build/submission.
zz4_H1_zz4_pair_0224,zz4_pair_0224,H1,sampler_dynamical_decoupling,ibm_fez,F_quantum_4,zz4,ZZ4,4,4,Sampler,4096,12,14,off_diagonal,all_qubits_all_zero_probability_for_compute_uncompute_fidelity,ZZ4_compute_uncompute_kernel_pair_circuit,inventory_only_not_submitted,,,"Enable dynamical decoupling only; record sequence, scheduling, and any default options.",,,Populate circuit_artifact_path/circuit_sha256/job_id after actual circuit build/submission.
zz4_H1_zz4_pair_0225,zz4_pair_0225,H1,sampler_dynamical_decoupling,ibm_fez,F_quantum_4,zz4,ZZ4,4,4,Sampler,4096,12,15,off_diagonal,all_qubits_all_zero_probability_for_compute_uncompute_fidelity,ZZ4_compute_uncompute_kernel_pair_circuit,inventory_only_not_submitted,,,"Enable dynamical decoupling only; record sequence, scheduling, and any default options.",,,Populate circuit_artifact_path/circuit_sha256/job_id after actual circuit build/submission.
zz4_H1_zz4_pair_0226,zz4_pair_0226,H1,sampler_dynamical_decoupling,ibm_fez,F_quantum_4,zz4,ZZ4,4,4,Sampler,4096,12,16,off_diagonal,all_qubits_all_zero_probability_for_compute_uncompute_fidelity,ZZ4_compute_uncompute_kernel_pair_circuit,inventory_only_not_submitted,,,"Enable dynamical decoupling only; record sequence, scheduling, and any default options.",,,Populate circuit_artifact_path/circuit_sha256/job_id after actual circuit build/submission.
zz4_H1_zz4_pair_0227,zz4_pair_0227,H1,sampler_dynamical_decoupling,ibm_fez,F_quantum_4,zz4,ZZ4,4,4,Sampler,4096,12,17,off_diagonal,all_qubits_all_zero_probability_for_compute_uncompute_fidelity,ZZ4_compute_uncompute_kernel_pair_circuit,inventory_only_not_submitted,,,"Enable dynamical decoupling only; record sequence, scheduling, and any default options.",,,Populate circuit_artifact_path/circuit_sha256/job_id after actual circuit build/submission.
zz4_H1_zz4_pair_0228,zz4_pair_0228,H1,sampler_dynamical_decoupling,ibm_fez,F_quantum_4,zz4,ZZ4,4,4,Sampler,4096,12,18,off_diagonal,all_qubits_all_zero_probability_for_compute_uncompute_fidelity,ZZ4_compute_uncompute_kernel_pair_circuit,inventory_only_not_submitted,,,"Enable dynamical decoupling only; record sequence, scheduling, and any default options.",,,Populate circuit_artifact_path/circuit_sha256/job_id after actual circuit build/submission.
zz4_H1_zz4_pair_0229,zz4_pair_0229,H1,sampler_dynamical_decoupling,ibm_fez,F_quantum_4,zz4,ZZ4,4,4,Sampler,4096,12,19,off_diagonal,all_qubits_all_zero_probability_for_compute_uncompute_fidelity,ZZ4_compute_uncompute_kernel_pair_circuit,inventory_only_not_submitted,,,"Enable dynamical decoupling only; record sequence, scheduling, and any default options.",,,Populate circuit_artifact_path/circuit_sha256/job_id after actual circuit build/submission.
zz4_H1_zz4_pair_0230,zz4_pair_0230,H1,sampler_dynamical_decoupling,ibm_fez,F_quantum_4,zz4,ZZ4,4,4,Sampler,4096,12,20,off_diagonal,all_qubits_all_zero_probability_for_compute_uncompute_fidelity,ZZ4_compute_uncompute_kernel_pair_circuit,inventory_only_not_submitted,,,"Enable dynamical decoupling only; record sequence, scheduling, and any default options.",,,Populate circuit_artifact_path/circuit_sha256/job_id after actual circuit build/submission.
zz4_H1_zz4_pair_0231,zz4_pair_0231,H1,sampler_dynamical_decoupling,ibm_fez,F_quantum_4,zz4,ZZ4,4,4,Sampler,4096,12,21,off_diagonal,all_qubits_all_zero_probability_for_compute_uncompute_fidelity,ZZ4_compute_uncompute_kernel_pair_circuit,inventory_only_not_submitted,,,"Enable dynamical decoupling only; record sequence, scheduling, and any default options.",,,Populate circuit_artifact_path/circuit_sha256/job_id after actual circuit build/submission.
zz4_H1_zz4_pair_0232,zz4_pair_0232,H1,sampler_dynamical_decoupling,ibm_fez,F_quantum_4,zz4,ZZ4,4,4,Sampler,4096,12,22,off_diagonal,all_qubits_all_zero_probability_for_compute_uncompute_fidelity,ZZ4_compute_uncompute_kernel_pair_circuit,inventory_only_not_submitted,,,"Enable dynamical decoupling only; record sequence, scheduling, and any default options.",,,Populate circuit_artifact_path/circuit_sha256/job_id after actual circuit build/submission.
zz4_H1_zz4_pair_0233,zz4_pair_0233,H1,sampler_dynamical_decoupling,ibm_fez,F_quantum_4,zz4,ZZ4,4,4,Sampler,4096,12,23,off_diagonal,all_qubits_all_zero_probability_for_compute_uncompute_fidelity,ZZ4_compute_uncompute_kernel_pair_circuit,inventory_only_not_submitted,,,"Enable dynamical decoupling only; record sequence, scheduling, and any default options.",,,Populate circuit_artifact_path/circuit_sha256/job_id after actual circuit build/submission.
zz4_H1_zz4_pair_0234,zz4_pair_0234,H1,sampler_dynamical_decoupling,ibm_fez,F_quantum_4,zz4,ZZ4,4,4,Sampler,4096,13,13,diagonal,all_qubits_all_zero_probability_for_compute_uncompute_fidelity,ZZ4_compute_uncompute_kernel_pair_circuit,inventory_only_not_submitted,,,"Enable dynamical decoupling only; record sequence, scheduling, and any default options.",,,Populate circuit_artifact_path/circuit_sha256/job_id after actual circuit build/submission.
zz4_H1_zz4_pair_0235,zz4_pair_0235,H1,sampler_dynamical_decoupling,ibm_fez,F_quantum_4,zz4,ZZ4,4,4,Sampler,4096,13,14,off_diagonal,all_qubits_all_zero_probability_for_compute_uncompute_fidelity,ZZ4_compute_uncompute_kernel_pair_circuit,inventory_only_not_submitted,,,"Enable dynamical decoupling only; record sequence, scheduling, and any default options.",,,Populate circuit_artifact_path/circuit_sha256/job_id after actual circuit build/submission.
zz4_H1_zz4_pair_0236,zz4_pair_0236,H1,sampler_dynamical_decoupling,ibm_fez,F_quantum_4,zz4,ZZ4,4,4,Sampler,4096,13,15,off_diagonal,all_qubits_all_zero_probability_for_compute_uncompute_fidelity,ZZ4_compute_uncompute_kernel_pair_circuit,inventory_only_not_submitted,,,"Enable dynamical decoupling only; record sequence, scheduling, and any default options.",,,Populate circuit_artifact_path/circuit_sha256/job_id after actual circuit build/submission.
zz4_H1_zz4_pair_0237,zz4_pair_0237,H1,sampler_dynamical_decoupling,ibm_fez,F_quantum_4,zz4,ZZ4,4,4,Sampler,4096,13,16,off_diagonal,all_qubits_all_zero_probability_for_compute_uncompute_fidelity,ZZ4_compute_uncompute_kernel_pair_circuit,inventory_only_not_submitted,,,"Enable dynamical decoupling only; record sequence, scheduling, and any default options.",,,Populate circuit_artifact_path/circuit_sha256/job_id after actual circuit build/submission.
zz4_H1_zz4_pair_0238,zz4_pair_0238,H1,sampler_dynamical_decoupling,ibm_fez,F_quantum_4,zz4,ZZ4,4,4,Sampler,4096,13,17,off_diagonal,all_qubits_all_zero_probability_for_compute_uncompute_fidelity,ZZ4_compute_uncompute_kernel_pair_circuit,inventory_only_not_submitted,,,"Enable dynamical decoupling only; record sequence, scheduling, and any default options.",,,Populate circuit_artifact_path/circuit_sha256/job_id after actual circuit build/submission.
zz4_H1_zz4_pair_0239,zz4_pair_0239,H1,sampler_dynamical_decoupling,ibm_fez,F_quantum_4,zz4,ZZ4,4,4,Sampler,4096,13,18,off_diagonal,all_qubits_all_zero_probability_for_compute_uncompute_fidelity,ZZ4_compute_uncompute_kernel_pair_circuit,inventory_only_not_submitted,,,"Enable dynamical decoupling only; record sequence, scheduling, and any default options.",,,Populate circuit_artifact_path/circuit_sha256/job_id after actual circuit build/submission.
zz4_H1_zz4_pair_0240,zz4_pair_0240,H1,sampler_dynamical_decoupling,ibm_fez,F_quantum_4,zz4,ZZ4,4,4,Sampler,4096,13,19,off_diagonal,all_qubits_all_zero_probability_for_compute_uncompute_fidelity,ZZ4_compute_uncompute_kernel_pair_circuit,inventory_only_not_submitted,,,"Enable dynamical decoupling only; record sequence, scheduling, and any default options.",,,Populate circuit_artifact_path/circuit_sha256/job_id after actual circuit build/submission.
zz4_H1_zz4_pair_0241,zz4_pair_0241,H1,sampler_dynamical_decoupling,ibm_fez,F_quantum_4,zz4,ZZ4,4,4,Sampler,4096,13,20,off_diagonal,all_qubits_all_zero_probability_for_compute_uncompute_fidelity,ZZ4_compute_uncompute_kernel_pair_circuit,inventory_only_not_submitted,,,"Enable dynamical decoupling only; record sequence, scheduling, and any default options.",,,Populate circuit_artifact_path/circuit_sha256/job_id after actual circuit build/submission.
zz4_H1_zz4_pair_0242,zz4_pair_0242,H1,sampler_dynamical_decoupling,ibm_fez,F_quantum_4,zz4,ZZ4,4,4,Sampler,4096,13,21,off_diagonal,all_qubits_all_zero_probability_for_compute_uncompute_fidelity,ZZ4_compute_uncompute_kernel_pair_circuit,inventory_only_not_submitted,,,"Enable dynamical decoupling only; record sequence, scheduling, and any default options.",,,Populate circuit_artifact_path/circuit_sha256/job_id after actual circuit build/submission.
zz4_H1_zz4_pair_0243,zz4_pair_0243,H1,sampler_dynamical_decoupling,ibm_fez,F_quantum_4,zz4,ZZ4,4,4,Sampler,4096,13,22,off_diagonal,all_qubits_all_zero_probability_for_compute_uncompute_fidelity,ZZ4_compute_uncompute_kernel_pair_circuit,inventory_only_not_submitted,,,"Enable dynamical decoupling only; record sequence, scheduling, and any default options.",,,Populate circuit_artifact_path/circuit_sha256/job_id after actual circuit build/submission.
zz4_H1_zz4_pair_0244,zz4_pair_0244,H1,sampler_dynamical_decoupling,ibm_fez,F_quantum_4,zz4,ZZ4,4,4,Sampler,4096,13,23,off_diagonal,all_qubits_all_zero_probability_for_compute_uncompute_fidelity,ZZ4_compute_uncompute_kernel_pair_circuit,inventory_only_not_submitted,,,"Enable dynamical decoupling only; record sequence, scheduling, and any default options.",,,Populate circuit_artifact_path/circuit_sha256/job_id after actual circuit build/submission.
zz4_H1_zz4_pair_0245,zz4_pair_0245,H1,sampler_dynamical_decoupling,ibm_fez,F_quantum_4,zz4,ZZ4,4,4,Sampler,4096,14,14,diagonal,all_qubits_all_zero_probability_for_compute_uncompute_fidelity,ZZ4_compute_uncompute_kernel_pair_circuit,inventory_only_not_submitted,,,"Enable dynamical decoupling only; record sequence, scheduling, and any default options.",,,Populate circuit_artifact_path/circuit_sha256/job_id after actual circuit build/submission.
zz4_H1_zz4_pair_0246,zz4_pair_0246,H1,sampler_dynamical_decoupling,ibm_fez,F_quantum_4,zz4,ZZ4,4,4,Sampler,4096,14,15,off_diagonal,all_qubits_all_zero_probability_for_compute_uncompute_fidelity,ZZ4_compute_uncompute_kernel_pair_circuit,inventory_only_not_submitted,,,"Enable dynamical decoupling only; record sequence, scheduling, and any default options.",,,Populate circuit_artifact_path/circuit_sha256/job_id after actual circuit build/submission.
zz4_H1_zz4_pair_0247,zz4_pair_0247,H1,sampler_dynamical_decoupling,ibm_fez,F_quantum_4,zz4,ZZ4,4,4,Sampler,4096,14,16,off_diagonal,all_qubits_all_zero_probability_for_compute_uncompute_fidelity,ZZ4_compute_uncompute_kernel_pair_circuit,inventory_only_not_submitted,,,"Enable dynamical decoupling only; record sequence, scheduling, and any default options.",,,Populate circuit_artifact_path/circuit_sha256/job_id after actual circuit build/submission.
zz4_H1_zz4_pair_0248,zz4_pair_0248,H1,sampler_dynamical_decoupling,ibm_fez,F_quantum_4,zz4,ZZ4,4,4,Sampler,4096,14,17,off_diagonal,all_qubits_all_zero_probability_for_compute_uncompute_fidelity,ZZ4_compute_uncompute_kernel_pair_circuit,inventory_only_not_submitted,,,"Enable dynamical decoupling only; record sequence, scheduling, and any default options.",,,Populate circuit_artifact_path/circuit_sha256/job_id after actual circuit build/submission.
zz4_H1_zz4_pair_0249,zz4_pair_0249,H1,sampler_dynamical_decoupling,ibm_fez,F_quantum_4,zz4,ZZ4,4,4,Sampler,4096,14,18,off_diagonal,all_qubits_all_zero_probability_for_compute_uncompute_fidelity,ZZ4_compute_uncompute_kernel_pair_circuit,inventory_only_not_submitted,,,"Enable dynamical decoupling only; record sequence, scheduling, and any default options.",,,Populate circuit_artifact_path/circuit_sha256/job_id after actual circuit build/submission.
zz4_H1_zz4_pair_0250,zz4_pair_0250,H1,sampler_dynamical_decoupling,ibm_fez,F_quantum_4,zz4,ZZ4,4,4,Sampler,4096,14,19,off_diagonal,all_qubits_all_zero_probability_for_compute_uncompute_fidelity,ZZ4_compute_uncompute_kernel_pair_circuit,inventory_only_not_submitted,,,"Enable dynamical decoupling only; record sequence, scheduling, and any default options.",,,Populate circuit_artifact_path/circuit_sha256/job_id after actual circuit build/submission.
zz4_H1_zz4_pair_0251,zz4_pair_0251,H1,sampler_dynamical_decoupling,ibm_fez,F_quantum_4,zz4,ZZ4,4,4,Sampler,4096,14,20,off_diagonal,all_qubits_all_zero_probability_for_compute_uncompute_fidelity,ZZ4_compute_uncompute_kernel_pair_circuit,inventory_only_not_submitted,,,"Enable dynamical decoupling only; record sequence, scheduling, and any default options.",,,Populate circuit_artifact_path/circuit_sha256/job_id after actual circuit build/submission.
zz4_H1_zz4_pair_0252,zz4_pair_0252,H1,sampler_dynamical_decoupling,ibm_fez,F_quantum_4,zz4,ZZ4,4,4,Sampler,4096,14,21,off_diagonal,all_qubits_all_zero_probability_for_compute_uncompute_fidelity,ZZ4_compute_uncompute_kernel_pair_circuit,inventory_only_not_submitted,,,"Enable dynamical decoupling only; record sequence, scheduling, and any default options.",,,Populate circuit_artifact_path/circuit_sha256/job_id after actual circuit build/submission.
zz4_H1_zz4_pair_0253,zz4_pair_0253,H1,sampler_dynamical_decoupling,ibm_fez,F_quantum_4,zz4,ZZ4,4,4,Sampler,4096,14,22,off_diagonal,all_qubits_all_zero_probability_for_compute_uncompute_fidelity,ZZ4_compute_uncompute_kernel_pair_circuit,inventory_only_not_submitted,,,"Enable dynamical decoupling only; record sequence, scheduling, and any default options.",,,Populate circuit_artifact_path/circuit_sha256/job_id after actual circuit build/submission.
zz4_H1_zz4_pair_0254,zz4_pair_0254,H1,sampler_dynamical_decoupling,ibm_fez,F_quantum_4,zz4,ZZ4,4,4,Sampler,4096,14,23,off_diagonal,all_qubits_all_zero_probability_for_compute_uncompute_fidelity,ZZ4_compute_uncompute_kernel_pair_circuit,inventory_only_not_submitted,,,"Enable dynamical decoupling only; record sequence, scheduling, and any default options.",,,Populate circuit_artifact_path/circuit_sha256/job_id after actual circuit build/submission.
zz4_H1_zz4_pair_0255,zz4_pair_0255,H1,sampler_dynamical_decoupling,ibm_fez,F_quantum_4,zz4,ZZ4,4,4,Sampler,4096,15,15,diagonal,all_qubits_all_zero_probability_for_compute_uncompute_fidelity,ZZ4_compute_uncompute_kernel_pair_circuit,inventory_only_not_submitted,,,"Enable dynamical decoupling only; record sequence, scheduling, and any default options.",,,Populate circuit_artifact_path/circuit_sha256/job_id after actual circuit build/submission.
zz4_H1_zz4_pair_0256,zz4_pair_0256,H1,sampler_dynamical_decoupling,ibm_fez,F_quantum_4,zz4,ZZ4,4,4,Sampler,4096,15,16,off_diagonal,all_qubits_all_zero_probability_for_compute_uncompute_fidelity,ZZ4_compute_uncompute_kernel_pair_circuit,inventory_only_not_submitted,,,"Enable dynamical decoupling only; record sequence, scheduling, and any default options.",,,Populate circuit_artifact_path/circuit_sha256/job_id after actual circuit build/submission.
zz4_H1_zz4_pair_0257,zz4_pair_0257,H1,sampler_dynamical_decoupling,ibm_fez,F_quantum_4,zz4,ZZ4,4,4,Sampler,4096,15,17,off_diagonal,all_qubits_all_zero_probability_for_compute_uncompute_fidelity,ZZ4_compute_uncompute_kernel_pair_circuit,inventory_only_not_submitted,,,"Enable dynamical decoupling only; record sequence, scheduling, and any default options.",,,Populate circuit_artifact_path/circuit_sha256/job_id after actual circuit build/submission.
zz4_H1_zz4_pair_0258,zz4_pair_0258,H1,sampler_dynamical_decoupling,ibm_fez,F_quantum_4,zz4,ZZ4,4,4,Sampler,4096,15,18,off_diagonal,all_qubits_all_zero_probability_for_compute_uncompute_fidelity,ZZ4_compute_uncompute_kernel_pair_circuit,inventory_only_not_submitted,,,"Enable dynamical decoupling only; record sequence, scheduling, and any default options.",,,Populate circuit_artifact_path/circuit_sha256/job_id after actual circuit build/submission.
zz4_H1_zz4_pair_0259,zz4_pair_0259,H1,sampler_dynamical_decoupling,ibm_fez,F_quantum_4,zz4,ZZ4,4,4,Sampler,4096,15,19,off_diagonal,all_qubits_all_zero_probability_for_compute_uncompute_fidelity,ZZ4_compute_uncompute_kernel_pair_circuit,inventory_only_not_submitted,,,"Enable dynamical decoupling only; record sequence, scheduling, and any default options.",,,Populate circuit_artifact_path/circuit_sha256/job_id after actual circuit build/submission.
zz4_H1_zz4_pair_0260,zz4_pair_0260,H1,sampler_dynamical_decoupling,ibm_fez,F_quantum_4,zz4,ZZ4,4,4,Sampler,4096,15,20,off_diagonal,all_qubits_all_zero_probability_for_compute_uncompute_fidelity,ZZ4_compute_uncompute_kernel_pair_circuit,inventory_only_not_submitted,,,"Enable dynamical decoupling only; record sequence, scheduling, and any default options.",,,Populate circuit_artifact_path/circuit_sha256/job_id after actual circuit build/submission.
zz4_H1_zz4_pair_0261,zz4_pair_0261,H1,sampler_dynamical_decoupling,ibm_fez,F_quantum_4,zz4,ZZ4,4,4,Sampler,4096,15,21,off_diagonal,all_qubits_all_zero_probability_for_compute_uncompute_fidelity,ZZ4_compute_uncompute_kernel_pair_circuit,inventory_only_not_submitted,,,"Enable dynamical decoupling only; record sequence, scheduling, and any default options.",,,Populate circuit_artifact_path/circuit_sha256/job_id after actual circuit build/submission.
zz4_H1_zz4_pair_0262,zz4_pair_0262,H1,sampler_dynamical_decoupling,ibm_fez,F_quantum_4,zz4,ZZ4,4,4,Sampler,4096,15,22,off_diagonal,all_qubits_all_zero_probability_for_compute_uncompute_fidelity,ZZ4_compute_uncompute_kernel_pair_circuit,inventory_only_not_submitted,,,"Enable dynamical decoupling only; record sequence, scheduling, and any default options.",,,Populate circuit_artifact_path/circuit_sha256/job_id after actual circuit build/submission.
zz4_H1_zz4_pair_0263,zz4_pair_0263,H1,sampler_dynamical_decoupling,ibm_fez,F_quantum_4,zz4,ZZ4,4,4,Sampler,4096,15,23,off_diagonal,all_qubits_all_zero_probability_for_compute_uncompute_fidelity,ZZ4_compute_uncompute_kernel_pair_circuit,inventory_only_not_submitted,,,"Enable dynamical decoupling only; record sequence, scheduling, and any default options.",,,Populate circuit_artifact_path/circuit_sha256/job_id after actual circuit build/submission.
zz4_H1_zz4_pair_0264,zz4_pair_0264,H1,sampler_dynamical_decoupling,ibm_fez,F_quantum_4,zz4,ZZ4,4,4,Sampler,4096,16,16,diagonal,all_qubits_all_zero_probability_for_compute_uncompute_fidelity,ZZ4_compute_uncompute_kernel_pair_circuit,inventory_only_not_submitted,,,"Enable dynamical decoupling only; record sequence, scheduling, and any default options.",,,Populate circuit_artifact_path/circuit_sha256/job_id after actual circuit build/submission.
zz4_H1_zz4_pair_0265,zz4_pair_0265,H1,sampler_dynamical_decoupling,ibm_fez,F_quantum_4,zz4,ZZ4,4,4,Sampler,4096,16,17,off_diagonal,all_qubits_all_zero_probability_for_compute_uncompute_fidelity,ZZ4_compute_uncompute_kernel_pair_circuit,inventory_only_not_submitted,,,"Enable dynamical decoupling only; record sequence, scheduling, and any default options.",,,Populate circuit_artifact_path/circuit_sha256/job_id after actual circuit build/submission.
zz4_H1_zz4_pair_0266,zz4_pair_0266,H1,sampler_dynamical_decoupling,ibm_fez,F_quantum_4,zz4,ZZ4,4,4,Sampler,4096,16,18,off_diagonal,all_qubits_all_zero_probability_for_compute_uncompute_fidelity,ZZ4_compute_uncompute_kernel_pair_circuit,inventory_only_not_submitted,,,"Enable dynamical decoupling only; record sequence, scheduling, and any default options.",,,Populate circuit_artifact_path/circuit_sha256/job_id after actual circuit build/submission.
zz4_H1_zz4_pair_0267,zz4_pair_0267,H1,sampler_dynamical_decoupling,ibm_fez,F_quantum_4,zz4,ZZ4,4,4,Sampler,4096,16,19,off_diagonal,all_qubits_all_zero_probability_for_compute_uncompute_fidelity,ZZ4_compute_uncompute_kernel_pair_circuit,inventory_only_not_submitted,,,"Enable dynamical decoupling only; record sequence, scheduling, and any default options.",,,Populate circuit_artifact_path/circuit_sha256/job_id after actual circuit build/submission.
zz4_H1_zz4_pair_0268,zz4_pair_0268,H1,sampler_dynamical_decoupling,ibm_fez,F_quantum_4,zz4,ZZ4,4,4,Sampler,4096,16,20,off_diagonal,all_qubits_all_zero_probability_for_compute_uncompute_fidelity,ZZ4_compute_uncompute_kernel_pair_circuit,inventory_only_not_submitted,,,"Enable dynamical decoupling only; record sequence, scheduling, and any default options.",,,Populate circuit_artifact_path/circuit_sha256/job_id after actual circuit build/submission.
zz4_H1_zz4_pair_0269,zz4_pair_0269,H1,sampler_dynamical_decoupling,ibm_fez,F_quantum_4,zz4,ZZ4,4,4,Sampler,4096,16,21,off_diagonal,all_qubits_all_zero_probability_for_compute_uncompute_fidelity,ZZ4_compute_uncompute_kernel_pair_circuit,inventory_only_not_submitted,,,"Enable dynamical decoupling only; record sequence, scheduling, and any default options.",,,Populate circuit_artifact_path/circuit_sha256/job_id after actual circuit build/submission.
zz4_H1_zz4_pair_0270,zz4_pair_0270,H1,sampler_dynamical_decoupling,ibm_fez,F_quantum_4,zz4,ZZ4,4,4,Sampler,4096,16,22,off_diagonal,all_qubits_all_zero_probability_for_compute_uncompute_fidelity,ZZ4_compute_uncompute_kernel_pair_circuit,inventory_only_not_submitted,,,"Enable dynamical decoupling only; record sequence, scheduling, and any default options.",,,Populate circuit_artifact_path/circuit_sha256/job_id after actual circuit build/submission.
zz4_H1_zz4_pair_0271,zz4_pair_0271,H1,sampler_dynamical_decoupling,ibm_fez,F_quantum_4,zz4,ZZ4,4,4,Sampler,4096,16,23,off_diagonal,all_qubits_all_zero_probability_for_compute_uncompute_fidelity,ZZ4_compute_uncompute_kernel_pair_circuit,inventory_only_not_submitted,,,"Enable dynamical decoupling only; record sequence, scheduling, and any default options.",,,Populate circuit_artifact_path/circuit_sha256/job_id after actual circuit build/submission.
zz4_H1_zz4_pair_0272,zz4_pair_0272,H1,sampler_dynamical_decoupling,ibm_fez,F_quantum_4,zz4,ZZ4,4,4,Sampler,4096,17,17,diagonal,all_qubits_all_zero_probability_for_compute_uncompute_fidelity,ZZ4_compute_uncompute_kernel_pair_circuit,inventory_only_not_submitted,,,"Enable dynamical decoupling only; record sequence, scheduling, and any default options.",,,Populate circuit_artifact_path/circuit_sha256/job_id after actual circuit build/submission.
zz4_H1_zz4_pair_0273,zz4_pair_0273,H1,sampler_dynamical_decoupling,ibm_fez,F_quantum_4,zz4,ZZ4,4,4,Sampler,4096,17,18,off_diagonal,all_qubits_all_zero_probability_for_compute_uncompute_fidelity,ZZ4_compute_uncompute_kernel_pair_circuit,inventory_only_not_submitted,,,"Enable dynamical decoupling only; record sequence, scheduling, and any default options.",,,Populate circuit_artifact_path/circuit_sha256/job_id after actual circuit build/submission.
zz4_H1_zz4_pair_0274,zz4_pair_0274,H1,sampler_dynamical_decoupling,ibm_fez,F_quantum_4,zz4,ZZ4,4,4,Sampler,4096,17,19,off_diagonal,all_qubits_all_zero_probability_for_compute_uncompute_fidelity,ZZ4_compute_uncompute_kernel_pair_circuit,inventory_only_not_submitted,,,"Enable dynamical decoupling only; record sequence, scheduling, and any default options.",,,Populate circuit_artifact_path/circuit_sha256/job_id after actual circuit build/submission.
zz4_H1_zz4_pair_0275,zz4_pair_0275,H1,sampler_dynamical_decoupling,ibm_fez,F_quantum_4,zz4,ZZ4,4,4,Sampler,4096,17,20,off_diagonal,all_qubits_all_zero_probability_for_compute_uncompute_fidelity,ZZ4_compute_uncompute_kernel_pair_circuit,inventory_only_not_submitted,,,"Enable dynamical decoupling only; record sequence, scheduling, and any default options.",,,Populate circuit_artifact_path/circuit_sha256/job_id after actual circuit build/submission.
zz4_H1_zz4_pair_0276,zz4_pair_0276,H1,sampler_dynamical_decoupling,ibm_fez,F_quantum_4,zz4,ZZ4,4,4,Sampler,4096,17,21,off_diagonal,all_qubits_all_zero_probability_for_compute_uncompute_fidelity,ZZ4_compute_uncompute_kernel_pair_circuit,inventory_only_not_submitted,,,"Enable dynamical decoupling only; record sequence, scheduling, and any default options.",,,Populate circuit_artifact_path/circuit_sha256/job_id after actual circuit build/submission.
zz4_H1_zz4_pair_0277,zz4_pair_0277,H1,sampler_dynamical_decoupling,ibm_fez,F_quantum_4,zz4,ZZ4,4,4,Sampler,4096,17,22,off_diagonal,all_qubits_all_zero_probability_for_compute_uncompute_fidelity,ZZ4_compute_uncompute_kernel_pair_circuit,inventory_only_not_submitted,,,"Enable dynamical decoupling only; record sequence, scheduling, and any default options.",,,Populate circuit_artifact_path/circuit_sha256/job_id after actual circuit build/submission.
zz4_H1_zz4_pair_0278,zz4_pair_0278,H1,sampler_dynamical_decoupling,ibm_fez,F_quantum_4,zz4,ZZ4,4,4,Sampler,4096,17,23,off_diagonal,all_qubits_all_zero_probability_for_compute_uncompute_fidelity,ZZ4_compute_uncompute_kernel_pair_circuit,inventory_only_not_submitted,,,"Enable dynamical decoupling only; record sequence, scheduling, and any default options.",,,Populate circuit_artifact_path/circuit_sha256/job_id after actual circuit build/submission.
zz4_H1_zz4_pair_0279,zz4_pair_0279,H1,sampler_dynamical_decoupling,ibm_fez,F_quantum_4,zz4,ZZ4,4,4,Sampler,4096,18,18,diagonal,all_qubits_all_zero_probability_for_compute_uncompute_fidelity,ZZ4_compute_uncompute_kernel_pair_circuit,inventory_only_not_submitted,,,"Enable dynamical decoupling only; record sequence, scheduling, and any default options.",,,Populate circuit_artifact_path/circuit_sha256/job_id after actual circuit build/submission.
zz4_H1_zz4_pair_0280,zz4_pair_0280,H1,sampler_dynamical_decoupling,ibm_fez,F_quantum_4,zz4,ZZ4,4,4,Sampler,4096,18,19,off_diagonal,all_qubits_all_zero_probability_for_compute_uncompute_fidelity,ZZ4_compute_uncompute_kernel_pair_circuit,inventory_only_not_submitted,,,"Enable dynamical decoupling only; record sequence, scheduling, and any default options.",,,Populate circuit_artifact_path/circuit_sha256/job_id after actual circuit build/submission.
zz4_H1_zz4_pair_0281,zz4_pair_0281,H1,sampler_dynamical_decoupling,ibm_fez,F_quantum_4,zz4,ZZ4,4,4,Sampler,4096,18,20,off_diagonal,all_qubits_all_zero_probability_for_compute_uncompute_fidelity,ZZ4_compute_uncompute_kernel_pair_circuit,inventory_only_not_submitted,,,"Enable dynamical decoupling only; record sequence, scheduling, and any default options.",,,Populate circuit_artifact_path/circuit_sha256/job_id after actual circuit build/submission.
zz4_H1_zz4_pair_0282,zz4_pair_0282,H1,sampler_dynamical_decoupling,ibm_fez,F_quantum_4,zz4,ZZ4,4,4,Sampler,4096,18,21,off_diagonal,all_qubits_all_zero_probability_for_compute_uncompute_fidelity,ZZ4_compute_uncompute_kernel_pair_circuit,inventory_only_not_submitted,,,"Enable dynamical decoupling only; record sequence, scheduling, and any default options.",,,Populate circuit_artifact_path/circuit_sha256/job_id after actual circuit build/submission.
zz4_H1_zz4_pair_0283,zz4_pair_0283,H1,sampler_dynamical_decoupling,ibm_fez,F_quantum_4,zz4,ZZ4,4,4,Sampler,4096,18,22,off_diagonal,all_qubits_all_zero_probability_for_compute_uncompute_fidelity,ZZ4_compute_uncompute_kernel_pair_circuit,inventory_only_not_submitted,,,"Enable dynamical decoupling only; record sequence, scheduling, and any default options.",,,Populate circuit_artifact_path/circuit_sha256/job_id after actual circuit build/submission.
zz4_H1_zz4_pair_0284,zz4_pair_0284,H1,sampler_dynamical_decoupling,ibm_fez,F_quantum_4,zz4,ZZ4,4,4,Sampler,4096,18,23,off_diagonal,all_qubits_all_zero_probability_for_compute_uncompute_fidelity,ZZ4_compute_uncompute_kernel_pair_circuit,inventory_only_not_submitted,,,"Enable dynamical decoupling only; record sequence, scheduling, and any default options.",,,Populate circuit_artifact_path/circuit_sha256/job_id after actual circuit build/submission.
zz4_H1_zz4_pair_0285,zz4_pair_0285,H1,sampler_dynamical_decoupling,ibm_fez,F_quantum_4,zz4,ZZ4,4,4,Sampler,4096,19,19,diagonal,all_qubits_all_zero_probability_for_compute_uncompute_fidelity,ZZ4_compute_uncompute_kernel_pair_circuit,inventory_only_not_submitted,,,"Enable dynamical decoupling only; record sequence, scheduling, and any default options.",,,Populate circuit_artifact_path/circuit_sha256/job_id after actual circuit build/submission.
zz4_H1_zz4_pair_0286,zz4_pair_0286,H1,sampler_dynamical_decoupling,ibm_fez,F_quantum_4,zz4,ZZ4,4,4,Sampler,4096,19,20,off_diagonal,all_qubits_all_zero_probability_for_compute_uncompute_fidelity,ZZ4_compute_uncompute_kernel_pair_circuit,inventory_only_not_submitted,,,"Enable dynamical decoupling only; record sequence, scheduling, and any default options.",,,Populate circuit_artifact_path/circuit_sha256/job_id after actual circuit build/submission.
zz4_H1_zz4_pair_0287,zz4_pair_0287,H1,sampler_dynamical_decoupling,ibm_fez,F_quantum_4,zz4,ZZ4,4,4,Sampler,4096,19,21,off_diagonal,all_qubits_all_zero_probability_for_compute_uncompute_fidelity,ZZ4_compute_uncompute_kernel_pair_circuit,inventory_only_not_submitted,,,"Enable dynamical decoupling only; record sequence, scheduling, and any default options.",,,Populate circuit_artifact_path/circuit_sha256/job_id after actual circuit build/submission.
zz4_H1_zz4_pair_0288,zz4_pair_0288,H1,sampler_dynamical_decoupling,ibm_fez,F_quantum_4,zz4,ZZ4,4,4,Sampler,4096,19,22,off_diagonal,all_qubits_all_zero_probability_for_compute_uncompute_fidelity,ZZ4_compute_uncompute_kernel_pair_circuit,inventory_only_not_submitted,,,"Enable dynamical decoupling only; record sequence, scheduling, and any default options.",,,Populate circuit_artifact_path/circuit_sha256/job_id after actual circuit build/submission.
zz4_H1_zz4_pair_0289,zz4_pair_0289,H1,sampler_dynamical_decoupling,ibm_fez,F_quantum_4,zz4,ZZ4,4,4,Sampler,4096,19,23,off_diagonal,all_qubits_all_zero_probability_for_compute_uncompute_fidelity,ZZ4_compute_uncompute_kernel_pair_circuit,inventory_only_not_submitted,,,"Enable dynamical decoupling only; record sequence, scheduling, and any default options.",,,Populate circuit_artifact_path/circuit_sha256/job_id after actual circuit build/submission.
zz4_H1_zz4_pair_0290,zz4_pair_0290,H1,sampler_dynamical_decoupling,ibm_fez,F_quantum_4,zz4,ZZ4,4,4,Sampler,4096,20,20,diagonal,all_qubits_all_zero_probability_for_compute_uncompute_fidelity,ZZ4_compute_uncompute_kernel_pair_circuit,inventory_only_not_submitted,,,"Enable dynamical decoupling only; record sequence, scheduling, and any default options.",,,Populate circuit_artifact_path/circuit_sha256/job_id after actual circuit build/submission.
zz4_H1_zz4_pair_0291,zz4_pair_0291,H1,sampler_dynamical_decoupling,ibm_fez,F_quantum_4,zz4,ZZ4,4,4,Sampler,4096,20,21,off_diagonal,all_qubits_all_zero_probability_for_compute_uncompute_fidelity,ZZ4_compute_uncompute_kernel_pair_circuit,inventory_only_not_submitted,,,"Enable dynamical decoupling only; record sequence, scheduling, and any default options.",,,Populate circuit_artifact_path/circuit_sha256/job_id after actual circuit build/submission.
zz4_H1_zz4_pair_0292,zz4_pair_0292,H1,sampler_dynamical_decoupling,ibm_fez,F_quantum_4,zz4,ZZ4,4,4,Sampler,4096,20,22,off_diagonal,all_qubits_all_zero_probability_for_compute_uncompute_fidelity,ZZ4_compute_uncompute_kernel_pair_circuit,inventory_only_not_submitted,,,"Enable dynamical decoupling only; record sequence, scheduling, and any default options.",,,Populate circuit_artifact_path/circuit_sha256/job_id after actual circuit build/submission.
zz4_H1_zz4_pair_0293,zz4_pair_0293,H1,sampler_dynamical_decoupling,ibm_fez,F_quantum_4,zz4,ZZ4,4,4,Sampler,4096,20,23,off_diagonal,all_qubits_all_zero_probability_for_compute_uncompute_fidelity,ZZ4_compute_uncompute_kernel_pair_circuit,inventory_only_not_submitted,,,"Enable dynamical decoupling only; record sequence, scheduling, and any default options.",,,Populate circuit_artifact_path/circuit_sha256/job_id after actual circuit build/submission.
zz4_H1_zz4_pair_0294,zz4_pair_0294,H1,sampler_dynamical_decoupling,ibm_fez,F_quantum_4,zz4,ZZ4,4,4,Sampler,4096,21,21,diagonal,all_qubits_all_zero_probability_for_compute_uncompute_fidelity,ZZ4_compute_uncompute_kernel_pair_circuit,inventory_only_not_submitted,,,"Enable dynamical decoupling only; record sequence, scheduling, and any default options.",,,Populate circuit_artifact_path/circuit_sha256/job_id after actual circuit build/submission.
zz4_H1_zz4_pair_0295,zz4_pair_0295,H1,sampler_dynamical_decoupling,ibm_fez,F_quantum_4,zz4,ZZ4,4,4,Sampler,4096,21,22,off_diagonal,all_qubits_all_zero_probability_for_compute_uncompute_fidelity,ZZ4_compute_uncompute_kernel_pair_circuit,inventory_only_not_submitted,,,"Enable dynamical decoupling only; record sequence, scheduling, and any default options.",,,Populate circuit_artifact_path/circuit_sha256/job_id after actual circuit build/submission.
zz4_H1_zz4_pair_0296,zz4_pair_0296,H1,sampler_dynamical_decoupling,ibm_fez,F_quantum_4,zz4,ZZ4,4,4,Sampler,4096,21,23,off_diagonal,all_qubits_all_zero_probability_for_compute_uncompute_fidelity,ZZ4_compute_uncompute_kernel_pair_circuit,inventory_only_not_submitted,,,"Enable dynamical decoupling only; record sequence, scheduling, and any default options.",,,Populate circuit_artifact_path/circuit_sha256/job_id after actual circuit build/submission.
zz4_H1_zz4_pair_0297,zz4_pair_0297,H1,sampler_dynamical_decoupling,ibm_fez,F_quantum_4,zz4,ZZ4,4,4,Sampler,4096,22,22,diagonal,all_qubits_all_zero_probability_for_compute_uncompute_fidelity,ZZ4_compute_uncompute_kernel_pair_circuit,inventory_only_not_submitted,,,"Enable dynamical decoupling only; record sequence, scheduling, and any default options.",,,Populate circuit_artifact_path/circuit_sha256/job_id after actual circuit build/submission.
zz4_H1_zz4_pair_0298,zz4_pair_0298,H1,sampler_dynamical_decoupling,ibm_fez,F_quantum_4,zz4,ZZ4,4,4,Sampler,4096,22,23,off_diagonal,all_qubits_all_zero_probability_for_compute_uncompute_fidelity,ZZ4_compute_uncompute_kernel_pair_circuit,inventory_only_not_submitted,,,"Enable dynamical decoupling only; record sequence, scheduling, and any default options.",,,Populate circuit_artifact_path/circuit_sha256/job_id after actual circuit build/submission.
zz4_H1_zz4_pair_0299,zz4_pair_0299,H1,sampler_dynamical_decoupling,ibm_fez,F_quantum_4,zz4,ZZ4,4,4,Sampler,4096,23,23,diagonal,all_qubits_all_zero_probability_for_compute_uncompute_fidelity,ZZ4_compute_uncompute_kernel_pair_circuit,inventory_only_not_submitted,,,"Enable dynamical decoupling only; record sequence, scheduling, and any default options.",,,Populate circuit_artifact_path/circuit_sha256/job_id after actual circuit build/submission.
zz4_H2_zz4_pair_0000,zz4_pair_0000,H2,sampler_pauli_or_gate_twirling,ibm_fez,F_quantum_4,zz4,ZZ4,4,4,Sampler,4096,0,0,diagonal,all_qubits_all_zero_probability_for_compute_uncompute_fidelity,ZZ4_compute_uncompute_kernel_pair_circuit,inventory_only_not_submitted,,,"Enable twirling only; record twirling type, randomization count, and any default options.",,,Populate circuit_artifact_path/circuit_sha256/job_id after actual circuit build/submission.
zz4_H2_zz4_pair_0001,zz4_pair_0001,H2,sampler_pauli_or_gate_twirling,ibm_fez,F_quantum_4,zz4,ZZ4,4,4,Sampler,4096,0,1,off_diagonal,all_qubits_all_zero_probability_for_compute_uncompute_fidelity,ZZ4_compute_uncompute_kernel_pair_circuit,inventory_only_not_submitted,,,"Enable twirling only; record twirling type, randomization count, and any default options.",,,Populate circuit_artifact_path/circuit_sha256/job_id after actual circuit build/submission.
zz4_H2_zz4_pair_0002,zz4_pair_0002,H2,sampler_pauli_or_gate_twirling,ibm_fez,F_quantum_4,zz4,ZZ4,4,4,Sampler,4096,0,2,off_diagonal,all_qubits_all_zero_probability_for_compute_uncompute_fidelity,ZZ4_compute_uncompute_kernel_pair_circuit,inventory_only_not_submitted,,,"Enable twirling only; record twirling type, randomization count, and any default options.",,,Populate circuit_artifact_path/circuit_sha256/job_id after actual circuit build/submission.
zz4_H2_zz4_pair_0003,zz4_pair_0003,H2,sampler_pauli_or_gate_twirling,ibm_fez,F_quantum_4,zz4,ZZ4,4,4,Sampler,4096,0,3,off_diagonal,all_qubits_all_zero_probability_for_compute_uncompute_fidelity,ZZ4_compute_uncompute_kernel_pair_circuit,inventory_only_not_submitted,,,"Enable twirling only; record twirling type, randomization count, and any default options.",,,Populate circuit_artifact_path/circuit_sha256/job_id after actual circuit build/submission.
zz4_H2_zz4_pair_0004,zz4_pair_0004,H2,sampler_pauli_or_gate_twirling,ibm_fez,F_quantum_4,zz4,ZZ4,4,4,Sampler,4096,0,4,off_diagonal,all_qubits_all_zero_probability_for_compute_uncompute_fidelity,ZZ4_compute_uncompute_kernel_pair_circuit,inventory_only_not_submitted,,,"Enable twirling only; record twirling type, randomization count, and any default options.",,,Populate circuit_artifact_path/circuit_sha256/job_id after actual circuit build/submission.
zz4_H2_zz4_pair_0005,zz4_pair_0005,H2,sampler_pauli_or_gate_twirling,ibm_fez,F_quantum_4,zz4,ZZ4,4,4,Sampler,4096,0,5,off_diagonal,all_qubits_all_zero_probability_for_compute_uncompute_fidelity,ZZ4_compute_uncompute_kernel_pair_circuit,inventory_only_not_submitted,,,"Enable twirling only; record twirling type, randomization count, and any default options.",,,Populate circuit_artifact_path/circuit_sha256/job_id after actual circuit build/submission.
zz4_H2_zz4_pair_0006,zz4_pair_0006,H2,sampler_pauli_or_gate_twirling,ibm_fez,F_quantum_4,zz4,ZZ4,4,4,Sampler,4096,0,6,off_diagonal,all_qubits_all_zero_probability_for_compute_uncompute_fidelity,ZZ4_compute_uncompute_kernel_pair_circuit,inventory_only_not_submitted,,,"Enable twirling only; record twirling type, randomization count, and any default options.",,,Populate circuit_artifact_path/circuit_sha256/job_id after actual circuit build/submission.
zz4_H2_zz4_pair_0007,zz4_pair_0007,H2,sampler_pauli_or_gate_twirling,ibm_fez,F_quantum_4,zz4,ZZ4,4,4,Sampler,4096,0,7,off_diagonal,all_qubits_all_zero_probability_for_compute_uncompute_fidelity,ZZ4_compute_uncompute_kernel_pair_circuit,inventory_only_not_submitted,,,"Enable twirling only; record twirling type, randomization count, and any default options.",,,Populate circuit_artifact_path/circuit_sha256/job_id after actual circuit build/submission.
zz4_H2_zz4_pair_0008,zz4_pair_0008,H2,sampler_pauli_or_gate_twirling,ibm_fez,F_quantum_4,zz4,ZZ4,4,4,Sampler,4096,0,8,off_diagonal,all_qubits_all_zero_probability_for_compute_uncompute_fidelity,ZZ4_compute_uncompute_kernel_pair_circuit,inventory_only_not_submitted,,,"Enable twirling only; record twirling type, randomization count, and any default options.",,,Populate circuit_artifact_path/circuit_sha256/job_id after actual circuit build/submission.
zz4_H2_zz4_pair_0009,zz4_pair_0009,H2,sampler_pauli_or_gate_twirling,ibm_fez,F_quantum_4,zz4,ZZ4,4,4,Sampler,4096,0,9,off_diagonal,all_qubits_all_zero_probability_for_compute_uncompute_fidelity,ZZ4_compute_uncompute_kernel_pair_circuit,inventory_only_not_submitted,,,"Enable twirling only; record twirling type, randomization count, and any default options.",,,Populate circuit_artifact_path/circuit_sha256/job_id after actual circuit build/submission.
zz4_H2_zz4_pair_0010,zz4_pair_0010,H2,sampler_pauli_or_gate_twirling,ibm_fez,F_quantum_4,zz4,ZZ4,4,4,Sampler,4096,0,10,off_diagonal,all_qubits_all_zero_probability_for_compute_uncompute_fidelity,ZZ4_compute_uncompute_kernel_pair_circuit,inventory_only_not_submitted,,,"Enable twirling only; record twirling type, randomization count, and any default options.",,,Populate circuit_artifact_path/circuit_sha256/job_id after actual circuit build/submission.
zz4_H2_zz4_pair_0011,zz4_pair_0011,H2,sampler_pauli_or_gate_twirling,ibm_fez,F_quantum_4,zz4,ZZ4,4,4,Sampler,4096,0,11,off_diagonal,all_qubits_all_zero_probability_for_compute_uncompute_fidelity,ZZ4_compute_uncompute_kernel_pair_circuit,inventory_only_not_submitted,,,"Enable twirling only; record twirling type, randomization count, and any default options.",,,Populate circuit_artifact_path/circuit_sha256/job_id after actual circuit build/submission.
zz4_H2_zz4_pair_0012,zz4_pair_0012,H2,sampler_pauli_or_gate_twirling,ibm_fez,F_quantum_4,zz4,ZZ4,4,4,Sampler,4096,0,12,off_diagonal,all_qubits_all_zero_probability_for_compute_uncompute_fidelity,ZZ4_compute_uncompute_kernel_pair_circuit,inventory_only_not_submitted,,,"Enable twirling only; record twirling type, randomization count, and any default options.",,,Populate circuit_artifact_path/circuit_sha256/job_id after actual circuit build/submission.
zz4_H2_zz4_pair_0013,zz4_pair_0013,H2,sampler_pauli_or_gate_twirling,ibm_fez,F_quantum_4,zz4,ZZ4,4,4,Sampler,4096,0,13,off_diagonal,all_qubits_all_zero_probability_for_compute_uncompute_fidelity,ZZ4_compute_uncompute_kernel_pair_circuit,inventory_only_not_submitted,,,"Enable twirling only; record twirling type, randomization count, and any default options.",,,Populate circuit_artifact_path/circuit_sha256/job_id after actual circuit build/submission.
zz4_H2_zz4_pair_0014,zz4_pair_0014,H2,sampler_pauli_or_gate_twirling,ibm_fez,F_quantum_4,zz4,ZZ4,4,4,Sampler,4096,0,14,off_diagonal,all_qubits_all_zero_probability_for_compute_uncompute_fidelity,ZZ4_compute_uncompute_kernel_pair_circuit,inventory_only_not_submitted,,,"Enable twirling only; record twirling type, randomization count, and any default options.",,,Populate circuit_artifact_path/circuit_sha256/job_id after actual circuit build/submission.
zz4_H2_zz4_pair_0015,zz4_pair_0015,H2,sampler_pauli_or_gate_twirling,ibm_fez,F_quantum_4,zz4,ZZ4,4,4,Sampler,4096,0,15,off_diagonal,all_qubits_all_zero_probability_for_compute_uncompute_fidelity,ZZ4_compute_uncompute_kernel_pair_circuit,inventory_only_not_submitted,,,"Enable twirling only; record twirling type, randomization count, and any default options.",,,Populate circuit_artifact_path/circuit_sha256/job_id after actual circuit build/submission.
zz4_H2_zz4_pair_0016,zz4_pair_0016,H2,sampler_pauli_or_gate_twirling,ibm_fez,F_quantum_4,zz4,ZZ4,4,4,Sampler,4096,0,16,off_diagonal,all_qubits_all_zero_probability_for_compute_uncompute_fidelity,ZZ4_compute_uncompute_kernel_pair_circuit,inventory_only_not_submitted,,,"Enable twirling only; record twirling type, randomization count, and any default options.",,,Populate circuit_artifact_path/circuit_sha256/job_id after actual circuit build/submission.
zz4_H2_zz4_pair_0017,zz4_pair_0017,H2,sampler_pauli_or_gate_twirling,ibm_fez,F_quantum_4,zz4,ZZ4,4,4,Sampler,4096,0,17,off_diagonal,all_qubits_all_zero_probability_for_compute_uncompute_fidelity,ZZ4_compute_uncompute_kernel_pair_circuit,inventory_only_not_submitted,,,"Enable twirling only; record twirling type, randomization count, and any default options.",,,Populate circuit_artifact_path/circuit_sha256/job_id after actual circuit build/submission.
zz4_H2_zz4_pair_0018,zz4_pair_0018,H2,sampler_pauli_or_gate_twirling,ibm_fez,F_quantum_4,zz4,ZZ4,4,4,Sampler,4096,0,18,off_diagonal,all_qubits_all_zero_probability_for_compute_uncompute_fidelity,ZZ4_compute_uncompute_kernel_pair_circuit,inventory_only_not_submitted,,,"Enable twirling only; record twirling type, randomization count, and any default options.",,,Populate circuit_artifact_path/circuit_sha256/job_id after actual circuit build/submission.
zz4_H2_zz4_pair_0019,zz4_pair_0019,H2,sampler_pauli_or_gate_twirling,ibm_fez,F_quantum_4,zz4,ZZ4,4,4,Sampler,4096,0,19,off_diagonal,all_qubits_all_zero_probability_for_compute_uncompute_fidelity,ZZ4_compute_uncompute_kernel_pair_circuit,inventory_only_not_submitted,,,"Enable twirling only; record twirling type, randomization count, and any default options.",,,Populate circuit_artifact_path/circuit_sha256/job_id after actual circuit build/submission.
zz4_H2_zz4_pair_0020,zz4_pair_0020,H2,sampler_pauli_or_gate_twirling,ibm_fez,F_quantum_4,zz4,ZZ4,4,4,Sampler,4096,0,20,off_diagonal,all_qubits_all_zero_probability_for_compute_uncompute_fidelity,ZZ4_compute_uncompute_kernel_pair_circuit,inventory_only_not_submitted,,,"Enable twirling only; record twirling type, randomization count, and any default options.",,,Populate circuit_artifact_path/circuit_sha256/job_id after actual circuit build/submission.
zz4_H2_zz4_pair_0021,zz4_pair_0021,H2,sampler_pauli_or_gate_twirling,ibm_fez,F_quantum_4,zz4,ZZ4,4,4,Sampler,4096,0,21,off_diagonal,all_qubits_all_zero_probability_for_compute_uncompute_fidelity,ZZ4_compute_uncompute_kernel_pair_circuit,inventory_only_not_submitted,,,"Enable twirling only; record twirling type, randomization count, and any default options.",,,Populate circuit_artifact_path/circuit_sha256/job_id after actual circuit build/submission.
zz4_H2_zz4_pair_0022,zz4_pair_0022,H2,sampler_pauli_or_gate_twirling,ibm_fez,F_quantum_4,zz4,ZZ4,4,4,Sampler,4096,0,22,off_diagonal,all_qubits_all_zero_probability_for_compute_uncompute_fidelity,ZZ4_compute_uncompute_kernel_pair_circuit,inventory_only_not_submitted,,,"Enable twirling only; record twirling type, randomization count, and any default options.",,,Populate circuit_artifact_path/circuit_sha256/job_id after actual circuit build/submission.
zz4_H2_zz4_pair_0023,zz4_pair_0023,H2,sampler_pauli_or_gate_twirling,ibm_fez,F_quantum_4,zz4,ZZ4,4,4,Sampler,4096,0,23,off_diagonal,all_qubits_all_zero_probability_for_compute_uncompute_fidelity,ZZ4_compute_uncompute_kernel_pair_circuit,inventory_only_not_submitted,,,"Enable twirling only; record twirling type, randomization count, and any default options.",,,Populate circuit_artifact_path/circuit_sha256/job_id after actual circuit build/submission.
zz4_H2_zz4_pair_0024,zz4_pair_0024,H2,sampler_pauli_or_gate_twirling,ibm_fez,F_quantum_4,zz4,ZZ4,4,4,Sampler,4096,1,1,diagonal,all_qubits_all_zero_probability_for_compute_uncompute_fidelity,ZZ4_compute_uncompute_kernel_pair_circuit,inventory_only_not_submitted,,,"Enable twirling only; record twirling type, randomization count, and any default options.",,,Populate circuit_artifact_path/circuit_sha256/job_id after actual circuit build/submission.
zz4_H2_zz4_pair_0025,zz4_pair_0025,H2,sampler_pauli_or_gate_twirling,ibm_fez,F_quantum_4,zz4,ZZ4,4,4,Sampler,4096,1,2,off_diagonal,all_qubits_all_zero_probability_for_compute_uncompute_fidelity,ZZ4_compute_uncompute_kernel_pair_circuit,inventory_only_not_submitted,,,"Enable twirling only; record twirling type, randomization count, and any default options.",,,Populate circuit_artifact_path/circuit_sha256/job_id after actual circuit build/submission.
zz4_H2_zz4_pair_0026,zz4_pair_0026,H2,sampler_pauli_or_gate_twirling,ibm_fez,F_quantum_4,zz4,ZZ4,4,4,Sampler,4096,1,3,off_diagonal,all_qubits_all_zero_probability_for_compute_uncompute_fidelity,ZZ4_compute_uncompute_kernel_pair_circuit,inventory_only_not_submitted,,,"Enable twirling only; record twirling type, randomization count, and any default options.",,,Populate circuit_artifact_path/circuit_sha256/job_id after actual circuit build/submission.
zz4_H2_zz4_pair_0027,zz4_pair_0027,H2,sampler_pauli_or_gate_twirling,ibm_fez,F_quantum_4,zz4,ZZ4,4,4,Sampler,4096,1,4,off_diagonal,all_qubits_all_zero_probability_for_compute_uncompute_fidelity,ZZ4_compute_uncompute_kernel_pair_circuit,inventory_only_not_submitted,,,"Enable twirling only; record twirling type, randomization count, and any default options.",,,Populate circuit_artifact_path/circuit_sha256/job_id after actual circuit build/submission.
zz4_H2_zz4_pair_0028,zz4_pair_0028,H2,sampler_pauli_or_gate_twirling,ibm_fez,F_quantum_4,zz4,ZZ4,4,4,Sampler,4096,1,5,off_diagonal,all_qubits_all_zero_probability_for_compute_uncompute_fidelity,ZZ4_compute_uncompute_kernel_pair_circuit,inventory_only_not_submitted,,,"Enable twirling only; record twirling type, randomization count, and any default options.",,,Populate circuit_artifact_path/circuit_sha256/job_id after actual circuit build/submission.
zz4_H2_zz4_pair_0029,zz4_pair_0029,H2,sampler_pauli_or_gate_twirling,ibm_fez,F_quantum_4,zz4,ZZ4,4,4,Sampler,4096,1,6,off_diagonal,all_qubits_all_zero_probability_for_compute_uncompute_fidelity,ZZ4_compute_uncompute_kernel_pair_circuit,inventory_only_not_submitted,,,"Enable twirling only; record twirling type, randomization count, and any default options.",,,Populate circuit_artifact_path/circuit_sha256/job_id after actual circuit build/submission.
zz4_H2_zz4_pair_0030,zz4_pair_0030,H2,sampler_pauli_or_gate_twirling,ibm_fez,F_quantum_4,zz4,ZZ4,4,4,Sampler,4096,1,7,off_diagonal,all_qubits_all_zero_probability_for_compute_uncompute_fidelity,ZZ4_compute_uncompute_kernel_pair_circuit,inventory_only_not_submitted,,,"Enable twirling only; record twirling type, randomization count, and any default options.",,,Populate circuit_artifact_path/circuit_sha256/job_id after actual circuit build/submission.
zz4_H2_zz4_pair_0031,zz4_pair_0031,H2,sampler_pauli_or_gate_twirling,ibm_fez,F_quantum_4,zz4,ZZ4,4,4,Sampler,4096,1,8,off_diagonal,all_qubits_all_zero_probability_for_compute_uncompute_fidelity,ZZ4_compute_uncompute_kernel_pair_circuit,inventory_only_not_submitted,,,"Enable twirling only; record twirling type, randomization count, and any default options.",,,Populate circuit_artifact_path/circuit_sha256/job_id after actual circuit build/submission.
zz4_H2_zz4_pair_0032,zz4_pair_0032,H2,sampler_pauli_or_gate_twirling,ibm_fez,F_quantum_4,zz4,ZZ4,4,4,Sampler,4096,1,9,off_diagonal,all_qubits_all_zero_probability_for_compute_uncompute_fidelity,ZZ4_compute_uncompute_kernel_pair_circuit,inventory_only_not_submitted,,,"Enable twirling only; record twirling type, randomization count, and any default options.",,,Populate circuit_artifact_path/circuit_sha256/job_id after actual circuit build/submission.
zz4_H2_zz4_pair_0033,zz4_pair_0033,H2,sampler_pauli_or_gate_twirling,ibm_fez,F_quantum_4,zz4,ZZ4,4,4,Sampler,4096,1,10,off_diagonal,all_qubits_all_zero_probability_for_compute_uncompute_fidelity,ZZ4_compute_uncompute_kernel_pair_circuit,inventory_only_not_submitted,,,"Enable twirling only; record twirling type, randomization count, and any default options.",,,Populate circuit_artifact_path/circuit_sha256/job_id after actual circuit build/submission.
zz4_H2_zz4_pair_0034,zz4_pair_0034,H2,sampler_pauli_or_gate_twirling,ibm_fez,F_quantum_4,zz4,ZZ4,4,4,Sampler,4096,1,11,off_diagonal,all_qubits_all_zero_probability_for_compute_uncompute_fidelity,ZZ4_compute_uncompute_kernel_pair_circuit,inventory_only_not_submitted,,,"Enable twirling only; record twirling type, randomization count, and any default options.",,,Populate circuit_artifact_path/circuit_sha256/job_id after actual circuit build/submission.
zz4_H2_zz4_pair_0035,zz4_pair_0035,H2,sampler_pauli_or_gate_twirling,ibm_fez,F_quantum_4,zz4,ZZ4,4,4,Sampler,4096,1,12,off_diagonal,all_qubits_all_zero_probability_for_compute_uncompute_fidelity,ZZ4_compute_uncompute_kernel_pair_circuit,inventory_only_not_submitted,,,"Enable twirling only; record twirling type, randomization count, and any default options.",,,Populate circuit_artifact_path/circuit_sha256/job_id after actual circuit build/submission.
zz4_H2_zz4_pair_0036,zz4_pair_0036,H2,sampler_pauli_or_gate_twirling,ibm_fez,F_quantum_4,zz4,ZZ4,4,4,Sampler,4096,1,13,off_diagonal,all_qubits_all_zero_probability_for_compute_uncompute_fidelity,ZZ4_compute_uncompute_kernel_pair_circuit,inventory_only_not_submitted,,,"Enable twirling only; record twirling type, randomization count, and any default options.",,,Populate circuit_artifact_path/circuit_sha256/job_id after actual circuit build/submission.
zz4_H2_zz4_pair_0037,zz4_pair_0037,H2,sampler_pauli_or_gate_twirling,ibm_fez,F_quantum_4,zz4,ZZ4,4,4,Sampler,4096,1,14,off_diagonal,all_qubits_all_zero_probability_for_compute_uncompute_fidelity,ZZ4_compute_uncompute_kernel_pair_circuit,inventory_only_not_submitted,,,"Enable twirling only; record twirling type, randomization count, and any default options.",,,Populate circuit_artifact_path/circuit_sha256/job_id after actual circuit build/submission.
zz4_H2_zz4_pair_0038,zz4_pair_0038,H2,sampler_pauli_or_gate_twirling,ibm_fez,F_quantum_4,zz4,ZZ4,4,4,Sampler,4096,1,15,off_diagonal,all_qubits_all_zero_probability_for_compute_uncompute_fidelity,ZZ4_compute_uncompute_kernel_pair_circuit,inventory_only_not_submitted,,,"Enable twirling only; record twirling type, randomization count, and any default options.",,,Populate circuit_artifact_path/circuit_sha256/job_id after actual circuit build/submission.
zz4_H2_zz4_pair_0039,zz4_pair_0039,H2,sampler_pauli_or_gate_twirling,ibm_fez,F_quantum_4,zz4,ZZ4,4,4,Sampler,4096,1,16,off_diagonal,all_qubits_all_zero_probability_for_compute_uncompute_fidelity,ZZ4_compute_uncompute_kernel_pair_circuit,inventory_only_not_submitted,,,"Enable twirling only; record twirling type, randomization count, and any default options.",,,Populate circuit_artifact_path/circuit_sha256/job_id after actual circuit build/submission.
zz4_H2_zz4_pair_0040,zz4_pair_0040,H2,sampler_pauli_or_gate_twirling,ibm_fez,F_quantum_4,zz4,ZZ4,4,4,Sampler,4096,1,17,off_diagonal,all_qubits_all_zero_probability_for_compute_uncompute_fidelity,ZZ4_compute_uncompute_kernel_pair_circuit,inventory_only_not_submitted,,,"Enable twirling only; record twirling type, randomization count, and any default options.",,,Populate circuit_artifact_path/circuit_sha256/job_id after actual circuit build/submission.
zz4_H2_zz4_pair_0041,zz4_pair_0041,H2,sampler_pauli_or_gate_twirling,ibm_fez,F_quantum_4,zz4,ZZ4,4,4,Sampler,4096,1,18,off_diagonal,all_qubits_all_zero_probability_for_compute_uncompute_fidelity,ZZ4_compute_uncompute_kernel_pair_circuit,inventory_only_not_submitted,,,"Enable twirling only; record twirling type, randomization count, and any default options.",,,Populate circuit_artifact_path/circuit_sha256/job_id after actual circuit build/submission.
zz4_H2_zz4_pair_0042,zz4_pair_0042,H2,sampler_pauli_or_gate_twirling,ibm_fez,F_quantum_4,zz4,ZZ4,4,4,Sampler,4096,1,19,off_diagonal,all_qubits_all_zero_probability_for_compute_uncompute_fidelity,ZZ4_compute_uncompute_kernel_pair_circuit,inventory_only_not_submitted,,,"Enable twirling only; record twirling type, randomization count, and any default options.",,,Populate circuit_artifact_path/circuit_sha256/job_id after actual circuit build/submission.
zz4_H2_zz4_pair_0043,zz4_pair_0043,H2,sampler_pauli_or_gate_twirling,ibm_fez,F_quantum_4,zz4,ZZ4,4,4,Sampler,4096,1,20,off_diagonal,all_qubits_all_zero_probability_for_compute_uncompute_fidelity,ZZ4_compute_uncompute_kernel_pair_circuit,inventory_only_not_submitted,,,"Enable twirling only; record twirling type, randomization count, and any default options.",,,Populate circuit_artifact_path/circuit_sha256/job_id after actual circuit build/submission.
zz4_H2_zz4_pair_0044,zz4_pair_0044,H2,sampler_pauli_or_gate_twirling,ibm_fez,F_quantum_4,zz4,ZZ4,4,4,Sampler,4096,1,21,off_diagonal,all_qubits_all_zero_probability_for_compute_uncompute_fidelity,ZZ4_compute_uncompute_kernel_pair_circuit,inventory_only_not_submitted,,,"Enable twirling only; record twirling type, randomization count, and any default options.",,,Populate circuit_artifact_path/circuit_sha256/job_id after actual circuit build/submission.
zz4_H2_zz4_pair_0045,zz4_pair_0045,H2,sampler_pauli_or_gate_twirling,ibm_fez,F_quantum_4,zz4,ZZ4,4,4,Sampler,4096,1,22,off_diagonal,all_qubits_all_zero_probability_for_compute_uncompute_fidelity,ZZ4_compute_uncompute_kernel_pair_circuit,inventory_only_not_submitted,,,"Enable twirling only; record twirling type, randomization count, and any default options.",,,Populate circuit_artifact_path/circuit_sha256/job_id after actual circuit build/submission.
zz4_H2_zz4_pair_0046,zz4_pair_0046,H2,sampler_pauli_or_gate_twirling,ibm_fez,F_quantum_4,zz4,ZZ4,4,4,Sampler,4096,1,23,off_diagonal,all_qubits_all_zero_probability_for_compute_uncompute_fidelity,ZZ4_compute_uncompute_kernel_pair_circuit,inventory_only_not_submitted,,,"Enable twirling only; record twirling type, randomization count, and any default options.",,,Populate circuit_artifact_path/circuit_sha256/job_id after actual circuit build/submission.
zz4_H2_zz4_pair_0047,zz4_pair_0047,H2,sampler_pauli_or_gate_twirling,ibm_fez,F_quantum_4,zz4,ZZ4,4,4,Sampler,4096,2,2,diagonal,all_qubits_all_zero_probability_for_compute_uncompute_fidelity,ZZ4_compute_uncompute_kernel_pair_circuit,inventory_only_not_submitted,,,"Enable twirling only; record twirling type, randomization count, and any default options.",,,Populate circuit_artifact_path/circuit_sha256/job_id after actual circuit build/submission.
zz4_H2_zz4_pair_0048,zz4_pair_0048,H2,sampler_pauli_or_gate_twirling,ibm_fez,F_quantum_4,zz4,ZZ4,4,4,Sampler,4096,2,3,off_diagonal,all_qubits_all_zero_probability_for_compute_uncompute_fidelity,ZZ4_compute_uncompute_kernel_pair_circuit,inventory_only_not_submitted,,,"Enable twirling only; record twirling type, randomization count, and any default options.",,,Populate circuit_artifact_path/circuit_sha256/job_id after actual circuit build/submission.
zz4_H2_zz4_pair_0049,zz4_pair_0049,H2,sampler_pauli_or_gate_twirling,ibm_fez,F_quantum_4,zz4,ZZ4,4,4,Sampler,4096,2,4,off_diagonal,all_qubits_all_zero_probability_for_compute_uncompute_fidelity,ZZ4_compute_uncompute_kernel_pair_circuit,inventory_only_not_submitted,,,"Enable twirling only; record twirling type, randomization count, and any default options.",,,Populate circuit_artifact_path/circuit_sha256/job_id after actual circuit build/submission.
zz4_H2_zz4_pair_0050,zz4_pair_0050,H2,sampler_pauli_or_gate_twirling,ibm_fez,F_quantum_4,zz4,ZZ4,4,4,Sampler,4096,2,5,off_diagonal,all_qubits_all_zero_probability_for_compute_uncompute_fidelity,ZZ4_compute_uncompute_kernel_pair_circuit,inventory_only_not_submitted,,,"Enable twirling only; record twirling type, randomization count, and any default options.",,,Populate circuit_artifact_path/circuit_sha256/job_id after actual circuit build/submission.
zz4_H2_zz4_pair_0051,zz4_pair_0051,H2,sampler_pauli_or_gate_twirling,ibm_fez,F_quantum_4,zz4,ZZ4,4,4,Sampler,4096,2,6,off_diagonal,all_qubits_all_zero_probability_for_compute_uncompute_fidelity,ZZ4_compute_uncompute_kernel_pair_circuit,inventory_only_not_submitted,,,"Enable twirling only; record twirling type, randomization count, and any default options.",,,Populate circuit_artifact_path/circuit_sha256/job_id after actual circuit build/submission.
zz4_H2_zz4_pair_0052,zz4_pair_0052,H2,sampler_pauli_or_gate_twirling,ibm_fez,F_quantum_4,zz4,ZZ4,4,4,Sampler,4096,2,7,off_diagonal,all_qubits_all_zero_probability_for_compute_uncompute_fidelity,ZZ4_compute_uncompute_kernel_pair_circuit,inventory_only_not_submitted,,,"Enable twirling only; record twirling type, randomization count, and any default options.",,,Populate circuit_artifact_path/circuit_sha256/job_id after actual circuit build/submission.
zz4_H2_zz4_pair_0053,zz4_pair_0053,H2,sampler_pauli_or_gate_twirling,ibm_fez,F_quantum_4,zz4,ZZ4,4,4,Sampler,4096,2,8,off_diagonal,all_qubits_all_zero_probability_for_compute_uncompute_fidelity,ZZ4_compute_uncompute_kernel_pair_circuit,inventory_only_not_submitted,,,"Enable twirling only; record twirling type, randomization count, and any default options.",,,Populate circuit_artifact_path/circuit_sha256/job_id after actual circuit build/submission.
zz4_H2_zz4_pair_0054,zz4_pair_0054,H2,sampler_pauli_or_gate_twirling,ibm_fez,F_quantum_4,zz4,ZZ4,4,4,Sampler,4096,2,9,off_diagonal,all_qubits_all_zero_probability_for_compute_uncompute_fidelity,ZZ4_compute_uncompute_kernel_pair_circuit,inventory_only_not_submitted,,,"Enable twirling only; record twirling type, randomization count, and any default options.",,,Populate circuit_artifact_path/circuit_sha256/job_id after actual circuit build/submission.
zz4_H2_zz4_pair_0055,zz4_pair_0055,H2,sampler_pauli_or_gate_twirling,ibm_fez,F_quantum_4,zz4,ZZ4,4,4,Sampler,4096,2,10,off_diagonal,all_qubits_all_zero_probability_for_compute_uncompute_fidelity,ZZ4_compute_uncompute_kernel_pair_circuit,inventory_only_not_submitted,,,"Enable twirling only; record twirling type, randomization count, and any default options.",,,Populate circuit_artifact_path/circuit_sha256/job_id after actual circuit build/submission.
zz4_H2_zz4_pair_0056,zz4_pair_0056,H2,sampler_pauli_or_gate_twirling,ibm_fez,F_quantum_4,zz4,ZZ4,4,4,Sampler,4096,2,11,off_diagonal,all_qubits_all_zero_probability_for_compute_uncompute_fidelity,ZZ4_compute_uncompute_kernel_pair_circuit,inventory_only_not_submitted,,,"Enable twirling only; record twirling type, randomization count, and any default options.",,,Populate circuit_artifact_path/circuit_sha256/job_id after actual circuit build/submission.
zz4_H2_zz4_pair_0057,zz4_pair_0057,H2,sampler_pauli_or_gate_twirling,ibm_fez,F_quantum_4,zz4,ZZ4,4,4,Sampler,4096,2,12,off_diagonal,all_qubits_all_zero_probability_for_compute_uncompute_fidelity,ZZ4_compute_uncompute_kernel_pair_circuit,inventory_only_not_submitted,,,"Enable twirling only; record twirling type, randomization count, and any default options.",,,Populate circuit_artifact_path/circuit_sha256/job_id after actual circuit build/submission.
zz4_H2_zz4_pair_0058,zz4_pair_0058,H2,sampler_pauli_or_gate_twirling,ibm_fez,F_quantum_4,zz4,ZZ4,4,4,Sampler,4096,2,13,off_diagonal,all_qubits_all_zero_probability_for_compute_uncompute_fidelity,ZZ4_compute_uncompute_kernel_pair_circuit,inventory_only_not_submitted,,,"Enable twirling only; record twirling type, randomization count, and any default options.",,,Populate circuit_artifact_path/circuit_sha256/job_id after actual circuit build/submission.
zz4_H2_zz4_pair_0059,zz4_pair_0059,H2,sampler_pauli_or_gate_twirling,ibm_fez,F_quantum_4,zz4,ZZ4,4,4,Sampler,4096,2,14,off_diagonal,all_qubits_all_zero_probability_for_compute_uncompute_fidelity,ZZ4_compute_uncompute_kernel_pair_circuit,inventory_only_not_submitted,,,"Enable twirling only; record twirling type, randomization count, and any default options.",,,Populate circuit_artifact_path/circuit_sha256/job_id after actual circuit build/submission.
zz4_H2_zz4_pair_0060,zz4_pair_0060,H2,sampler_pauli_or_gate_twirling,ibm_fez,F_quantum_4,zz4,ZZ4,4,4,Sampler,4096,2,15,off_diagonal,all_qubits_all_zero_probability_for_compute_uncompute_fidelity,ZZ4_compute_uncompute_kernel_pair_circuit,inventory_only_not_submitted,,,"Enable twirling only; record twirling type, randomization count, and any default options.",,,Populate circuit_artifact_path/circuit_sha256/job_id after actual circuit build/submission.
zz4_H2_zz4_pair_0061,zz4_pair_0061,H2,sampler_pauli_or_gate_twirling,ibm_fez,F_quantum_4,zz4,ZZ4,4,4,Sampler,4096,2,16,off_diagonal,all_qubits_all_zero_probability_for_compute_uncompute_fidelity,ZZ4_compute_uncompute_kernel_pair_circuit,inventory_only_not_submitted,,,"Enable twirling only; record twirling type, randomization count, and any default options.",,,Populate circuit_artifact_path/circuit_sha256/job_id after actual circuit build/submission.
zz4_H2_zz4_pair_0062,zz4_pair_0062,H2,sampler_pauli_or_gate_twirling,ibm_fez,F_quantum_4,zz4,ZZ4,4,4,Sampler,4096,2,17,off_diagonal,all_qubits_all_zero_probability_for_compute_uncompute_fidelity,ZZ4_compute_uncompute_kernel_pair_circuit,inventory_only_not_submitted,,,"Enable twirling only; record twirling type, randomization count, and any default options.",,,Populate circuit_artifact_path/circuit_sha256/job_id after actual circuit build/submission.
zz4_H2_zz4_pair_0063,zz4_pair_0063,H2,sampler_pauli_or_gate_twirling,ibm_fez,F_quantum_4,zz4,ZZ4,4,4,Sampler,4096,2,18,off_diagonal,all_qubits_all_zero_probability_for_compute_uncompute_fidelity,ZZ4_compute_uncompute_kernel_pair_circuit,inventory_only_not_submitted,,,"Enable twirling only; record twirling type, randomization count, and any default options.",,,Populate circuit_artifact_path/circuit_sha256/job_id after actual circuit build/submission.
zz4_H2_zz4_pair_0064,zz4_pair_0064,H2,sampler_pauli_or_gate_twirling,ibm_fez,F_quantum_4,zz4,ZZ4,4,4,Sampler,4096,2,19,off_diagonal,all_qubits_all_zero_probability_for_compute_uncompute_fidelity,ZZ4_compute_uncompute_kernel_pair_circuit,inventory_only_not_submitted,,,"Enable twirling only; record twirling type, randomization count, and any default options.",,,Populate circuit_artifact_path/circuit_sha256/job_id after actual circuit build/submission.
zz4_H2_zz4_pair_0065,zz4_pair_0065,H2,sampler_pauli_or_gate_twirling,ibm_fez,F_quantum_4,zz4,ZZ4,4,4,Sampler,4096,2,20,off_diagonal,all_qubits_all_zero_probability_for_compute_uncompute_fidelity,ZZ4_compute_uncompute_kernel_pair_circuit,inventory_only_not_submitted,,,"Enable twirling only; record twirling type, randomization count, and any default options.",,,Populate circuit_artifact_path/circuit_sha256/job_id after actual circuit build/submission.
zz4_H2_zz4_pair_0066,zz4_pair_0066,H2,sampler_pauli_or_gate_twirling,ibm_fez,F_quantum_4,zz4,ZZ4,4,4,Sampler,4096,2,21,off_diagonal,all_qubits_all_zero_probability_for_compute_uncompute_fidelity,ZZ4_compute_uncompute_kernel_pair_circuit,inventory_only_not_submitted,,,"Enable twirling only; record twirling type, randomization count, and any default options.",,,Populate circuit_artifact_path/circuit_sha256/job_id after actual circuit build/submission.
zz4_H2_zz4_pair_0067,zz4_pair_0067,H2,sampler_pauli_or_gate_twirling,ibm_fez,F_quantum_4,zz4,ZZ4,4,4,Sampler,4096,2,22,off_diagonal,all_qubits_all_zero_probability_for_compute_uncompute_fidelity,ZZ4_compute_uncompute_kernel_pair_circuit,inventory_only_not_submitted,,,"Enable twirling only; record twirling type, randomization count, and any default options.",,,Populate circuit_artifact_path/circuit_sha256/job_id after actual circuit build/submission.
zz4_H2_zz4_pair_0068,zz4_pair_0068,H2,sampler_pauli_or_gate_twirling,ibm_fez,F_quantum_4,zz4,ZZ4,4,4,Sampler,4096,2,23,off_diagonal,all_qubits_all_zero_probability_for_compute_uncompute_fidelity,ZZ4_compute_uncompute_kernel_pair_circuit,inventory_only_not_submitted,,,"Enable twirling only; record twirling type, randomization count, and any default options.",,,Populate circuit_artifact_path/circuit_sha256/job_id after actual circuit build/submission.
zz4_H2_zz4_pair_0069,zz4_pair_0069,H2,sampler_pauli_or_gate_twirling,ibm_fez,F_quantum_4,zz4,ZZ4,4,4,Sampler,4096,3,3,diagonal,all_qubits_all_zero_probability_for_compute_uncompute_fidelity,ZZ4_compute_uncompute_kernel_pair_circuit,inventory_only_not_submitted,,,"Enable twirling only; record twirling type, randomization count, and any default options.",,,Populate circuit_artifact_path/circuit_sha256/job_id after actual circuit build/submission.
zz4_H2_zz4_pair_0070,zz4_pair_0070,H2,sampler_pauli_or_gate_twirling,ibm_fez,F_quantum_4,zz4,ZZ4,4,4,Sampler,4096,3,4,off_diagonal,all_qubits_all_zero_probability_for_compute_uncompute_fidelity,ZZ4_compute_uncompute_kernel_pair_circuit,inventory_only_not_submitted,,,"Enable twirling only; record twirling type, randomization count, and any default options.",,,Populate circuit_artifact_path/circuit_sha256/job_id after actual circuit build/submission.
zz4_H2_zz4_pair_0071,zz4_pair_0071,H2,sampler_pauli_or_gate_twirling,ibm_fez,F_quantum_4,zz4,ZZ4,4,4,Sampler,4096,3,5,off_diagonal,all_qubits_all_zero_probability_for_compute_uncompute_fidelity,ZZ4_compute_uncompute_kernel_pair_circuit,inventory_only_not_submitted,,,"Enable twirling only; record twirling type, randomization count, and any default options.",,,Populate circuit_artifact_path/circuit_sha256/job_id after actual circuit build/submission.
zz4_H2_zz4_pair_0072,zz4_pair_0072,H2,sampler_pauli_or_gate_twirling,ibm_fez,F_quantum_4,zz4,ZZ4,4,4,Sampler,4096,3,6,off_diagonal,all_qubits_all_zero_probability_for_compute_uncompute_fidelity,ZZ4_compute_uncompute_kernel_pair_circuit,inventory_only_not_submitted,,,"Enable twirling only; record twirling type, randomization count, and any default options.",,,Populate circuit_artifact_path/circuit_sha256/job_id after actual circuit build/submission.
zz4_H2_zz4_pair_0073,zz4_pair_0073,H2,sampler_pauli_or_gate_twirling,ibm_fez,F_quantum_4,zz4,ZZ4,4,4,Sampler,4096,3,7,off_diagonal,all_qubits_all_zero_probability_for_compute_uncompute_fidelity,ZZ4_compute_uncompute_kernel_pair_circuit,inventory_only_not_submitted,,,"Enable twirling only; record twirling type, randomization count, and any default options.",,,Populate circuit_artifact_path/circuit_sha256/job_id after actual circuit build/submission.
zz4_H2_zz4_pair_0074,zz4_pair_0074,H2,sampler_pauli_or_gate_twirling,ibm_fez,F_quantum_4,zz4,ZZ4,4,4,Sampler,4096,3,8,off_diagonal,all_qubits_all_zero_probability_for_compute_uncompute_fidelity,ZZ4_compute_uncompute_kernel_pair_circuit,inventory_only_not_submitted,,,"Enable twirling only; record twirling type, randomization count, and any default options.",,,Populate circuit_artifact_path/circuit_sha256/job_id after actual circuit build/submission.
zz4_H2_zz4_pair_0075,zz4_pair_0075,H2,sampler_pauli_or_gate_twirling,ibm_fez,F_quantum_4,zz4,ZZ4,4,4,Sampler,4096,3,9,off_diagonal,all_qubits_all_zero_probability_for_compute_uncompute_fidelity,ZZ4_compute_uncompute_kernel_pair_circuit,inventory_only_not_submitted,,,"Enable twirling only; record twirling type, randomization count, and any default options.",,,Populate circuit_artifact_path/circuit_sha256/job_id after actual circuit build/submission.
zz4_H2_zz4_pair_0076,zz4_pair_0076,H2,sampler_pauli_or_gate_twirling,ibm_fez,F_quantum_4,zz4,ZZ4,4,4,Sampler,4096,3,10,off_diagonal,all_qubits_all_zero_probability_for_compute_uncompute_fidelity,ZZ4_compute_uncompute_kernel_pair_circuit,inventory_only_not_submitted,,,"Enable twirling only; record twirling type, randomization count, and any default options.",,,Populate circuit_artifact_path/circuit_sha256/job_id after actual circuit build/submission.
zz4_H2_zz4_pair_0077,zz4_pair_0077,H2,sampler_pauli_or_gate_twirling,ibm_fez,F_quantum_4,zz4,ZZ4,4,4,Sampler,4096,3,11,off_diagonal,all_qubits_all_zero_probability_for_compute_uncompute_fidelity,ZZ4_compute_uncompute_kernel_pair_circuit,inventory_only_not_submitted,,,"Enable twirling only; record twirling type, randomization count, and any default options.",,,Populate circuit_artifact_path/circuit_sha256/job_id after actual circuit build/submission.
zz4_H2_zz4_pair_0078,zz4_pair_0078,H2,sampler_pauli_or_gate_twirling,ibm_fez,F_quantum_4,zz4,ZZ4,4,4,Sampler,4096,3,12,off_diagonal,all_qubits_all_zero_probability_for_compute_uncompute_fidelity,ZZ4_compute_uncompute_kernel_pair_circuit,inventory_only_not_submitted,,,"Enable twirling only; record twirling type, randomization count, and any default options.",,,Populate circuit_artifact_path/circuit_sha256/job_id after actual circuit build/submission.
zz4_H2_zz4_pair_0079,zz4_pair_0079,H2,sampler_pauli_or_gate_twirling,ibm_fez,F_quantum_4,zz4,ZZ4,4,4,Sampler,4096,3,13,off_diagonal,all_qubits_all_zero_probability_for_compute_uncompute_fidelity,ZZ4_compute_uncompute_kernel_pair_circuit,inventory_only_not_submitted,,,"Enable twirling only; record twirling type, randomization count, and any default options.",,,Populate circuit_artifact_path/circuit_sha256/job_id after actual circuit build/submission.
zz4_H2_zz4_pair_0080,zz4_pair_0080,H2,sampler_pauli_or_gate_twirling,ibm_fez,F_quantum_4,zz4,ZZ4,4,4,Sampler,4096,3,14,off_diagonal,all_qubits_all_zero_probability_for_compute_uncompute_fidelity,ZZ4_compute_uncompute_kernel_pair_circuit,inventory_only_not_submitted,,,"Enable twirling only; record twirling type, randomization count, and any default options.",,,Populate circuit_artifact_path/circuit_sha256/job_id after actual circuit build/submission.
zz4_H2_zz4_pair_0081,zz4_pair_0081,H2,sampler_pauli_or_gate_twirling,ibm_fez,F_quantum_4,zz4,ZZ4,4,4,Sampler,4096,3,15,off_diagonal,all_qubits_all_zero_probability_for_compute_uncompute_fidelity,ZZ4_compute_uncompute_kernel_pair_circuit,inventory_only_not_submitted,,,"Enable twirling only; record twirling type, randomization count, and any default options.",,,Populate circuit_artifact_path/circuit_sha256/job_id after actual circuit build/submission.
zz4_H2_zz4_pair_0082,zz4_pair_0082,H2,sampler_pauli_or_gate_twirling,ibm_fez,F_quantum_4,zz4,ZZ4,4,4,Sampler,4096,3,16,off_diagonal,all_qubits_all_zero_probability_for_compute_uncompute_fidelity,ZZ4_compute_uncompute_kernel_pair_circuit,inventory_only_not_submitted,,,"Enable twirling only; record twirling type, randomization count, and any default options.",,,Populate circuit_artifact_path/circuit_sha256/job_id after actual circuit build/submission.
zz4_H2_zz4_pair_0083,zz4_pair_0083,H2,sampler_pauli_or_gate_twirling,ibm_fez,F_quantum_4,zz4,ZZ4,4,4,Sampler,4096,3,17,off_diagonal,all_qubits_all_zero_probability_for_compute_uncompute_fidelity,ZZ4_compute_uncompute_kernel_pair_circuit,inventory_only_not_submitted,,,"Enable twirling only; record twirling type, randomization count, and any default options.",,,Populate circuit_artifact_path/circuit_sha256/job_id after actual circuit build/submission.
zz4_H2_zz4_pair_0084,zz4_pair_0084,H2,sampler_pauli_or_gate_twirling,ibm_fez,F_quantum_4,zz4,ZZ4,4,4,Sampler,4096,3,18,off_diagonal,all_qubits_all_zero_probability_for_compute_uncompute_fidelity,ZZ4_compute_uncompute_kernel_pair_circuit,inventory_only_not_submitted,,,"Enable twirling only; record twirling type, randomization count, and any default options.",,,Populate circuit_artifact_path/circuit_sha256/job_id after actual circuit build/submission.
zz4_H2_zz4_pair_0085,zz4_pair_0085,H2,sampler_pauli_or_gate_twirling,ibm_fez,F_quantum_4,zz4,ZZ4,4,4,Sampler,4096,3,19,off_diagonal,all_qubits_all_zero_probability_for_compute_uncompute_fidelity,ZZ4_compute_uncompute_kernel_pair_circuit,inventory_only_not_submitted,,,"Enable twirling only; record twirling type, randomization count, and any default options.",,,Populate circuit_artifact_path/circuit_sha256/job_id after actual circuit build/submission.
zz4_H2_zz4_pair_0086,zz4_pair_0086,H2,sampler_pauli_or_gate_twirling,ibm_fez,F_quantum_4,zz4,ZZ4,4,4,Sampler,4096,3,20,off_diagonal,all_qubits_all_zero_probability_for_compute_uncompute_fidelity,ZZ4_compute_uncompute_kernel_pair_circuit,inventory_only_not_submitted,,,"Enable twirling only; record twirling type, randomization count, and any default options.",,,Populate circuit_artifact_path/circuit_sha256/job_id after actual circuit build/submission.
zz4_H2_zz4_pair_0087,zz4_pair_0087,H2,sampler_pauli_or_gate_twirling,ibm_fez,F_quantum_4,zz4,ZZ4,4,4,Sampler,4096,3,21,off_diagonal,all_qubits_all_zero_probability_for_compute_uncompute_fidelity,ZZ4_compute_uncompute_kernel_pair_circuit,inventory_only_not_submitted,,,"Enable twirling only; record twirling type, randomization count, and any default options.",,,Populate circuit_artifact_path/circuit_sha256/job_id after actual circuit build/submission.
zz4_H2_zz4_pair_0088,zz4_pair_0088,H2,sampler_pauli_or_gate_twirling,ibm_fez,F_quantum_4,zz4,ZZ4,4,4,Sampler,4096,3,22,off_diagonal,all_qubits_all_zero_probability_for_compute_uncompute_fidelity,ZZ4_compute_uncompute_kernel_pair_circuit,inventory_only_not_submitted,,,"Enable twirling only; record twirling type, randomization count, and any default options.",,,Populate circuit_artifact_path/circuit_sha256/job_id after actual circuit build/submission.
zz4_H2_zz4_pair_0089,zz4_pair_0089,H2,sampler_pauli_or_gate_twirling,ibm_fez,F_quantum_4,zz4,ZZ4,4,4,Sampler,4096,3,23,off_diagonal,all_qubits_all_zero_probability_for_compute_uncompute_fidelity,ZZ4_compute_uncompute_kernel_pair_circuit,inventory_only_not_submitted,,,"Enable twirling only; record twirling type, randomization count, and any default options.",,,Populate circuit_artifact_path/circuit_sha256/job_id after actual circuit build/submission.
zz4_H2_zz4_pair_0090,zz4_pair_0090,H2,sampler_pauli_or_gate_twirling,ibm_fez,F_quantum_4,zz4,ZZ4,4,4,Sampler,4096,4,4,diagonal,all_qubits_all_zero_probability_for_compute_uncompute_fidelity,ZZ4_compute_uncompute_kernel_pair_circuit,inventory_only_not_submitted,,,"Enable twirling only; record twirling type, randomization count, and any default options.",,,Populate circuit_artifact_path/circuit_sha256/job_id after actual circuit build/submission.
zz4_H2_zz4_pair_0091,zz4_pair_0091,H2,sampler_pauli_or_gate_twirling,ibm_fez,F_quantum_4,zz4,ZZ4,4,4,Sampler,4096,4,5,off_diagonal,all_qubits_all_zero_probability_for_compute_uncompute_fidelity,ZZ4_compute_uncompute_kernel_pair_circuit,inventory_only_not_submitted,,,"Enable twirling only; record twirling type, randomization count, and any default options.",,,Populate circuit_artifact_path/circuit_sha256/job_id after actual circuit build/submission.
zz4_H2_zz4_pair_0092,zz4_pair_0092,H2,sampler_pauli_or_gate_twirling,ibm_fez,F_quantum_4,zz4,ZZ4,4,4,Sampler,4096,4,6,off_diagonal,all_qubits_all_zero_probability_for_compute_uncompute_fidelity,ZZ4_compute_uncompute_kernel_pair_circuit,inventory_only_not_submitted,,,"Enable twirling only; record twirling type, randomization count, and any default options.",,,Populate circuit_artifact_path/circuit_sha256/job_id after actual circuit build/submission.
zz4_H2_zz4_pair_0093,zz4_pair_0093,H2,sampler_pauli_or_gate_twirling,ibm_fez,F_quantum_4,zz4,ZZ4,4,4,Sampler,4096,4,7,off_diagonal,all_qubits_all_zero_probability_for_compute_uncompute_fidelity,ZZ4_compute_uncompute_kernel_pair_circuit,inventory_only_not_submitted,,,"Enable twirling only; record twirling type, randomization count, and any default options.",,,Populate circuit_artifact_path/circuit_sha256/job_id after actual circuit build/submission.
zz4_H2_zz4_pair_0094,zz4_pair_0094,H2,sampler_pauli_or_gate_twirling,ibm_fez,F_quantum_4,zz4,ZZ4,4,4,Sampler,4096,4,8,off_diagonal,all_qubits_all_zero_probability_for_compute_uncompute_fidelity,ZZ4_compute_uncompute_kernel_pair_circuit,inventory_only_not_submitted,,,"Enable twirling only; record twirling type, randomization count, and any default options.",,,Populate circuit_artifact_path/circuit_sha256/job_id after actual circuit build/submission.
zz4_H2_zz4_pair_0095,zz4_pair_0095,H2,sampler_pauli_or_gate_twirling,ibm_fez,F_quantum_4,zz4,ZZ4,4,4,Sampler,4096,4,9,off_diagonal,all_qubits_all_zero_probability_for_compute_uncompute_fidelity,ZZ4_compute_uncompute_kernel_pair_circuit,inventory_only_not_submitted,,,"Enable twirling only; record twirling type, randomization count, and any default options.",,,Populate circuit_artifact_path/circuit_sha256/job_id after actual circuit build/submission.
zz4_H2_zz4_pair_0096,zz4_pair_0096,H2,sampler_pauli_or_gate_twirling,ibm_fez,F_quantum_4,zz4,ZZ4,4,4,Sampler,4096,4,10,off_diagonal,all_qubits_all_zero_probability_for_compute_uncompute_fidelity,ZZ4_compute_uncompute_kernel_pair_circuit,inventory_only_not_submitted,,,"Enable twirling only; record twirling type, randomization count, and any default options.",,,Populate circuit_artifact_path/circuit_sha256/job_id after actual circuit build/submission.
zz4_H2_zz4_pair_0097,zz4_pair_0097,H2,sampler_pauli_or_gate_twirling,ibm_fez,F_quantum_4,zz4,ZZ4,4,4,Sampler,4096,4,11,off_diagonal,all_qubits_all_zero_probability_for_compute_uncompute_fidelity,ZZ4_compute_uncompute_kernel_pair_circuit,inventory_only_not_submitted,,,"Enable twirling only; record twirling type, randomization count, and any default options.",,,Populate circuit_artifact_path/circuit_sha256/job_id after actual circuit build/submission.
zz4_H2_zz4_pair_0098,zz4_pair_0098,H2,sampler_pauli_or_gate_twirling,ibm_fez,F_quantum_4,zz4,ZZ4,4,4,Sampler,4096,4,12,off_diagonal,all_qubits_all_zero_probability_for_compute_uncompute_fidelity,ZZ4_compute_uncompute_kernel_pair_circuit,inventory_only_not_submitted,,,"Enable twirling only; record twirling type, randomization count, and any default options.",,,Populate circuit_artifact_path/circuit_sha256/job_id after actual circuit build/submission.
zz4_H2_zz4_pair_0099,zz4_pair_0099,H2,sampler_pauli_or_gate_twirling,ibm_fez,F_quantum_4,zz4,ZZ4,4,4,Sampler,4096,4,13,off_diagonal,all_qubits_all_zero_probability_for_compute_uncompute_fidelity,ZZ4_compute_uncompute_kernel_pair_circuit,inventory_only_not_submitted,,,"Enable twirling only; record twirling type, randomization count, and any default options.",,,Populate circuit_artifact_path/circuit_sha256/job_id after actual circuit build/submission.
zz4_H2_zz4_pair_0100,zz4_pair_0100,H2,sampler_pauli_or_gate_twirling,ibm_fez,F_quantum_4,zz4,ZZ4,4,4,Sampler,4096,4,14,off_diagonal,all_qubits_all_zero_probability_for_compute_uncompute_fidelity,ZZ4_compute_uncompute_kernel_pair_circuit,inventory_only_not_submitted,,,"Enable twirling only; record twirling type, randomization count, and any default options.",,,Populate circuit_artifact_path/circuit_sha256/job_id after actual circuit build/submission.
zz4_H2_zz4_pair_0101,zz4_pair_0101,H2,sampler_pauli_or_gate_twirling,ibm_fez,F_quantum_4,zz4,ZZ4,4,4,Sampler,4096,4,15,off_diagonal,all_qubits_all_zero_probability_for_compute_uncompute_fidelity,ZZ4_compute_uncompute_kernel_pair_circuit,inventory_only_not_submitted,,,"Enable twirling only; record twirling type, randomization count, and any default options.",,,Populate circuit_artifact_path/circuit_sha256/job_id after actual circuit build/submission.
zz4_H2_zz4_pair_0102,zz4_pair_0102,H2,sampler_pauli_or_gate_twirling,ibm_fez,F_quantum_4,zz4,ZZ4,4,4,Sampler,4096,4,16,off_diagonal,all_qubits_all_zero_probability_for_compute_uncompute_fidelity,ZZ4_compute_uncompute_kernel_pair_circuit,inventory_only_not_submitted,,,"Enable twirling only; record twirling type, randomization count, and any default options.",,,Populate circuit_artifact_path/circuit_sha256/job_id after actual circuit build/submission.
zz4_H2_zz4_pair_0103,zz4_pair_0103,H2,sampler_pauli_or_gate_twirling,ibm_fez,F_quantum_4,zz4,ZZ4,4,4,Sampler,4096,4,17,off_diagonal,all_qubits_all_zero_probability_for_compute_uncompute_fidelity,ZZ4_compute_uncompute_kernel_pair_circuit,inventory_only_not_submitted,,,"Enable twirling only; record twirling type, randomization count, and any default options.",,,Populate circuit_artifact_path/circuit_sha256/job_id after actual circuit build/submission.
zz4_H2_zz4_pair_0104,zz4_pair_0104,H2,sampler_pauli_or_gate_twirling,ibm_fez,F_quantum_4,zz4,ZZ4,4,4,Sampler,4096,4,18,off_diagonal,all_qubits_all_zero_probability_for_compute_uncompute_fidelity,ZZ4_compute_uncompute_kernel_pair_circuit,inventory_only_not_submitted,,,"Enable twirling only; record twirling type, randomization count, and any default options.",,,Populate circuit_artifact_path/circuit_sha256/job_id after actual circuit build/submission.
zz4_H2_zz4_pair_0105,zz4_pair_0105,H2,sampler_pauli_or_gate_twirling,ibm_fez,F_quantum_4,zz4,ZZ4,4,4,Sampler,4096,4,19,off_diagonal,all_qubits_all_zero_probability_for_compute_uncompute_fidelity,ZZ4_compute_uncompute_kernel_pair_circuit,inventory_only_not_submitted,,,"Enable twirling only; record twirling type, randomization count, and any default options.",,,Populate circuit_artifact_path/circuit_sha256/job_id after actual circuit build/submission.
zz4_H2_zz4_pair_0106,zz4_pair_0106,H2,sampler_pauli_or_gate_twirling,ibm_fez,F_quantum_4,zz4,ZZ4,4,4,Sampler,4096,4,20,off_diagonal,all_qubits_all_zero_probability_for_compute_uncompute_fidelity,ZZ4_compute_uncompute_kernel_pair_circuit,inventory_only_not_submitted,,,"Enable twirling only; record twirling type, randomization count, and any default options.",,,Populate circuit_artifact_path/circuit_sha256/job_id after actual circuit build/submission.
zz4_H2_zz4_pair_0107,zz4_pair_0107,H2,sampler_pauli_or_gate_twirling,ibm_fez,F_quantum_4,zz4,ZZ4,4,4,Sampler,4096,4,21,off_diagonal,all_qubits_all_zero_probability_for_compute_uncompute_fidelity,ZZ4_compute_uncompute_kernel_pair_circuit,inventory_only_not_submitted,,,"Enable twirling only; record twirling type, randomization count, and any default options.",,,Populate circuit_artifact_path/circuit_sha256/job_id after actual circuit build/submission.
zz4_H2_zz4_pair_0108,zz4_pair_0108,H2,sampler_pauli_or_gate_twirling,ibm_fez,F_quantum_4,zz4,ZZ4,4,4,Sampler,4096,4,22,off_diagonal,all_qubits_all_zero_probability_for_compute_uncompute_fidelity,ZZ4_compute_uncompute_kernel_pair_circuit,inventory_only_not_submitted,,,"Enable twirling only; record twirling type, randomization count, and any default options.",,,Populate circuit_artifact_path/circuit_sha256/job_id after actual circuit build/submission.
zz4_H2_zz4_pair_0109,zz4_pair_0109,H2,sampler_pauli_or_gate_twirling,ibm_fez,F_quantum_4,zz4,ZZ4,4,4,Sampler,4096,4,23,off_diagonal,all_qubits_all_zero_probability_for_compute_uncompute_fidelity,ZZ4_compute_uncompute_kernel_pair_circuit,inventory_only_not_submitted,,,"Enable twirling only; record twirling type, randomization count, and any default options.",,,Populate circuit_artifact_path/circuit_sha256/job_id after actual circuit build/submission.
zz4_H2_zz4_pair_0110,zz4_pair_0110,H2,sampler_pauli_or_gate_twirling,ibm_fez,F_quantum_4,zz4,ZZ4,4,4,Sampler,4096,5,5,diagonal,all_qubits_all_zero_probability_for_compute_uncompute_fidelity,ZZ4_compute_uncompute_kernel_pair_circuit,inventory_only_not_submitted,,,"Enable twirling only; record twirling type, randomization count, and any default options.",,,Populate circuit_artifact_path/circuit_sha256/job_id after actual circuit build/submission.
zz4_H2_zz4_pair_0111,zz4_pair_0111,H2,sampler_pauli_or_gate_twirling,ibm_fez,F_quantum_4,zz4,ZZ4,4,4,Sampler,4096,5,6,off_diagonal,all_qubits_all_zero_probability_for_compute_uncompute_fidelity,ZZ4_compute_uncompute_kernel_pair_circuit,inventory_only_not_submitted,,,"Enable twirling only; record twirling type, randomization count, and any default options.",,,Populate circuit_artifact_path/circuit_sha256/job_id after actual circuit build/submission.
zz4_H2_zz4_pair_0112,zz4_pair_0112,H2,sampler_pauli_or_gate_twirling,ibm_fez,F_quantum_4,zz4,ZZ4,4,4,Sampler,4096,5,7,off_diagonal,all_qubits_all_zero_probability_for_compute_uncompute_fidelity,ZZ4_compute_uncompute_kernel_pair_circuit,inventory_only_not_submitted,,,"Enable twirling only; record twirling type, randomization count, and any default options.",,,Populate circuit_artifact_path/circuit_sha256/job_id after actual circuit build/submission.
zz4_H2_zz4_pair_0113,zz4_pair_0113,H2,sampler_pauli_or_gate_twirling,ibm_fez,F_quantum_4,zz4,ZZ4,4,4,Sampler,4096,5,8,off_diagonal,all_qubits_all_zero_probability_for_compute_uncompute_fidelity,ZZ4_compute_uncompute_kernel_pair_circuit,inventory_only_not_submitted,,,"Enable twirling only; record twirling type, randomization count, and any default options.",,,Populate circuit_artifact_path/circuit_sha256/job_id after actual circuit build/submission.
zz4_H2_zz4_pair_0114,zz4_pair_0114,H2,sampler_pauli_or_gate_twirling,ibm_fez,F_quantum_4,zz4,ZZ4,4,4,Sampler,4096,5,9,off_diagonal,all_qubits_all_zero_probability_for_compute_uncompute_fidelity,ZZ4_compute_uncompute_kernel_pair_circuit,inventory_only_not_submitted,,,"Enable twirling only; record twirling type, randomization count, and any default options.",,,Populate circuit_artifact_path/circuit_sha256/job_id after actual circuit build/submission.
zz4_H2_zz4_pair_0115,zz4_pair_0115,H2,sampler_pauli_or_gate_twirling,ibm_fez,F_quantum_4,zz4,ZZ4,4,4,Sampler,4096,5,10,off_diagonal,all_qubits_all_zero_probability_for_compute_uncompute_fidelity,ZZ4_compute_uncompute_kernel_pair_circuit,inventory_only_not_submitted,,,"Enable twirling only; record twirling type, randomization count, and any default options.",,,Populate circuit_artifact_path/circuit_sha256/job_id after actual circuit build/submission.
zz4_H2_zz4_pair_0116,zz4_pair_0116,H2,sampler_pauli_or_gate_twirling,ibm_fez,F_quantum_4,zz4,ZZ4,4,4,Sampler,4096,5,11,off_diagonal,all_qubits_all_zero_probability_for_compute_uncompute_fidelity,ZZ4_compute_uncompute_kernel_pair_circuit,inventory_only_not_submitted,,,"Enable twirling only; record twirling type, randomization count, and any default options.",,,Populate circuit_artifact_path/circuit_sha256/job_id after actual circuit build/submission.
zz4_H2_zz4_pair_0117,zz4_pair_0117,H2,sampler_pauli_or_gate_twirling,ibm_fez,F_quantum_4,zz4,ZZ4,4,4,Sampler,4096,5,12,off_diagonal,all_qubits_all_zero_probability_for_compute_uncompute_fidelity,ZZ4_compute_uncompute_kernel_pair_circuit,inventory_only_not_submitted,,,"Enable twirling only; record twirling type, randomization count, and any default options.",,,Populate circuit_artifact_path/circuit_sha256/job_id after actual circuit build/submission.
zz4_H2_zz4_pair_0118,zz4_pair_0118,H2,sampler_pauli_or_gate_twirling,ibm_fez,F_quantum_4,zz4,ZZ4,4,4,Sampler,4096,5,13,off_diagonal,all_qubits_all_zero_probability_for_compute_uncompute_fidelity,ZZ4_compute_uncompute_kernel_pair_circuit,inventory_only_not_submitted,,,"Enable twirling only; record twirling type, randomization count, and any default options.",,,Populate circuit_artifact_path/circuit_sha256/job_id after actual circuit build/submission.
zz4_H2_zz4_pair_0119,zz4_pair_0119,H2,sampler_pauli_or_gate_twirling,ibm_fez,F_quantum_4,zz4,ZZ4,4,4,Sampler,4096,5,14,off_diagonal,all_qubits_all_zero_probability_for_compute_uncompute_fidelity,ZZ4_compute_uncompute_kernel_pair_circuit,inventory_only_not_submitted,,,"Enable twirling only; record twirling type, randomization count, and any default options.",,,Populate circuit_artifact_path/circuit_sha256/job_id after actual circuit build/submission.
zz4_H2_zz4_pair_0120,zz4_pair_0120,H2,sampler_pauli_or_gate_twirling,ibm_fez,F_quantum_4,zz4,ZZ4,4,4,Sampler,4096,5,15,off_diagonal,all_qubits_all_zero_probability_for_compute_uncompute_fidelity,ZZ4_compute_uncompute_kernel_pair_circuit,inventory_only_not_submitted,,,"Enable twirling only; record twirling type, randomization count, and any default options.",,,Populate circuit_artifact_path/circuit_sha256/job_id after actual circuit build/submission.
zz4_H2_zz4_pair_0121,zz4_pair_0121,H2,sampler_pauli_or_gate_twirling,ibm_fez,F_quantum_4,zz4,ZZ4,4,4,Sampler,4096,5,16,off_diagonal,all_qubits_all_zero_probability_for_compute_uncompute_fidelity,ZZ4_compute_uncompute_kernel_pair_circuit,inventory_only_not_submitted,,,"Enable twirling only; record twirling type, randomization count, and any default options.",,,Populate circuit_artifact_path/circuit_sha256/job_id after actual circuit build/submission.
zz4_H2_zz4_pair_0122,zz4_pair_0122,H2,sampler_pauli_or_gate_twirling,ibm_fez,F_quantum_4,zz4,ZZ4,4,4,Sampler,4096,5,17,off_diagonal,all_qubits_all_zero_probability_for_compute_uncompute_fidelity,ZZ4_compute_uncompute_kernel_pair_circuit,inventory_only_not_submitted,,,"Enable twirling only; record twirling type, randomization count, and any default options.",,,Populate circuit_artifact_path/circuit_sha256/job_id after actual circuit build/submission.
zz4_H2_zz4_pair_0123,zz4_pair_0123,H2,sampler_pauli_or_gate_twirling,ibm_fez,F_quantum_4,zz4,ZZ4,4,4,Sampler,4096,5,18,off_diagonal,all_qubits_all_zero_probability_for_compute_uncompute_fidelity,ZZ4_compute_uncompute_kernel_pair_circuit,inventory_only_not_submitted,,,"Enable twirling only; record twirling type, randomization count, and any default options.",,,Populate circuit_artifact_path/circuit_sha256/job_id after actual circuit build/submission.
zz4_H2_zz4_pair_0124,zz4_pair_0124,H2,sampler_pauli_or_gate_twirling,ibm_fez,F_quantum_4,zz4,ZZ4,4,4,Sampler,4096,5,19,off_diagonal,all_qubits_all_zero_probability_for_compute_uncompute_fidelity,ZZ4_compute_uncompute_kernel_pair_circuit,inventory_only_not_submitted,,,"Enable twirling only; record twirling type, randomization count, and any default options.",,,Populate circuit_artifact_path/circuit_sha256/job_id after actual circuit build/submission.
zz4_H2_zz4_pair_0125,zz4_pair_0125,H2,sampler_pauli_or_gate_twirling,ibm_fez,F_quantum_4,zz4,ZZ4,4,4,Sampler,4096,5,20,off_diagonal,all_qubits_all_zero_probability_for_compute_uncompute_fidelity,ZZ4_compute_uncompute_kernel_pair_circuit,inventory_only_not_submitted,,,"Enable twirling only; record twirling type, randomization count, and any default options.",,,Populate circuit_artifact_path/circuit_sha256/job_id after actual circuit build/submission.
zz4_H2_zz4_pair_0126,zz4_pair_0126,H2,sampler_pauli_or_gate_twirling,ibm_fez,F_quantum_4,zz4,ZZ4,4,4,Sampler,4096,5,21,off_diagonal,all_qubits_all_zero_probability_for_compute_uncompute_fidelity,ZZ4_compute_uncompute_kernel_pair_circuit,inventory_only_not_submitted,,,"Enable twirling only; record twirling type, randomization count, and any default options.",,,Populate circuit_artifact_path/circuit_sha256/job_id after actual circuit build/submission.
zz4_H2_zz4_pair_0127,zz4_pair_0127,H2,sampler_pauli_or_gate_twirling,ibm_fez,F_quantum_4,zz4,ZZ4,4,4,Sampler,4096,5,22,off_diagonal,all_qubits_all_zero_probability_for_compute_uncompute_fidelity,ZZ4_compute_uncompute_kernel_pair_circuit,inventory_only_not_submitted,,,"Enable twirling only; record twirling type, randomization count, and any default options.",,,Populate circuit_artifact_path/circuit_sha256/job_id after actual circuit build/submission.
zz4_H2_zz4_pair_0128,zz4_pair_0128,H2,sampler_pauli_or_gate_twirling,ibm_fez,F_quantum_4,zz4,ZZ4,4,4,Sampler,4096,5,23,off_diagonal,all_qubits_all_zero_probability_for_compute_uncompute_fidelity,ZZ4_compute_uncompute_kernel_pair_circuit,inventory_only_not_submitted,,,"Enable twirling only; record twirling type, randomization count, and any default options.",,,Populate circuit_artifact_path/circuit_sha256/job_id after actual circuit build/submission.
zz4_H2_zz4_pair_0129,zz4_pair_0129,H2,sampler_pauli_or_gate_twirling,ibm_fez,F_quantum_4,zz4,ZZ4,4,4,Sampler,4096,6,6,diagonal,all_qubits_all_zero_probability_for_compute_uncompute_fidelity,ZZ4_compute_uncompute_kernel_pair_circuit,inventory_only_not_submitted,,,"Enable twirling only; record twirling type, randomization count, and any default options.",,,Populate circuit_artifact_path/circuit_sha256/job_id after actual circuit build/submission.
zz4_H2_zz4_pair_0130,zz4_pair_0130,H2,sampler_pauli_or_gate_twirling,ibm_fez,F_quantum_4,zz4,ZZ4,4,4,Sampler,4096,6,7,off_diagonal,all_qubits_all_zero_probability_for_compute_uncompute_fidelity,ZZ4_compute_uncompute_kernel_pair_circuit,inventory_only_not_submitted,,,"Enable twirling only; record twirling type, randomization count, and any default options.",,,Populate circuit_artifact_path/circuit_sha256/job_id after actual circuit build/submission.
zz4_H2_zz4_pair_0131,zz4_pair_0131,H2,sampler_pauli_or_gate_twirling,ibm_fez,F_quantum_4,zz4,ZZ4,4,4,Sampler,4096,6,8,off_diagonal,all_qubits_all_zero_probability_for_compute_uncompute_fidelity,ZZ4_compute_uncompute_kernel_pair_circuit,inventory_only_not_submitted,,,"Enable twirling only; record twirling type, randomization count, and any default options.",,,Populate circuit_artifact_path/circuit_sha256/job_id after actual circuit build/submission.
zz4_H2_zz4_pair_0132,zz4_pair_0132,H2,sampler_pauli_or_gate_twirling,ibm_fez,F_quantum_4,zz4,ZZ4,4,4,Sampler,4096,6,9,off_diagonal,all_qubits_all_zero_probability_for_compute_uncompute_fidelity,ZZ4_compute_uncompute_kernel_pair_circuit,inventory_only_not_submitted,,,"Enable twirling only; record twirling type, randomization count, and any default options.",,,Populate circuit_artifact_path/circuit_sha256/job_id after actual circuit build/submission.
zz4_H2_zz4_pair_0133,zz4_pair_0133,H2,sampler_pauli_or_gate_twirling,ibm_fez,F_quantum_4,zz4,ZZ4,4,4,Sampler,4096,6,10,off_diagonal,all_qubits_all_zero_probability_for_compute_uncompute_fidelity,ZZ4_compute_uncompute_kernel_pair_circuit,inventory_only_not_submitted,,,"Enable twirling only; record twirling type, randomization count, and any default options.",,,Populate circuit_artifact_path/circuit_sha256/job_id after actual circuit build/submission.
zz4_H2_zz4_pair_0134,zz4_pair_0134,H2,sampler_pauli_or_gate_twirling,ibm_fez,F_quantum_4,zz4,ZZ4,4,4,Sampler,4096,6,11,off_diagonal,all_qubits_all_zero_probability_for_compute_uncompute_fidelity,ZZ4_compute_uncompute_kernel_pair_circuit,inventory_only_not_submitted,,,"Enable twirling only; record twirling type, randomization count, and any default options.",,,Populate circuit_artifact_path/circuit_sha256/job_id after actual circuit build/submission.
zz4_H2_zz4_pair_0135,zz4_pair_0135,H2,sampler_pauli_or_gate_twirling,ibm_fez,F_quantum_4,zz4,ZZ4,4,4,Sampler,4096,6,12,off_diagonal,all_qubits_all_zero_probability_for_compute_uncompute_fidelity,ZZ4_compute_uncompute_kernel_pair_circuit,inventory_only_not_submitted,,,"Enable twirling only; record twirling type, randomization count, and any default options.",,,Populate circuit_artifact_path/circuit_sha256/job_id after actual circuit build/submission.
zz4_H2_zz4_pair_0136,zz4_pair_0136,H2,sampler_pauli_or_gate_twirling,ibm_fez,F_quantum_4,zz4,ZZ4,4,4,Sampler,4096,6,13,off_diagonal,all_qubits_all_zero_probability_for_compute_uncompute_fidelity,ZZ4_compute_uncompute_kernel_pair_circuit,inventory_only_not_submitted,,,"Enable twirling only; record twirling type, randomization count, and any default options.",,,Populate circuit_artifact_path/circuit_sha256/job_id after actual circuit build/submission.
zz4_H2_zz4_pair_0137,zz4_pair_0137,H2,sampler_pauli_or_gate_twirling,ibm_fez,F_quantum_4,zz4,ZZ4,4,4,Sampler,4096,6,14,off_diagonal,all_qubits_all_zero_probability_for_compute_uncompute_fidelity,ZZ4_compute_uncompute_kernel_pair_circuit,inventory_only_not_submitted,,,"Enable twirling only; record twirling type, randomization count, and any default options.",,,Populate circuit_artifact_path/circuit_sha256/job_id after actual circuit build/submission.
zz4_H2_zz4_pair_0138,zz4_pair_0138,H2,sampler_pauli_or_gate_twirling,ibm_fez,F_quantum_4,zz4,ZZ4,4,4,Sampler,4096,6,15,off_diagonal,all_qubits_all_zero_probability_for_compute_uncompute_fidelity,ZZ4_compute_uncompute_kernel_pair_circuit,inventory_only_not_submitted,,,"Enable twirling only; record twirling type, randomization count, and any default options.",,,Populate circuit_artifact_path/circuit_sha256/job_id after actual circuit build/submission.
zz4_H2_zz4_pair_0139,zz4_pair_0139,H2,sampler_pauli_or_gate_twirling,ibm_fez,F_quantum_4,zz4,ZZ4,4,4,Sampler,4096,6,16,off_diagonal,all_qubits_all_zero_probability_for_compute_uncompute_fidelity,ZZ4_compute_uncompute_kernel_pair_circuit,inventory_only_not_submitted,,,"Enable twirling only; record twirling type, randomization count, and any default options.",,,Populate circuit_artifact_path/circuit_sha256/job_id after actual circuit build/submission.
zz4_H2_zz4_pair_0140,zz4_pair_0140,H2,sampler_pauli_or_gate_twirling,ibm_fez,F_quantum_4,zz4,ZZ4,4,4,Sampler,4096,6,17,off_diagonal,all_qubits_all_zero_probability_for_compute_uncompute_fidelity,ZZ4_compute_uncompute_kernel_pair_circuit,inventory_only_not_submitted,,,"Enable twirling only; record twirling type, randomization count, and any default options.",,,Populate circuit_artifact_path/circuit_sha256/job_id after actual circuit build/submission.
zz4_H2_zz4_pair_0141,zz4_pair_0141,H2,sampler_pauli_or_gate_twirling,ibm_fez,F_quantum_4,zz4,ZZ4,4,4,Sampler,4096,6,18,off_diagonal,all_qubits_all_zero_probability_for_compute_uncompute_fidelity,ZZ4_compute_uncompute_kernel_pair_circuit,inventory_only_not_submitted,,,"Enable twirling only; record twirling type, randomization count, and any default options.",,,Populate circuit_artifact_path/circuit_sha256/job_id after actual circuit build/submission.
zz4_H2_zz4_pair_0142,zz4_pair_0142,H2,sampler_pauli_or_gate_twirling,ibm_fez,F_quantum_4,zz4,ZZ4,4,4,Sampler,4096,6,19,off_diagonal,all_qubits_all_zero_probability_for_compute_uncompute_fidelity,ZZ4_compute_uncompute_kernel_pair_circuit,inventory_only_not_submitted,,,"Enable twirling only; record twirling type, randomization count, and any default options.",,,Populate circuit_artifact_path/circuit_sha256/job_id after actual circuit build/submission.
zz4_H2_zz4_pair_0143,zz4_pair_0143,H2,sampler_pauli_or_gate_twirling,ibm_fez,F_quantum_4,zz4,ZZ4,4,4,Sampler,4096,6,20,off_diagonal,all_qubits_all_zero_probability_for_compute_uncompute_fidelity,ZZ4_compute_uncompute_kernel_pair_circuit,inventory_only_not_submitted,,,"Enable twirling only; record twirling type, randomization count, and any default options.",,,Populate circuit_artifact_path/circuit_sha256/job_id after actual circuit build/submission.
zz4_H2_zz4_pair_0144,zz4_pair_0144,H2,sampler_pauli_or_gate_twirling,ibm_fez,F_quantum_4,zz4,ZZ4,4,4,Sampler,4096,6,21,off_diagonal,all_qubits_all_zero_probability_for_compute_uncompute_fidelity,ZZ4_compute_uncompute_kernel_pair_circuit,inventory_only_not_submitted,,,"Enable twirling only; record twirling type, randomization count, and any default options.",,,Populate circuit_artifact_path/circuit_sha256/job_id after actual circuit build/submission.
zz4_H2_zz4_pair_0145,zz4_pair_0145,H2,sampler_pauli_or_gate_twirling,ibm_fez,F_quantum_4,zz4,ZZ4,4,4,Sampler,4096,6,22,off_diagonal,all_qubits_all_zero_probability_for_compute_uncompute_fidelity,ZZ4_compute_uncompute_kernel_pair_circuit,inventory_only_not_submitted,,,"Enable twirling only; record twirling type, randomization count, and any default options.",,,Populate circuit_artifact_path/circuit_sha256/job_id after actual circuit build/submission.
zz4_H2_zz4_pair_0146,zz4_pair_0146,H2,sampler_pauli_or_gate_twirling,ibm_fez,F_quantum_4,zz4,ZZ4,4,4,Sampler,4096,6,23,off_diagonal,all_qubits_all_zero_probability_for_compute_uncompute_fidelity,ZZ4_compute_uncompute_kernel_pair_circuit,inventory_only_not_submitted,,,"Enable twirling only; record twirling type, randomization count, and any default options.",,,Populate circuit_artifact_path/circuit_sha256/job_id after actual circuit build/submission.
zz4_H2_zz4_pair_0147,zz4_pair_0147,H2,sampler_pauli_or_gate_twirling,ibm_fez,F_quantum_4,zz4,ZZ4,4,4,Sampler,4096,7,7,diagonal,all_qubits_all_zero_probability_for_compute_uncompute_fidelity,ZZ4_compute_uncompute_kernel_pair_circuit,inventory_only_not_submitted,,,"Enable twirling only; record twirling type, randomization count, and any default options.",,,Populate circuit_artifact_path/circuit_sha256/job_id after actual circuit build/submission.
zz4_H2_zz4_pair_0148,zz4_pair_0148,H2,sampler_pauli_or_gate_twirling,ibm_fez,F_quantum_4,zz4,ZZ4,4,4,Sampler,4096,7,8,off_diagonal,all_qubits_all_zero_probability_for_compute_uncompute_fidelity,ZZ4_compute_uncompute_kernel_pair_circuit,inventory_only_not_submitted,,,"Enable twirling only; record twirling type, randomization count, and any default options.",,,Populate circuit_artifact_path/circuit_sha256/job_id after actual circuit build/submission.
zz4_H2_zz4_pair_0149,zz4_pair_0149,H2,sampler_pauli_or_gate_twirling,ibm_fez,F_quantum_4,zz4,ZZ4,4,4,Sampler,4096,7,9,off_diagonal,all_qubits_all_zero_probability_for_compute_uncompute_fidelity,ZZ4_compute_uncompute_kernel_pair_circuit,inventory_only_not_submitted,,,"Enable twirling only; record twirling type, randomization count, and any default options.",,,Populate circuit_artifact_path/circuit_sha256/job_id after actual circuit build/submission.
zz4_H2_zz4_pair_0150,zz4_pair_0150,H2,sampler_pauli_or_gate_twirling,ibm_fez,F_quantum_4,zz4,ZZ4,4,4,Sampler,4096,7,10,off_diagonal,all_qubits_all_zero_probability_for_compute_uncompute_fidelity,ZZ4_compute_uncompute_kernel_pair_circuit,inventory_only_not_submitted,,,"Enable twirling only; record twirling type, randomization count, and any default options.",,,Populate circuit_artifact_path/circuit_sha256/job_id after actual circuit build/submission.
zz4_H2_zz4_pair_0151,zz4_pair_0151,H2,sampler_pauli_or_gate_twirling,ibm_fez,F_quantum_4,zz4,ZZ4,4,4,Sampler,4096,7,11,off_diagonal,all_qubits_all_zero_probability_for_compute_uncompute_fidelity,ZZ4_compute_uncompute_kernel_pair_circuit,inventory_only_not_submitted,,,"Enable twirling only; record twirling type, randomization count, and any default options.",,,Populate circuit_artifact_path/circuit_sha256/job_id after actual circuit build/submission.
zz4_H2_zz4_pair_0152,zz4_pair_0152,H2,sampler_pauli_or_gate_twirling,ibm_fez,F_quantum_4,zz4,ZZ4,4,4,Sampler,4096,7,12,off_diagonal,all_qubits_all_zero_probability_for_compute_uncompute_fidelity,ZZ4_compute_uncompute_kernel_pair_circuit,inventory_only_not_submitted,,,"Enable twirling only; record twirling type, randomization count, and any default options.",,,Populate circuit_artifact_path/circuit_sha256/job_id after actual circuit build/submission.
zz4_H2_zz4_pair_0153,zz4_pair_0153,H2,sampler_pauli_or_gate_twirling,ibm_fez,F_quantum_4,zz4,ZZ4,4,4,Sampler,4096,7,13,off_diagonal,all_qubits_all_zero_probability_for_compute_uncompute_fidelity,ZZ4_compute_uncompute_kernel_pair_circuit,inventory_only_not_submitted,,,"Enable twirling only; record twirling type, randomization count, and any default options.",,,Populate circuit_artifact_path/circuit_sha256/job_id after actual circuit build/submission.
zz4_H2_zz4_pair_0154,zz4_pair_0154,H2,sampler_pauli_or_gate_twirling,ibm_fez,F_quantum_4,zz4,ZZ4,4,4,Sampler,4096,7,14,off_diagonal,all_qubits_all_zero_probability_for_compute_uncompute_fidelity,ZZ4_compute_uncompute_kernel_pair_circuit,inventory_only_not_submitted,,,"Enable twirling only; record twirling type, randomization count, and any default options.",,,Populate circuit_artifact_path/circuit_sha256/job_id after actual circuit build/submission.
zz4_H2_zz4_pair_0155,zz4_pair_0155,H2,sampler_pauli_or_gate_twirling,ibm_fez,F_quantum_4,zz4,ZZ4,4,4,Sampler,4096,7,15,off_diagonal,all_qubits_all_zero_probability_for_compute_uncompute_fidelity,ZZ4_compute_uncompute_kernel_pair_circuit,inventory_only_not_submitted,,,"Enable twirling only; record twirling type, randomization count, and any default options.",,,Populate circuit_artifact_path/circuit_sha256/job_id after actual circuit build/submission.
zz4_H2_zz4_pair_0156,zz4_pair_0156,H2,sampler_pauli_or_gate_twirling,ibm_fez,F_quantum_4,zz4,ZZ4,4,4,Sampler,4096,7,16,off_diagonal,all_qubits_all_zero_probability_for_compute_uncompute_fidelity,ZZ4_compute_uncompute_kernel_pair_circuit,inventory_only_not_submitted,,,"Enable twirling only; record twirling type, randomization count, and any default options.",,,Populate circuit_artifact_path/circuit_sha256/job_id after actual circuit build/submission.
zz4_H2_zz4_pair_0157,zz4_pair_0157,H2,sampler_pauli_or_gate_twirling,ibm_fez,F_quantum_4,zz4,ZZ4,4,4,Sampler,4096,7,17,off_diagonal,all_qubits_all_zero_probability_for_compute_uncompute_fidelity,ZZ4_compute_uncompute_kernel_pair_circuit,inventory_only_not_submitted,,,"Enable twirling only; record twirling type, randomization count, and any default options.",,,Populate circuit_artifact_path/circuit_sha256/job_id after actual circuit build/submission.
zz4_H2_zz4_pair_0158,zz4_pair_0158,H2,sampler_pauli_or_gate_twirling,ibm_fez,F_quantum_4,zz4,ZZ4,4,4,Sampler,4096,7,18,off_diagonal,all_qubits_all_zero_probability_for_compute_uncompute_fidelity,ZZ4_compute_uncompute_kernel_pair_circuit,inventory_only_not_submitted,,,"Enable twirling only; record twirling type, randomization count, and any default options.",,,Populate circuit_artifact_path/circuit_sha256/job_id after actual circuit build/submission.
zz4_H2_zz4_pair_0159,zz4_pair_0159,H2,sampler_pauli_or_gate_twirling,ibm_fez,F_quantum_4,zz4,ZZ4,4,4,Sampler,4096,7,19,off_diagonal,all_qubits_all_zero_probability_for_compute_uncompute_fidelity,ZZ4_compute_uncompute_kernel_pair_circuit,inventory_only_not_submitted,,,"Enable twirling only; record twirling type, randomization count, and any default options.",,,Populate circuit_artifact_path/circuit_sha256/job_id after actual circuit build/submission.
zz4_H2_zz4_pair_0160,zz4_pair_0160,H2,sampler_pauli_or_gate_twirling,ibm_fez,F_quantum_4,zz4,ZZ4,4,4,Sampler,4096,7,20,off_diagonal,all_qubits_all_zero_probability_for_compute_uncompute_fidelity,ZZ4_compute_uncompute_kernel_pair_circuit,inventory_only_not_submitted,,,"Enable twirling only; record twirling type, randomization count, and any default options.",,,Populate circuit_artifact_path/circuit_sha256/job_id after actual circuit build/submission.
zz4_H2_zz4_pair_0161,zz4_pair_0161,H2,sampler_pauli_or_gate_twirling,ibm_fez,F_quantum_4,zz4,ZZ4,4,4,Sampler,4096,7,21,off_diagonal,all_qubits_all_zero_probability_for_compute_uncompute_fidelity,ZZ4_compute_uncompute_kernel_pair_circuit,inventory_only_not_submitted,,,"Enable twirling only; record twirling type, randomization count, and any default options.",,,Populate circuit_artifact_path/circuit_sha256/job_id after actual circuit build/submission.
zz4_H2_zz4_pair_0162,zz4_pair_0162,H2,sampler_pauli_or_gate_twirling,ibm_fez,F_quantum_4,zz4,ZZ4,4,4,Sampler,4096,7,22,off_diagonal,all_qubits_all_zero_probability_for_compute_uncompute_fidelity,ZZ4_compute_uncompute_kernel_pair_circuit,inventory_only_not_submitted,,,"Enable twirling only; record twirling type, randomization count, and any default options.",,,Populate circuit_artifact_path/circuit_sha256/job_id after actual circuit build/submission.
zz4_H2_zz4_pair_0163,zz4_pair_0163,H2,sampler_pauli_or_gate_twirling,ibm_fez,F_quantum_4,zz4,ZZ4,4,4,Sampler,4096,7,23,off_diagonal,all_qubits_all_zero_probability_for_compute_uncompute_fidelity,ZZ4_compute_uncompute_kernel_pair_circuit,inventory_only_not_submitted,,,"Enable twirling only; record twirling type, randomization count, and any default options.",,,Populate circuit_artifact_path/circuit_sha256/job_id after actual circuit build/submission.
zz4_H2_zz4_pair_0164,zz4_pair_0164,H2,sampler_pauli_or_gate_twirling,ibm_fez,F_quantum_4,zz4,ZZ4,4,4,Sampler,4096,8,8,diagonal,all_qubits_all_zero_probability_for_compute_uncompute_fidelity,ZZ4_compute_uncompute_kernel_pair_circuit,inventory_only_not_submitted,,,"Enable twirling only; record twirling type, randomization count, and any default options.",,,Populate circuit_artifact_path/circuit_sha256/job_id after actual circuit build/submission.
zz4_H2_zz4_pair_0165,zz4_pair_0165,H2,sampler_pauli_or_gate_twirling,ibm_fez,F_quantum_4,zz4,ZZ4,4,4,Sampler,4096,8,9,off_diagonal,all_qubits_all_zero_probability_for_compute_uncompute_fidelity,ZZ4_compute_uncompute_kernel_pair_circuit,inventory_only_not_submitted,,,"Enable twirling only; record twirling type, randomization count, and any default options.",,,Populate circuit_artifact_path/circuit_sha256/job_id after actual circuit build/submission.
zz4_H2_zz4_pair_0166,zz4_pair_0166,H2,sampler_pauli_or_gate_twirling,ibm_fez,F_quantum_4,zz4,ZZ4,4,4,Sampler,4096,8,10,off_diagonal,all_qubits_all_zero_probability_for_compute_uncompute_fidelity,ZZ4_compute_uncompute_kernel_pair_circuit,inventory_only_not_submitted,,,"Enable twirling only; record twirling type, randomization count, and any default options.",,,Populate circuit_artifact_path/circuit_sha256/job_id after actual circuit build/submission.
zz4_H2_zz4_pair_0167,zz4_pair_0167,H2,sampler_pauli_or_gate_twirling,ibm_fez,F_quantum_4,zz4,ZZ4,4,4,Sampler,4096,8,11,off_diagonal,all_qubits_all_zero_probability_for_compute_uncompute_fidelity,ZZ4_compute_uncompute_kernel_pair_circuit,inventory_only_not_submitted,,,"Enable twirling only; record twirling type, randomization count, and any default options.",,,Populate circuit_artifact_path/circuit_sha256/job_id after actual circuit build/submission.
zz4_H2_zz4_pair_0168,zz4_pair_0168,H2,sampler_pauli_or_gate_twirling,ibm_fez,F_quantum_4,zz4,ZZ4,4,4,Sampler,4096,8,12,off_diagonal,all_qubits_all_zero_probability_for_compute_uncompute_fidelity,ZZ4_compute_uncompute_kernel_pair_circuit,inventory_only_not_submitted,,,"Enable twirling only; record twirling type, randomization count, and any default options.",,,Populate circuit_artifact_path/circuit_sha256/job_id after actual circuit build/submission.
zz4_H2_zz4_pair_0169,zz4_pair_0169,H2,sampler_pauli_or_gate_twirling,ibm_fez,F_quantum_4,zz4,ZZ4,4,4,Sampler,4096,8,13,off_diagonal,all_qubits_all_zero_probability_for_compute_uncompute_fidelity,ZZ4_compute_uncompute_kernel_pair_circuit,inventory_only_not_submitted,,,"Enable twirling only; record twirling type, randomization count, and any default options.",,,Populate circuit_artifact_path/circuit_sha256/job_id after actual circuit build/submission.
zz4_H2_zz4_pair_0170,zz4_pair_0170,H2,sampler_pauli_or_gate_twirling,ibm_fez,F_quantum_4,zz4,ZZ4,4,4,Sampler,4096,8,14,off_diagonal,all_qubits_all_zero_probability_for_compute_uncompute_fidelity,ZZ4_compute_uncompute_kernel_pair_circuit,inventory_only_not_submitted,,,"Enable twirling only; record twirling type, randomization count, and any default options.",,,Populate circuit_artifact_path/circuit_sha256/job_id after actual circuit build/submission.
zz4_H2_zz4_pair_0171,zz4_pair_0171,H2,sampler_pauli_or_gate_twirling,ibm_fez,F_quantum_4,zz4,ZZ4,4,4,Sampler,4096,8,15,off_diagonal,all_qubits_all_zero_probability_for_compute_uncompute_fidelity,ZZ4_compute_uncompute_kernel_pair_circuit,inventory_only_not_submitted,,,"Enable twirling only; record twirling type, randomization count, and any default options.",,,Populate circuit_artifact_path/circuit_sha256/job_id after actual circuit build/submission.
zz4_H2_zz4_pair_0172,zz4_pair_0172,H2,sampler_pauli_or_gate_twirling,ibm_fez,F_quantum_4,zz4,ZZ4,4,4,Sampler,4096,8,16,off_diagonal,all_qubits_all_zero_probability_for_compute_uncompute_fidelity,ZZ4_compute_uncompute_kernel_pair_circuit,inventory_only_not_submitted,,,"Enable twirling only; record twirling type, randomization count, and any default options.",,,Populate circuit_artifact_path/circuit_sha256/job_id after actual circuit build/submission.
zz4_H2_zz4_pair_0173,zz4_pair_0173,H2,sampler_pauli_or_gate_twirling,ibm_fez,F_quantum_4,zz4,ZZ4,4,4,Sampler,4096,8,17,off_diagonal,all_qubits_all_zero_probability_for_compute_uncompute_fidelity,ZZ4_compute_uncompute_kernel_pair_circuit,inventory_only_not_submitted,,,"Enable twirling only; record twirling type, randomization count, and any default options.",,,Populate circuit_artifact_path/circuit_sha256/job_id after actual circuit build/submission.
zz4_H2_zz4_pair_0174,zz4_pair_0174,H2,sampler_pauli_or_gate_twirling,ibm_fez,F_quantum_4,zz4,ZZ4,4,4,Sampler,4096,8,18,off_diagonal,all_qubits_all_zero_probability_for_compute_uncompute_fidelity,ZZ4_compute_uncompute_kernel_pair_circuit,inventory_only_not_submitted,,,"Enable twirling only; record twirling type, randomization count, and any default options.",,,Populate circuit_artifact_path/circuit_sha256/job_id after actual circuit build/submission.
zz4_H2_zz4_pair_0175,zz4_pair_0175,H2,sampler_pauli_or_gate_twirling,ibm_fez,F_quantum_4,zz4,ZZ4,4,4,Sampler,4096,8,19,off_diagonal,all_qubits_all_zero_probability_for_compute_uncompute_fidelity,ZZ4_compute_uncompute_kernel_pair_circuit,inventory_only_not_submitted,,,"Enable twirling only; record twirling type, randomization count, and any default options.",,,Populate circuit_artifact_path/circuit_sha256/job_id after actual circuit build/submission.
zz4_H2_zz4_pair_0176,zz4_pair_0176,H2,sampler_pauli_or_gate_twirling,ibm_fez,F_quantum_4,zz4,ZZ4,4,4,Sampler,4096,8,20,off_diagonal,all_qubits_all_zero_probability_for_compute_uncompute_fidelity,ZZ4_compute_uncompute_kernel_pair_circuit,inventory_only_not_submitted,,,"Enable twirling only; record twirling type, randomization count, and any default options.",,,Populate circuit_artifact_path/circuit_sha256/job_id after actual circuit build/submission.
zz4_H2_zz4_pair_0177,zz4_pair_0177,H2,sampler_pauli_or_gate_twirling,ibm_fez,F_quantum_4,zz4,ZZ4,4,4,Sampler,4096,8,21,off_diagonal,all_qubits_all_zero_probability_for_compute_uncompute_fidelity,ZZ4_compute_uncompute_kernel_pair_circuit,inventory_only_not_submitted,,,"Enable twirling only; record twirling type, randomization count, and any default options.",,,Populate circuit_artifact_path/circuit_sha256/job_id after actual circuit build/submission.
zz4_H2_zz4_pair_0178,zz4_pair_0178,H2,sampler_pauli_or_gate_twirling,ibm_fez,F_quantum_4,zz4,ZZ4,4,4,Sampler,4096,8,22,off_diagonal,all_qubits_all_zero_probability_for_compute_uncompute_fidelity,ZZ4_compute_uncompute_kernel_pair_circuit,inventory_only_not_submitted,,,"Enable twirling only; record twirling type, randomization count, and any default options.",,,Populate circuit_artifact_path/circuit_sha256/job_id after actual circuit build/submission.
zz4_H2_zz4_pair_0179,zz4_pair_0179,H2,sampler_pauli_or_gate_twirling,ibm_fez,F_quantum_4,zz4,ZZ4,4,4,Sampler,4096,8,23,off_diagonal,all_qubits_all_zero_probability_for_compute_uncompute_fidelity,ZZ4_compute_uncompute_kernel_pair_circuit,inventory_only_not_submitted,,,"Enable twirling only; record twirling type, randomization count, and any default options.",,,Populate circuit_artifact_path/circuit_sha256/job_id after actual circuit build/submission.
zz4_H2_zz4_pair_0180,zz4_pair_0180,H2,sampler_pauli_or_gate_twirling,ibm_fez,F_quantum_4,zz4,ZZ4,4,4,Sampler,4096,9,9,diagonal,all_qubits_all_zero_probability_for_compute_uncompute_fidelity,ZZ4_compute_uncompute_kernel_pair_circuit,inventory_only_not_submitted,,,"Enable twirling only; record twirling type, randomization count, and any default options.",,,Populate circuit_artifact_path/circuit_sha256/job_id after actual circuit build/submission.
zz4_H2_zz4_pair_0181,zz4_pair_0181,H2,sampler_pauli_or_gate_twirling,ibm_fez,F_quantum_4,zz4,ZZ4,4,4,Sampler,4096,9,10,off_diagonal,all_qubits_all_zero_probability_for_compute_uncompute_fidelity,ZZ4_compute_uncompute_kernel_pair_circuit,inventory_only_not_submitted,,,"Enable twirling only; record twirling type, randomization count, and any default options.",,,Populate circuit_artifact_path/circuit_sha256/job_id after actual circuit build/submission.
zz4_H2_zz4_pair_0182,zz4_pair_0182,H2,sampler_pauli_or_gate_twirling,ibm_fez,F_quantum_4,zz4,ZZ4,4,4,Sampler,4096,9,11,off_diagonal,all_qubits_all_zero_probability_for_compute_uncompute_fidelity,ZZ4_compute_uncompute_kernel_pair_circuit,inventory_only_not_submitted,,,"Enable twirling only; record twirling type, randomization count, and any default options.",,,Populate circuit_artifact_path/circuit_sha256/job_id after actual circuit build/submission.
zz4_H2_zz4_pair_0183,zz4_pair_0183,H2,sampler_pauli_or_gate_twirling,ibm_fez,F_quantum_4,zz4,ZZ4,4,4,Sampler,4096,9,12,off_diagonal,all_qubits_all_zero_probability_for_compute_uncompute_fidelity,ZZ4_compute_uncompute_kernel_pair_circuit,inventory_only_not_submitted,,,"Enable twirling only; record twirling type, randomization count, and any default options.",,,Populate circuit_artifact_path/circuit_sha256/job_id after actual circuit build/submission.
zz4_H2_zz4_pair_0184,zz4_pair_0184,H2,sampler_pauli_or_gate_twirling,ibm_fez,F_quantum_4,zz4,ZZ4,4,4,Sampler,4096,9,13,off_diagonal,all_qubits_all_zero_probability_for_compute_uncompute_fidelity,ZZ4_compute_uncompute_kernel_pair_circuit,inventory_only_not_submitted,,,"Enable twirling only; record twirling type, randomization count, and any default options.",,,Populate circuit_artifact_path/circuit_sha256/job_id after actual circuit build/submission.
zz4_H2_zz4_pair_0185,zz4_pair_0185,H2,sampler_pauli_or_gate_twirling,ibm_fez,F_quantum_4,zz4,ZZ4,4,4,Sampler,4096,9,14,off_diagonal,all_qubits_all_zero_probability_for_compute_uncompute_fidelity,ZZ4_compute_uncompute_kernel_pair_circuit,inventory_only_not_submitted,,,"Enable twirling only; record twirling type, randomization count, and any default options.",,,Populate circuit_artifact_path/circuit_sha256/job_id after actual circuit build/submission.
zz4_H2_zz4_pair_0186,zz4_pair_0186,H2,sampler_pauli_or_gate_twirling,ibm_fez,F_quantum_4,zz4,ZZ4,4,4,Sampler,4096,9,15,off_diagonal,all_qubits_all_zero_probability_for_compute_uncompute_fidelity,ZZ4_compute_uncompute_kernel_pair_circuit,inventory_only_not_submitted,,,"Enable twirling only; record twirling type, randomization count, and any default options.",,,Populate circuit_artifact_path/circuit_sha256/job_id after actual circuit build/submission.
zz4_H2_zz4_pair_0187,zz4_pair_0187,H2,sampler_pauli_or_gate_twirling,ibm_fez,F_quantum_4,zz4,ZZ4,4,4,Sampler,4096,9,16,off_diagonal,all_qubits_all_zero_probability_for_compute_uncompute_fidelity,ZZ4_compute_uncompute_kernel_pair_circuit,inventory_only_not_submitted,,,"Enable twirling only; record twirling type, randomization count, and any default options.",,,Populate circuit_artifact_path/circuit_sha256/job_id after actual circuit build/submission.
zz4_H2_zz4_pair_0188,zz4_pair_0188,H2,sampler_pauli_or_gate_twirling,ibm_fez,F_quantum_4,zz4,ZZ4,4,4,Sampler,4096,9,17,off_diagonal,all_qubits_all_zero_probability_for_compute_uncompute_fidelity,ZZ4_compute_uncompute_kernel_pair_circuit,inventory_only_not_submitted,,,"Enable twirling only; record twirling type, randomization count, and any default options.",,,Populate circuit_artifact_path/circuit_sha256/job_id after actual circuit build/submission.
zz4_H2_zz4_pair_0189,zz4_pair_0189,H2,sampler_pauli_or_gate_twirling,ibm_fez,F_quantum_4,zz4,ZZ4,4,4,Sampler,4096,9,18,off_diagonal,all_qubits_all_zero_probability_for_compute_uncompute_fidelity,ZZ4_compute_uncompute_kernel_pair_circuit,inventory_only_not_submitted,,,"Enable twirling only; record twirling type, randomization count, and any default options.",,,Populate circuit_artifact_path/circuit_sha256/job_id after actual circuit build/submission.
zz4_H2_zz4_pair_0190,zz4_pair_0190,H2,sampler_pauli_or_gate_twirling,ibm_fez,F_quantum_4,zz4,ZZ4,4,4,Sampler,4096,9,19,off_diagonal,all_qubits_all_zero_probability_for_compute_uncompute_fidelity,ZZ4_compute_uncompute_kernel_pair_circuit,inventory_only_not_submitted,,,"Enable twirling only; record twirling type, randomization count, and any default options.",,,Populate circuit_artifact_path/circuit_sha256/job_id after actual circuit build/submission.
zz4_H2_zz4_pair_0191,zz4_pair_0191,H2,sampler_pauli_or_gate_twirling,ibm_fez,F_quantum_4,zz4,ZZ4,4,4,Sampler,4096,9,20,off_diagonal,all_qubits_all_zero_probability_for_compute_uncompute_fidelity,ZZ4_compute_uncompute_kernel_pair_circuit,inventory_only_not_submitted,,,"Enable twirling only; record twirling type, randomization count, and any default options.",,,Populate circuit_artifact_path/circuit_sha256/job_id after actual circuit build/submission.
zz4_H2_zz4_pair_0192,zz4_pair_0192,H2,sampler_pauli_or_gate_twirling,ibm_fez,F_quantum_4,zz4,ZZ4,4,4,Sampler,4096,9,21,off_diagonal,all_qubits_all_zero_probability_for_compute_uncompute_fidelity,ZZ4_compute_uncompute_kernel_pair_circuit,inventory_only_not_submitted,,,"Enable twirling only; record twirling type, randomization count, and any default options.",,,Populate circuit_artifact_path/circuit_sha256/job_id after actual circuit build/submission.
zz4_H2_zz4_pair_0193,zz4_pair_0193,H2,sampler_pauli_or_gate_twirling,ibm_fez,F_quantum_4,zz4,ZZ4,4,4,Sampler,4096,9,22,off_diagonal,all_qubits_all_zero_probability_for_compute_uncompute_fidelity,ZZ4_compute_uncompute_kernel_pair_circuit,inventory_only_not_submitted,,,"Enable twirling only; record twirling type, randomization count, and any default options.",,,Populate circuit_artifact_path/circuit_sha256/job_id after actual circuit build/submission.
zz4_H2_zz4_pair_0194,zz4_pair_0194,H2,sampler_pauli_or_gate_twirling,ibm_fez,F_quantum_4,zz4,ZZ4,4,4,Sampler,4096,9,23,off_diagonal,all_qubits_all_zero_probability_for_compute_uncompute_fidelity,ZZ4_compute_uncompute_kernel_pair_circuit,inventory_only_not_submitted,,,"Enable twirling only; record twirling type, randomization count, and any default options.",,,Populate circuit_artifact_path/circuit_sha256/job_id after actual circuit build/submission.
zz4_H2_zz4_pair_0195,zz4_pair_0195,H2,sampler_pauli_or_gate_twirling,ibm_fez,F_quantum_4,zz4,ZZ4,4,4,Sampler,4096,10,10,diagonal,all_qubits_all_zero_probability_for_compute_uncompute_fidelity,ZZ4_compute_uncompute_kernel_pair_circuit,inventory_only_not_submitted,,,"Enable twirling only; record twirling type, randomization count, and any default options.",,,Populate circuit_artifact_path/circuit_sha256/job_id after actual circuit build/submission.
zz4_H2_zz4_pair_0196,zz4_pair_0196,H2,sampler_pauli_or_gate_twirling,ibm_fez,F_quantum_4,zz4,ZZ4,4,4,Sampler,4096,10,11,off_diagonal,all_qubits_all_zero_probability_for_compute_uncompute_fidelity,ZZ4_compute_uncompute_kernel_pair_circuit,inventory_only_not_submitted,,,"Enable twirling only; record twirling type, randomization count, and any default options.",,,Populate circuit_artifact_path/circuit_sha256/job_id after actual circuit build/submission.
zz4_H2_zz4_pair_0197,zz4_pair_0197,H2,sampler_pauli_or_gate_twirling,ibm_fez,F_quantum_4,zz4,ZZ4,4,4,Sampler,4096,10,12,off_diagonal,all_qubits_all_zero_probability_for_compute_uncompute_fidelity,ZZ4_compute_uncompute_kernel_pair_circuit,inventory_only_not_submitted,,,"Enable twirling only; record twirling type, randomization count, and any default options.",,,Populate circuit_artifact_path/circuit_sha256/job_id after actual circuit build/submission.
zz4_H2_zz4_pair_0198,zz4_pair_0198,H2,sampler_pauli_or_gate_twirling,ibm_fez,F_quantum_4,zz4,ZZ4,4,4,Sampler,4096,10,13,off_diagonal,all_qubits_all_zero_probability_for_compute_uncompute_fidelity,ZZ4_compute_uncompute_kernel_pair_circuit,inventory_only_not_submitted,,,"Enable twirling only; record twirling type, randomization count, and any default options.",,,Populate circuit_artifact_path/circuit_sha256/job_id after actual circuit build/submission.
zz4_H2_zz4_pair_0199,zz4_pair_0199,H2,sampler_pauli_or_gate_twirling,ibm_fez,F_quantum_4,zz4,ZZ4,4,4,Sampler,4096,10,14,off_diagonal,all_qubits_all_zero_probability_for_compute_uncompute_fidelity,ZZ4_compute_uncompute_kernel_pair_circuit,inventory_only_not_submitted,,,"Enable twirling only; record twirling type, randomization count, and any default options.",,,Populate circuit_artifact_path/circuit_sha256/job_id after actual circuit build/submission.
zz4_H2_zz4_pair_0200,zz4_pair_0200,H2,sampler_pauli_or_gate_twirling,ibm_fez,F_quantum_4,zz4,ZZ4,4,4,Sampler,4096,10,15,off_diagonal,all_qubits_all_zero_probability_for_compute_uncompute_fidelity,ZZ4_compute_uncompute_kernel_pair_circuit,inventory_only_not_submitted,,,"Enable twirling only; record twirling type, randomization count, and any default options.",,,Populate circuit_artifact_path/circuit_sha256/job_id after actual circuit build/submission.
zz4_H2_zz4_pair_0201,zz4_pair_0201,H2,sampler_pauli_or_gate_twirling,ibm_fez,F_quantum_4,zz4,ZZ4,4,4,Sampler,4096,10,16,off_diagonal,all_qubits_all_zero_probability_for_compute_uncompute_fidelity,ZZ4_compute_uncompute_kernel_pair_circuit,inventory_only_not_submitted,,,"Enable twirling only; record twirling type, randomization count, and any default options.",,,Populate circuit_artifact_path/circuit_sha256/job_id after actual circuit build/submission.
zz4_H2_zz4_pair_0202,zz4_pair_0202,H2,sampler_pauli_or_gate_twirling,ibm_fez,F_quantum_4,zz4,ZZ4,4,4,Sampler,4096,10,17,off_diagonal,all_qubits_all_zero_probability_for_compute_uncompute_fidelity,ZZ4_compute_uncompute_kernel_pair_circuit,inventory_only_not_submitted,,,"Enable twirling only; record twirling type, randomization count, and any default options.",,,Populate circuit_artifact_path/circuit_sha256/job_id after actual circuit build/submission.
zz4_H2_zz4_pair_0203,zz4_pair_0203,H2,sampler_pauli_or_gate_twirling,ibm_fez,F_quantum_4,zz4,ZZ4,4,4,Sampler,4096,10,18,off_diagonal,all_qubits_all_zero_probability_for_compute_uncompute_fidelity,ZZ4_compute_uncompute_kernel_pair_circuit,inventory_only_not_submitted,,,"Enable twirling only; record twirling type, randomization count, and any default options.",,,Populate circuit_artifact_path/circuit_sha256/job_id after actual circuit build/submission.
zz4_H2_zz4_pair_0204,zz4_pair_0204,H2,sampler_pauli_or_gate_twirling,ibm_fez,F_quantum_4,zz4,ZZ4,4,4,Sampler,4096,10,19,off_diagonal,all_qubits_all_zero_probability_for_compute_uncompute_fidelity,ZZ4_compute_uncompute_kernel_pair_circuit,inventory_only_not_submitted,,,"Enable twirling only; record twirling type, randomization count, and any default options.",,,Populate circuit_artifact_path/circuit_sha256/job_id after actual circuit build/submission.
zz4_H2_zz4_pair_0205,zz4_pair_0205,H2,sampler_pauli_or_gate_twirling,ibm_fez,F_quantum_4,zz4,ZZ4,4,4,Sampler,4096,10,20,off_diagonal,all_qubits_all_zero_probability_for_compute_uncompute_fidelity,ZZ4_compute_uncompute_kernel_pair_circuit,inventory_only_not_submitted,,,"Enable twirling only; record twirling type, randomization count, and any default options.",,,Populate circuit_artifact_path/circuit_sha256/job_id after actual circuit build/submission.
zz4_H2_zz4_pair_0206,zz4_pair_0206,H2,sampler_pauli_or_gate_twirling,ibm_fez,F_quantum_4,zz4,ZZ4,4,4,Sampler,4096,10,21,off_diagonal,all_qubits_all_zero_probability_for_compute_uncompute_fidelity,ZZ4_compute_uncompute_kernel_pair_circuit,inventory_only_not_submitted,,,"Enable twirling only; record twirling type, randomization count, and any default options.",,,Populate circuit_artifact_path/circuit_sha256/job_id after actual circuit build/submission.
zz4_H2_zz4_pair_0207,zz4_pair_0207,H2,sampler_pauli_or_gate_twirling,ibm_fez,F_quantum_4,zz4,ZZ4,4,4,Sampler,4096,10,22,off_diagonal,all_qubits_all_zero_probability_for_compute_uncompute_fidelity,ZZ4_compute_uncompute_kernel_pair_circuit,inventory_only_not_submitted,,,"Enable twirling only; record twirling type, randomization count, and any default options.",,,Populate circuit_artifact_path/circuit_sha256/job_id after actual circuit build/submission.
zz4_H2_zz4_pair_0208,zz4_pair_0208,H2,sampler_pauli_or_gate_twirling,ibm_fez,F_quantum_4,zz4,ZZ4,4,4,Sampler,4096,10,23,off_diagonal,all_qubits_all_zero_probability_for_compute_uncompute_fidelity,ZZ4_compute_uncompute_kernel_pair_circuit,inventory_only_not_submitted,,,"Enable twirling only; record twirling type, randomization count, and any default options.",,,Populate circuit_artifact_path/circuit_sha256/job_id after actual circuit build/submission.
zz4_H2_zz4_pair_0209,zz4_pair_0209,H2,sampler_pauli_or_gate_twirling,ibm_fez,F_quantum_4,zz4,ZZ4,4,4,Sampler,4096,11,11,diagonal,all_qubits_all_zero_probability_for_compute_uncompute_fidelity,ZZ4_compute_uncompute_kernel_pair_circuit,inventory_only_not_submitted,,,"Enable twirling only; record twirling type, randomization count, and any default options.",,,Populate circuit_artifact_path/circuit_sha256/job_id after actual circuit build/submission.
zz4_H2_zz4_pair_0210,zz4_pair_0210,H2,sampler_pauli_or_gate_twirling,ibm_fez,F_quantum_4,zz4,ZZ4,4,4,Sampler,4096,11,12,off_diagonal,all_qubits_all_zero_probability_for_compute_uncompute_fidelity,ZZ4_compute_uncompute_kernel_pair_circuit,inventory_only_not_submitted,,,"Enable twirling only; record twirling type, randomization count, and any default options.",,,Populate circuit_artifact_path/circuit_sha256/job_id after actual circuit build/submission.
zz4_H2_zz4_pair_0211,zz4_pair_0211,H2,sampler_pauli_or_gate_twirling,ibm_fez,F_quantum_4,zz4,ZZ4,4,4,Sampler,4096,11,13,off_diagonal,all_qubits_all_zero_probability_for_compute_uncompute_fidelity,ZZ4_compute_uncompute_kernel_pair_circuit,inventory_only_not_submitted,,,"Enable twirling only; record twirling type, randomization count, and any default options.",,,Populate circuit_artifact_path/circuit_sha256/job_id after actual circuit build/submission.
zz4_H2_zz4_pair_0212,zz4_pair_0212,H2,sampler_pauli_or_gate_twirling,ibm_fez,F_quantum_4,zz4,ZZ4,4,4,Sampler,4096,11,14,off_diagonal,all_qubits_all_zero_probability_for_compute_uncompute_fidelity,ZZ4_compute_uncompute_kernel_pair_circuit,inventory_only_not_submitted,,,"Enable twirling only; record twirling type, randomization count, and any default options.",,,Populate circuit_artifact_path/circuit_sha256/job_id after actual circuit build/submission.
zz4_H2_zz4_pair_0213,zz4_pair_0213,H2,sampler_pauli_or_gate_twirling,ibm_fez,F_quantum_4,zz4,ZZ4,4,4,Sampler,4096,11,15,off_diagonal,all_qubits_all_zero_probability_for_compute_uncompute_fidelity,ZZ4_compute_uncompute_kernel_pair_circuit,inventory_only_not_submitted,,,"Enable twirling only; record twirling type, randomization count, and any default options.",,,Populate circuit_artifact_path/circuit_sha256/job_id after actual circuit build/submission.
zz4_H2_zz4_pair_0214,zz4_pair_0214,H2,sampler_pauli_or_gate_twirling,ibm_fez,F_quantum_4,zz4,ZZ4,4,4,Sampler,4096,11,16,off_diagonal,all_qubits_all_zero_probability_for_compute_uncompute_fidelity,ZZ4_compute_uncompute_kernel_pair_circuit,inventory_only_not_submitted,,,"Enable twirling only; record twirling type, randomization count, and any default options.",,,Populate circuit_artifact_path/circuit_sha256/job_id after actual circuit build/submission.
zz4_H2_zz4_pair_0215,zz4_pair_0215,H2,sampler_pauli_or_gate_twirling,ibm_fez,F_quantum_4,zz4,ZZ4,4,4,Sampler,4096,11,17,off_diagonal,all_qubits_all_zero_probability_for_compute_uncompute_fidelity,ZZ4_compute_uncompute_kernel_pair_circuit,inventory_only_not_submitted,,,"Enable twirling only; record twirling type, randomization count, and any default options.",,,Populate circuit_artifact_path/circuit_sha256/job_id after actual circuit build/submission.
zz4_H2_zz4_pair_0216,zz4_pair_0216,H2,sampler_pauli_or_gate_twirling,ibm_fez,F_quantum_4,zz4,ZZ4,4,4,Sampler,4096,11,18,off_diagonal,all_qubits_all_zero_probability_for_compute_uncompute_fidelity,ZZ4_compute_uncompute_kernel_pair_circuit,inventory_only_not_submitted,,,"Enable twirling only; record twirling type, randomization count, and any default options.",,,Populate circuit_artifact_path/circuit_sha256/job_id after actual circuit build/submission.
zz4_H2_zz4_pair_0217,zz4_pair_0217,H2,sampler_pauli_or_gate_twirling,ibm_fez,F_quantum_4,zz4,ZZ4,4,4,Sampler,4096,11,19,off_diagonal,all_qubits_all_zero_probability_for_compute_uncompute_fidelity,ZZ4_compute_uncompute_kernel_pair_circuit,inventory_only_not_submitted,,,"Enable twirling only; record twirling type, randomization count, and any default options.",,,Populate circuit_artifact_path/circuit_sha256/job_id after actual circuit build/submission.
zz4_H2_zz4_pair_0218,zz4_pair_0218,H2,sampler_pauli_or_gate_twirling,ibm_fez,F_quantum_4,zz4,ZZ4,4,4,Sampler,4096,11,20,off_diagonal,all_qubits_all_zero_probability_for_compute_uncompute_fidelity,ZZ4_compute_uncompute_kernel_pair_circuit,inventory_only_not_submitted,,,"Enable twirling only; record twirling type, randomization count, and any default options.",,,Populate circuit_artifact_path/circuit_sha256/job_id after actual circuit build/submission.
zz4_H2_zz4_pair_0219,zz4_pair_0219,H2,sampler_pauli_or_gate_twirling,ibm_fez,F_quantum_4,zz4,ZZ4,4,4,Sampler,4096,11,21,off_diagonal,all_qubits_all_zero_probability_for_compute_uncompute_fidelity,ZZ4_compute_uncompute_kernel_pair_circuit,inventory_only_not_submitted,,,"Enable twirling only; record twirling type, randomization count, and any default options.",,,Populate circuit_artifact_path/circuit_sha256/job_id after actual circuit build/submission.
zz4_H2_zz4_pair_0220,zz4_pair_0220,H2,sampler_pauli_or_gate_twirling,ibm_fez,F_quantum_4,zz4,ZZ4,4,4,Sampler,4096,11,22,off_diagonal,all_qubits_all_zero_probability_for_compute_uncompute_fidelity,ZZ4_compute_uncompute_kernel_pair_circuit,inventory_only_not_submitted,,,"Enable twirling only; record twirling type, randomization count, and any default options.",,,Populate circuit_artifact_path/circuit_sha256/job_id after actual circuit build/submission.
zz4_H2_zz4_pair_0221,zz4_pair_0221,H2,sampler_pauli_or_gate_twirling,ibm_fez,F_quantum_4,zz4,ZZ4,4,4,Sampler,4096,11,23,off_diagonal,all_qubits_all_zero_probability_for_compute_uncompute_fidelity,ZZ4_compute_uncompute_kernel_pair_circuit,inventory_only_not_submitted,,,"Enable twirling only; record twirling type, randomization count, and any default options.",,,Populate circuit_artifact_path/circuit_sha256/job_id after actual circuit build/submission.
zz4_H2_zz4_pair_0222,zz4_pair_0222,H2,sampler_pauli_or_gate_twirling,ibm_fez,F_quantum_4,zz4,ZZ4,4,4,Sampler,4096,12,12,diagonal,all_qubits_all_zero_probability_for_compute_uncompute_fidelity,ZZ4_compute_uncompute_kernel_pair_circuit,inventory_only_not_submitted,,,"Enable twirling only; record twirling type, randomization count, and any default options.",,,Populate circuit_artifact_path/circuit_sha256/job_id after actual circuit build/submission.
zz4_H2_zz4_pair_0223,zz4_pair_0223,H2,sampler_pauli_or_gate_twirling,ibm_fez,F_quantum_4,zz4,ZZ4,4,4,Sampler,4096,12,13,off_diagonal,all_qubits_all_zero_probability_for_compute_uncompute_fidelity,ZZ4_compute_uncompute_kernel_pair_circuit,inventory_only_not_submitted,,,"Enable twirling only; record twirling type, randomization count, and any default options.",,,Populate circuit_artifact_path/circuit_sha256/job_id after actual circuit build/submission.
zz4_H2_zz4_pair_0224,zz4_pair_0224,H2,sampler_pauli_or_gate_twirling,ibm_fez,F_quantum_4,zz4,ZZ4,4,4,Sampler,4096,12,14,off_diagonal,all_qubits_all_zero_probability_for_compute_uncompute_fidelity,ZZ4_compute_uncompute_kernel_pair_circuit,inventory_only_not_submitted,,,"Enable twirling only; record twirling type, randomization count, and any default options.",,,Populate circuit_artifact_path/circuit_sha256/job_id after actual circuit build/submission.
zz4_H2_zz4_pair_0225,zz4_pair_0225,H2,sampler_pauli_or_gate_twirling,ibm_fez,F_quantum_4,zz4,ZZ4,4,4,Sampler,4096,12,15,off_diagonal,all_qubits_all_zero_probability_for_compute_uncompute_fidelity,ZZ4_compute_uncompute_kernel_pair_circuit,inventory_only_not_submitted,,,"Enable twirling only; record twirling type, randomization count, and any default options.",,,Populate circuit_artifact_path/circuit_sha256/job_id after actual circuit build/submission.
zz4_H2_zz4_pair_0226,zz4_pair_0226,H2,sampler_pauli_or_gate_twirling,ibm_fez,F_quantum_4,zz4,ZZ4,4,4,Sampler,4096,12,16,off_diagonal,all_qubits_all_zero_probability_for_compute_uncompute_fidelity,ZZ4_compute_uncompute_kernel_pair_circuit,inventory_only_not_submitted,,,"Enable twirling only; record twirling type, randomization count, and any default options.",,,Populate circuit_artifact_path/circuit_sha256/job_id after actual circuit build/submission.
zz4_H2_zz4_pair_0227,zz4_pair_0227,H2,sampler_pauli_or_gate_twirling,ibm_fez,F_quantum_4,zz4,ZZ4,4,4,Sampler,4096,12,17,off_diagonal,all_qubits_all_zero_probability_for_compute_uncompute_fidelity,ZZ4_compute_uncompute_kernel_pair_circuit,inventory_only_not_submitted,,,"Enable twirling only; record twirling type, randomization count, and any default options.",,,Populate circuit_artifact_path/circuit_sha256/job_id after actual circuit build/submission.
zz4_H2_zz4_pair_0228,zz4_pair_0228,H2,sampler_pauli_or_gate_twirling,ibm_fez,F_quantum_4,zz4,ZZ4,4,4,Sampler,4096,12,18,off_diagonal,all_qubits_all_zero_probability_for_compute_uncompute_fidelity,ZZ4_compute_uncompute_kernel_pair_circuit,inventory_only_not_submitted,,,"Enable twirling only; record twirling type, randomization count, and any default options.",,,Populate circuit_artifact_path/circuit_sha256/job_id after actual circuit build/submission.
zz4_H2_zz4_pair_0229,zz4_pair_0229,H2,sampler_pauli_or_gate_twirling,ibm_fez,F_quantum_4,zz4,ZZ4,4,4,Sampler,4096,12,19,off_diagonal,all_qubits_all_zero_probability_for_compute_uncompute_fidelity,ZZ4_compute_uncompute_kernel_pair_circuit,inventory_only_not_submitted,,,"Enable twirling only; record twirling type, randomization count, and any default options.",,,Populate circuit_artifact_path/circuit_sha256/job_id after actual circuit build/submission.
zz4_H2_zz4_pair_0230,zz4_pair_0230,H2,sampler_pauli_or_gate_twirling,ibm_fez,F_quantum_4,zz4,ZZ4,4,4,Sampler,4096,12,20,off_diagonal,all_qubits_all_zero_probability_for_compute_uncompute_fidelity,ZZ4_compute_uncompute_kernel_pair_circuit,inventory_only_not_submitted,,,"Enable twirling only; record twirling type, randomization count, and any default options.",,,Populate circuit_artifact_path/circuit_sha256/job_id after actual circuit build/submission.
zz4_H2_zz4_pair_0231,zz4_pair_0231,H2,sampler_pauli_or_gate_twirling,ibm_fez,F_quantum_4,zz4,ZZ4,4,4,Sampler,4096,12,21,off_diagonal,all_qubits_all_zero_probability_for_compute_uncompute_fidelity,ZZ4_compute_uncompute_kernel_pair_circuit,inventory_only_not_submitted,,,"Enable twirling only; record twirling type, randomization count, and any default options.",,,Populate circuit_artifact_path/circuit_sha256/job_id after actual circuit build/submission.
zz4_H2_zz4_pair_0232,zz4_pair_0232,H2,sampler_pauli_or_gate_twirling,ibm_fez,F_quantum_4,zz4,ZZ4,4,4,Sampler,4096,12,22,off_diagonal,all_qubits_all_zero_probability_for_compute_uncompute_fidelity,ZZ4_compute_uncompute_kernel_pair_circuit,inventory_only_not_submitted,,,"Enable twirling only; record twirling type, randomization count, and any default options.",,,Populate circuit_artifact_path/circuit_sha256/job_id after actual circuit build/submission.
zz4_H2_zz4_pair_0233,zz4_pair_0233,H2,sampler_pauli_or_gate_twirling,ibm_fez,F_quantum_4,zz4,ZZ4,4,4,Sampler,4096,12,23,off_diagonal,all_qubits_all_zero_probability_for_compute_uncompute_fidelity,ZZ4_compute_uncompute_kernel_pair_circuit,inventory_only_not_submitted,,,"Enable twirling only; record twirling type, randomization count, and any default options.",,,Populate circuit_artifact_path/circuit_sha256/job_id after actual circuit build/submission.
zz4_H2_zz4_pair_0234,zz4_pair_0234,H2,sampler_pauli_or_gate_twirling,ibm_fez,F_quantum_4,zz4,ZZ4,4,4,Sampler,4096,13,13,diagonal,all_qubits_all_zero_probability_for_compute_uncompute_fidelity,ZZ4_compute_uncompute_kernel_pair_circuit,inventory_only_not_submitted,,,"Enable twirling only; record twirling type, randomization count, and any default options.",,,Populate circuit_artifact_path/circuit_sha256/job_id after actual circuit build/submission.
zz4_H2_zz4_pair_0235,zz4_pair_0235,H2,sampler_pauli_or_gate_twirling,ibm_fez,F_quantum_4,zz4,ZZ4,4,4,Sampler,4096,13,14,off_diagonal,all_qubits_all_zero_probability_for_compute_uncompute_fidelity,ZZ4_compute_uncompute_kernel_pair_circuit,inventory_only_not_submitted,,,"Enable twirling only; record twirling type, randomization count, and any default options.",,,Populate circuit_artifact_path/circuit_sha256/job_id after actual circuit build/submission.
zz4_H2_zz4_pair_0236,zz4_pair_0236,H2,sampler_pauli_or_gate_twirling,ibm_fez,F_quantum_4,zz4,ZZ4,4,4,Sampler,4096,13,15,off_diagonal,all_qubits_all_zero_probability_for_compute_uncompute_fidelity,ZZ4_compute_uncompute_kernel_pair_circuit,inventory_only_not_submitted,,,"Enable twirling only; record twirling type, randomization count, and any default options.",,,Populate circuit_artifact_path/circuit_sha256/job_id after actual circuit build/submission.
zz4_H2_zz4_pair_0237,zz4_pair_0237,H2,sampler_pauli_or_gate_twirling,ibm_fez,F_quantum_4,zz4,ZZ4,4,4,Sampler,4096,13,16,off_diagonal,all_qubits_all_zero_probability_for_compute_uncompute_fidelity,ZZ4_compute_uncompute_kernel_pair_circuit,inventory_only_not_submitted,,,"Enable twirling only; record twirling type, randomization count, and any default options.",,,Populate circuit_artifact_path/circuit_sha256/job_id after actual circuit build/submission.
zz4_H2_zz4_pair_0238,zz4_pair_0238,H2,sampler_pauli_or_gate_twirling,ibm_fez,F_quantum_4,zz4,ZZ4,4,4,Sampler,4096,13,17,off_diagonal,all_qubits_all_zero_probability_for_compute_uncompute_fidelity,ZZ4_compute_uncompute_kernel_pair_circuit,inventory_only_not_submitted,,,"Enable twirling only; record twirling type, randomization count, and any default options.",,,Populate circuit_artifact_path/circuit_sha256/job_id after actual circuit build/submission.
zz4_H2_zz4_pair_0239,zz4_pair_0239,H2,sampler_pauli_or_gate_twirling,ibm_fez,F_quantum_4,zz4,ZZ4,4,4,Sampler,4096,13,18,off_diagonal,all_qubits_all_zero_probability_for_compute_uncompute_fidelity,ZZ4_compute_uncompute_kernel_pair_circuit,inventory_only_not_submitted,,,"Enable twirling only; record twirling type, randomization count, and any default options.",,,Populate circuit_artifact_path/circuit_sha256/job_id after actual circuit build/submission.
zz4_H2_zz4_pair_0240,zz4_pair_0240,H2,sampler_pauli_or_gate_twirling,ibm_fez,F_quantum_4,zz4,ZZ4,4,4,Sampler,4096,13,19,off_diagonal,all_qubits_all_zero_probability_for_compute_uncompute_fidelity,ZZ4_compute_uncompute_kernel_pair_circuit,inventory_only_not_submitted,,,"Enable twirling only; record twirling type, randomization count, and any default options.",,,Populate circuit_artifact_path/circuit_sha256/job_id after actual circuit build/submission.
zz4_H2_zz4_pair_0241,zz4_pair_0241,H2,sampler_pauli_or_gate_twirling,ibm_fez,F_quantum_4,zz4,ZZ4,4,4,Sampler,4096,13,20,off_diagonal,all_qubits_all_zero_probability_for_compute_uncompute_fidelity,ZZ4_compute_uncompute_kernel_pair_circuit,inventory_only_not_submitted,,,"Enable twirling only; record twirling type, randomization count, and any default options.",,,Populate circuit_artifact_path/circuit_sha256/job_id after actual circuit build/submission.
zz4_H2_zz4_pair_0242,zz4_pair_0242,H2,sampler_pauli_or_gate_twirling,ibm_fez,F_quantum_4,zz4,ZZ4,4,4,Sampler,4096,13,21,off_diagonal,all_qubits_all_zero_probability_for_compute_uncompute_fidelity,ZZ4_compute_uncompute_kernel_pair_circuit,inventory_only_not_submitted,,,"Enable twirling only; record twirling type, randomization count, and any default options.",,,Populate circuit_artifact_path/circuit_sha256/job_id after actual circuit build/submission.
zz4_H2_zz4_pair_0243,zz4_pair_0243,H2,sampler_pauli_or_gate_twirling,ibm_fez,F_quantum_4,zz4,ZZ4,4,4,Sampler,4096,13,22,off_diagonal,all_qubits_all_zero_probability_for_compute_uncompute_fidelity,ZZ4_compute_uncompute_kernel_pair_circuit,inventory_only_not_submitted,,,"Enable twirling only; record twirling type, randomization count, and any default options.",,,Populate circuit_artifact_path/circuit_sha256/job_id after actual circuit build/submission.
zz4_H2_zz4_pair_0244,zz4_pair_0244,H2,sampler_pauli_or_gate_twirling,ibm_fez,F_quantum_4,zz4,ZZ4,4,4,Sampler,4096,13,23,off_diagonal,all_qubits_all_zero_probability_for_compute_uncompute_fidelity,ZZ4_compute_uncompute_kernel_pair_circuit,inventory_only_not_submitted,,,"Enable twirling only; record twirling type, randomization count, and any default options.",,,Populate circuit_artifact_path/circuit_sha256/job_id after actual circuit build/submission.
zz4_H2_zz4_pair_0245,zz4_pair_0245,H2,sampler_pauli_or_gate_twirling,ibm_fez,F_quantum_4,zz4,ZZ4,4,4,Sampler,4096,14,14,diagonal,all_qubits_all_zero_probability_for_compute_uncompute_fidelity,ZZ4_compute_uncompute_kernel_pair_circuit,inventory_only_not_submitted,,,"Enable twirling only; record twirling type, randomization count, and any default options.",,,Populate circuit_artifact_path/circuit_sha256/job_id after actual circuit build/submission.
zz4_H2_zz4_pair_0246,zz4_pair_0246,H2,sampler_pauli_or_gate_twirling,ibm_fez,F_quantum_4,zz4,ZZ4,4,4,Sampler,4096,14,15,off_diagonal,all_qubits_all_zero_probability_for_compute_uncompute_fidelity,ZZ4_compute_uncompute_kernel_pair_circuit,inventory_only_not_submitted,,,"Enable twirling only; record twirling type, randomization count, and any default options.",,,Populate circuit_artifact_path/circuit_sha256/job_id after actual circuit build/submission.
zz4_H2_zz4_pair_0247,zz4_pair_0247,H2,sampler_pauli_or_gate_twirling,ibm_fez,F_quantum_4,zz4,ZZ4,4,4,Sampler,4096,14,16,off_diagonal,all_qubits_all_zero_probability_for_compute_uncompute_fidelity,ZZ4_compute_uncompute_kernel_pair_circuit,inventory_only_not_submitted,,,"Enable twirling only; record twirling type, randomization count, and any default options.",,,Populate circuit_artifact_path/circuit_sha256/job_id after actual circuit build/submission.
zz4_H2_zz4_pair_0248,zz4_pair_0248,H2,sampler_pauli_or_gate_twirling,ibm_fez,F_quantum_4,zz4,ZZ4,4,4,Sampler,4096,14,17,off_diagonal,all_qubits_all_zero_probability_for_compute_uncompute_fidelity,ZZ4_compute_uncompute_kernel_pair_circuit,inventory_only_not_submitted,,,"Enable twirling only; record twirling type, randomization count, and any default options.",,,Populate circuit_artifact_path/circuit_sha256/job_id after actual circuit build/submission.
zz4_H2_zz4_pair_0249,zz4_pair_0249,H2,sampler_pauli_or_gate_twirling,ibm_fez,F_quantum_4,zz4,ZZ4,4,4,Sampler,4096,14,18,off_diagonal,all_qubits_all_zero_probability_for_compute_uncompute_fidelity,ZZ4_compute_uncompute_kernel_pair_circuit,inventory_only_not_submitted,,,"Enable twirling only; record twirling type, randomization count, and any default options.",,,Populate circuit_artifact_path/circuit_sha256/job_id after actual circuit build/submission.
zz4_H2_zz4_pair_0250,zz4_pair_0250,H2,sampler_pauli_or_gate_twirling,ibm_fez,F_quantum_4,zz4,ZZ4,4,4,Sampler,4096,14,19,off_diagonal,all_qubits_all_zero_probability_for_compute_uncompute_fidelity,ZZ4_compute_uncompute_kernel_pair_circuit,inventory_only_not_submitted,,,"Enable twirling only; record twirling type, randomization count, and any default options.",,,Populate circuit_artifact_path/circuit_sha256/job_id after actual circuit build/submission.
zz4_H2_zz4_pair_0251,zz4_pair_0251,H2,sampler_pauli_or_gate_twirling,ibm_fez,F_quantum_4,zz4,ZZ4,4,4,Sampler,4096,14,20,off_diagonal,all_qubits_all_zero_probability_for_compute_uncompute_fidelity,ZZ4_compute_uncompute_kernel_pair_circuit,inventory_only_not_submitted,,,"Enable twirling only; record twirling type, randomization count, and any default options.",,,Populate circuit_artifact_path/circuit_sha256/job_id after actual circuit build/submission.
zz4_H2_zz4_pair_0252,zz4_pair_0252,H2,sampler_pauli_or_gate_twirling,ibm_fez,F_quantum_4,zz4,ZZ4,4,4,Sampler,4096,14,21,off_diagonal,all_qubits_all_zero_probability_for_compute_uncompute_fidelity,ZZ4_compute_uncompute_kernel_pair_circuit,inventory_only_not_submitted,,,"Enable twirling only; record twirling type, randomization count, and any default options.",,,Populate circuit_artifact_path/circuit_sha256/job_id after actual circuit build/submission.
zz4_H2_zz4_pair_0253,zz4_pair_0253,H2,sampler_pauli_or_gate_twirling,ibm_fez,F_quantum_4,zz4,ZZ4,4,4,Sampler,4096,14,22,off_diagonal,all_qubits_all_zero_probability_for_compute_uncompute_fidelity,ZZ4_compute_uncompute_kernel_pair_circuit,inventory_only_not_submitted,,,"Enable twirling only; record twirling type, randomization count, and any default options.",,,Populate circuit_artifact_path/circuit_sha256/job_id after actual circuit build/submission.
zz4_H2_zz4_pair_0254,zz4_pair_0254,H2,sampler_pauli_or_gate_twirling,ibm_fez,F_quantum_4,zz4,ZZ4,4,4,Sampler,4096,14,23,off_diagonal,all_qubits_all_zero_probability_for_compute_uncompute_fidelity,ZZ4_compute_uncompute_kernel_pair_circuit,inventory_only_not_submitted,,,"Enable twirling only; record twirling type, randomization count, and any default options.",,,Populate circuit_artifact_path/circuit_sha256/job_id after actual circuit build/submission.
zz4_H2_zz4_pair_0255,zz4_pair_0255,H2,sampler_pauli_or_gate_twirling,ibm_fez,F_quantum_4,zz4,ZZ4,4,4,Sampler,4096,15,15,diagonal,all_qubits_all_zero_probability_for_compute_uncompute_fidelity,ZZ4_compute_uncompute_kernel_pair_circuit,inventory_only_not_submitted,,,"Enable twirling only; record twirling type, randomization count, and any default options.",,,Populate circuit_artifact_path/circuit_sha256/job_id after actual circuit build/submission.
zz4_H2_zz4_pair_0256,zz4_pair_0256,H2,sampler_pauli_or_gate_twirling,ibm_fez,F_quantum_4,zz4,ZZ4,4,4,Sampler,4096,15,16,off_diagonal,all_qubits_all_zero_probability_for_compute_uncompute_fidelity,ZZ4_compute_uncompute_kernel_pair_circuit,inventory_only_not_submitted,,,"Enable twirling only; record twirling type, randomization count, and any default options.",,,Populate circuit_artifact_path/circuit_sha256/job_id after actual circuit build/submission.
zz4_H2_zz4_pair_0257,zz4_pair_0257,H2,sampler_pauli_or_gate_twirling,ibm_fez,F_quantum_4,zz4,ZZ4,4,4,Sampler,4096,15,17,off_diagonal,all_qubits_all_zero_probability_for_compute_uncompute_fidelity,ZZ4_compute_uncompute_kernel_pair_circuit,inventory_only_not_submitted,,,"Enable twirling only; record twirling type, randomization count, and any default options.",,,Populate circuit_artifact_path/circuit_sha256/job_id after actual circuit build/submission.
zz4_H2_zz4_pair_0258,zz4_pair_0258,H2,sampler_pauli_or_gate_twirling,ibm_fez,F_quantum_4,zz4,ZZ4,4,4,Sampler,4096,15,18,off_diagonal,all_qubits_all_zero_probability_for_compute_uncompute_fidelity,ZZ4_compute_uncompute_kernel_pair_circuit,inventory_only_not_submitted,,,"Enable twirling only; record twirling type, randomization count, and any default options.",,,Populate circuit_artifact_path/circuit_sha256/job_id after actual circuit build/submission.
zz4_H2_zz4_pair_0259,zz4_pair_0259,H2,sampler_pauli_or_gate_twirling,ibm_fez,F_quantum_4,zz4,ZZ4,4,4,Sampler,4096,15,19,off_diagonal,all_qubits_all_zero_probability_for_compute_uncompute_fidelity,ZZ4_compute_uncompute_kernel_pair_circuit,inventory_only_not_submitted,,,"Enable twirling only; record twirling type, randomization count, and any default options.",,,Populate circuit_artifact_path/circuit_sha256/job_id after actual circuit build/submission.
zz4_H2_zz4_pair_0260,zz4_pair_0260,H2,sampler_pauli_or_gate_twirling,ibm_fez,F_quantum_4,zz4,ZZ4,4,4,Sampler,4096,15,20,off_diagonal,all_qubits_all_zero_probability_for_compute_uncompute_fidelity,ZZ4_compute_uncompute_kernel_pair_circuit,inventory_only_not_submitted,,,"Enable twirling only; record twirling type, randomization count, and any default options.",,,Populate circuit_artifact_path/circuit_sha256/job_id after actual circuit build/submission.
zz4_H2_zz4_pair_0261,zz4_pair_0261,H2,sampler_pauli_or_gate_twirling,ibm_fez,F_quantum_4,zz4,ZZ4,4,4,Sampler,4096,15,21,off_diagonal,all_qubits_all_zero_probability_for_compute_uncompute_fidelity,ZZ4_compute_uncompute_kernel_pair_circuit,inventory_only_not_submitted,,,"Enable twirling only; record twirling type, randomization count, and any default options.",,,Populate circuit_artifact_path/circuit_sha256/job_id after actual circuit build/submission.
zz4_H2_zz4_pair_0262,zz4_pair_0262,H2,sampler_pauli_or_gate_twirling,ibm_fez,F_quantum_4,zz4,ZZ4,4,4,Sampler,4096,15,22,off_diagonal,all_qubits_all_zero_probability_for_compute_uncompute_fidelity,ZZ4_compute_uncompute_kernel_pair_circuit,inventory_only_not_submitted,,,"Enable twirling only; record twirling type, randomization count, and any default options.",,,Populate circuit_artifact_path/circuit_sha256/job_id after actual circuit build/submission.
zz4_H2_zz4_pair_0263,zz4_pair_0263,H2,sampler_pauli_or_gate_twirling,ibm_fez,F_quantum_4,zz4,ZZ4,4,4,Sampler,4096,15,23,off_diagonal,all_qubits_all_zero_probability_for_compute_uncompute_fidelity,ZZ4_compute_uncompute_kernel_pair_circuit,inventory_only_not_submitted,,,"Enable twirling only; record twirling type, randomization count, and any default options.",,,Populate circuit_artifact_path/circuit_sha256/job_id after actual circuit build/submission.
zz4_H2_zz4_pair_0264,zz4_pair_0264,H2,sampler_pauli_or_gate_twirling,ibm_fez,F_quantum_4,zz4,ZZ4,4,4,Sampler,4096,16,16,diagonal,all_qubits_all_zero_probability_for_compute_uncompute_fidelity,ZZ4_compute_uncompute_kernel_pair_circuit,inventory_only_not_submitted,,,"Enable twirling only; record twirling type, randomization count, and any default options.",,,Populate circuit_artifact_path/circuit_sha256/job_id after actual circuit build/submission.
zz4_H2_zz4_pair_0265,zz4_pair_0265,H2,sampler_pauli_or_gate_twirling,ibm_fez,F_quantum_4,zz4,ZZ4,4,4,Sampler,4096,16,17,off_diagonal,all_qubits_all_zero_probability_for_compute_uncompute_fidelity,ZZ4_compute_uncompute_kernel_pair_circuit,inventory_only_not_submitted,,,"Enable twirling only; record twirling type, randomization count, and any default options.",,,Populate circuit_artifact_path/circuit_sha256/job_id after actual circuit build/submission.
zz4_H2_zz4_pair_0266,zz4_pair_0266,H2,sampler_pauli_or_gate_twirling,ibm_fez,F_quantum_4,zz4,ZZ4,4,4,Sampler,4096,16,18,off_diagonal,all_qubits_all_zero_probability_for_compute_uncompute_fidelity,ZZ4_compute_uncompute_kernel_pair_circuit,inventory_only_not_submitted,,,"Enable twirling only; record twirling type, randomization count, and any default options.",,,Populate circuit_artifact_path/circuit_sha256/job_id after actual circuit build/submission.
zz4_H2_zz4_pair_0267,zz4_pair_0267,H2,sampler_pauli_or_gate_twirling,ibm_fez,F_quantum_4,zz4,ZZ4,4,4,Sampler,4096,16,19,off_diagonal,all_qubits_all_zero_probability_for_compute_uncompute_fidelity,ZZ4_compute_uncompute_kernel_pair_circuit,inventory_only_not_submitted,,,"Enable twirling only; record twirling type, randomization count, and any default options.",,,Populate circuit_artifact_path/circuit_sha256/job_id after actual circuit build/submission.
zz4_H2_zz4_pair_0268,zz4_pair_0268,H2,sampler_pauli_or_gate_twirling,ibm_fez,F_quantum_4,zz4,ZZ4,4,4,Sampler,4096,16,20,off_diagonal,all_qubits_all_zero_probability_for_compute_uncompute_fidelity,ZZ4_compute_uncompute_kernel_pair_circuit,inventory_only_not_submitted,,,"Enable twirling only; record twirling type, randomization count, and any default options.",,,Populate circuit_artifact_path/circuit_sha256/job_id after actual circuit build/submission.
zz4_H2_zz4_pair_0269,zz4_pair_0269,H2,sampler_pauli_or_gate_twirling,ibm_fez,F_quantum_4,zz4,ZZ4,4,4,Sampler,4096,16,21,off_diagonal,all_qubits_all_zero_probability_for_compute_uncompute_fidelity,ZZ4_compute_uncompute_kernel_pair_circuit,inventory_only_not_submitted,,,"Enable twirling only; record twirling type, randomization count, and any default options.",,,Populate circuit_artifact_path/circuit_sha256/job_id after actual circuit build/submission.
zz4_H2_zz4_pair_0270,zz4_pair_0270,H2,sampler_pauli_or_gate_twirling,ibm_fez,F_quantum_4,zz4,ZZ4,4,4,Sampler,4096,16,22,off_diagonal,all_qubits_all_zero_probability_for_compute_uncompute_fidelity,ZZ4_compute_uncompute_kernel_pair_circuit,inventory_only_not_submitted,,,"Enable twirling only; record twirling type, randomization count, and any default options.",,,Populate circuit_artifact_path/circuit_sha256/job_id after actual circuit build/submission.
zz4_H2_zz4_pair_0271,zz4_pair_0271,H2,sampler_pauli_or_gate_twirling,ibm_fez,F_quantum_4,zz4,ZZ4,4,4,Sampler,4096,16,23,off_diagonal,all_qubits_all_zero_probability_for_compute_uncompute_fidelity,ZZ4_compute_uncompute_kernel_pair_circuit,inventory_only_not_submitted,,,"Enable twirling only; record twirling type, randomization count, and any default options.",,,Populate circuit_artifact_path/circuit_sha256/job_id after actual circuit build/submission.
zz4_H2_zz4_pair_0272,zz4_pair_0272,H2,sampler_pauli_or_gate_twirling,ibm_fez,F_quantum_4,zz4,ZZ4,4,4,Sampler,4096,17,17,diagonal,all_qubits_all_zero_probability_for_compute_uncompute_fidelity,ZZ4_compute_uncompute_kernel_pair_circuit,inventory_only_not_submitted,,,"Enable twirling only; record twirling type, randomization count, and any default options.",,,Populate circuit_artifact_path/circuit_sha256/job_id after actual circuit build/submission.
zz4_H2_zz4_pair_0273,zz4_pair_0273,H2,sampler_pauli_or_gate_twirling,ibm_fez,F_quantum_4,zz4,ZZ4,4,4,Sampler,4096,17,18,off_diagonal,all_qubits_all_zero_probability_for_compute_uncompute_fidelity,ZZ4_compute_uncompute_kernel_pair_circuit,inventory_only_not_submitted,,,"Enable twirling only; record twirling type, randomization count, and any default options.",,,Populate circuit_artifact_path/circuit_sha256/job_id after actual circuit build/submission.
zz4_H2_zz4_pair_0274,zz4_pair_0274,H2,sampler_pauli_or_gate_twirling,ibm_fez,F_quantum_4,zz4,ZZ4,4,4,Sampler,4096,17,19,off_diagonal,all_qubits_all_zero_probability_for_compute_uncompute_fidelity,ZZ4_compute_uncompute_kernel_pair_circuit,inventory_only_not_submitted,,,"Enable twirling only; record twirling type, randomization count, and any default options.",,,Populate circuit_artifact_path/circuit_sha256/job_id after actual circuit build/submission.
zz4_H2_zz4_pair_0275,zz4_pair_0275,H2,sampler_pauli_or_gate_twirling,ibm_fez,F_quantum_4,zz4,ZZ4,4,4,Sampler,4096,17,20,off_diagonal,all_qubits_all_zero_probability_for_compute_uncompute_fidelity,ZZ4_compute_uncompute_kernel_pair_circuit,inventory_only_not_submitted,,,"Enable twirling only; record twirling type, randomization count, and any default options.",,,Populate circuit_artifact_path/circuit_sha256/job_id after actual circuit build/submission.
zz4_H2_zz4_pair_0276,zz4_pair_0276,H2,sampler_pauli_or_gate_twirling,ibm_fez,F_quantum_4,zz4,ZZ4,4,4,Sampler,4096,17,21,off_diagonal,all_qubits_all_zero_probability_for_compute_uncompute_fidelity,ZZ4_compute_uncompute_kernel_pair_circuit,inventory_only_not_submitted,,,"Enable twirling only; record twirling type, randomization count, and any default options.",,,Populate circuit_artifact_path/circuit_sha256/job_id after actual circuit build/submission.
zz4_H2_zz4_pair_0277,zz4_pair_0277,H2,sampler_pauli_or_gate_twirling,ibm_fez,F_quantum_4,zz4,ZZ4,4,4,Sampler,4096,17,22,off_diagonal,all_qubits_all_zero_probability_for_compute_uncompute_fidelity,ZZ4_compute_uncompute_kernel_pair_circuit,inventory_only_not_submitted,,,"Enable twirling only; record twirling type, randomization count, and any default options.",,,Populate circuit_artifact_path/circuit_sha256/job_id after actual circuit build/submission.
zz4_H2_zz4_pair_0278,zz4_pair_0278,H2,sampler_pauli_or_gate_twirling,ibm_fez,F_quantum_4,zz4,ZZ4,4,4,Sampler,4096,17,23,off_diagonal,all_qubits_all_zero_probability_for_compute_uncompute_fidelity,ZZ4_compute_uncompute_kernel_pair_circuit,inventory_only_not_submitted,,,"Enable twirling only; record twirling type, randomization count, and any default options.",,,Populate circuit_artifact_path/circuit_sha256/job_id after actual circuit build/submission.
zz4_H2_zz4_pair_0279,zz4_pair_0279,H2,sampler_pauli_or_gate_twirling,ibm_fez,F_quantum_4,zz4,ZZ4,4,4,Sampler,4096,18,18,diagonal,all_qubits_all_zero_probability_for_compute_uncompute_fidelity,ZZ4_compute_uncompute_kernel_pair_circuit,inventory_only_not_submitted,,,"Enable twirling only; record twirling type, randomization count, and any default options.",,,Populate circuit_artifact_path/circuit_sha256/job_id after actual circuit build/submission.
zz4_H2_zz4_pair_0280,zz4_pair_0280,H2,sampler_pauli_or_gate_twirling,ibm_fez,F_quantum_4,zz4,ZZ4,4,4,Sampler,4096,18,19,off_diagonal,all_qubits_all_zero_probability_for_compute_uncompute_fidelity,ZZ4_compute_uncompute_kernel_pair_circuit,inventory_only_not_submitted,,,"Enable twirling only; record twirling type, randomization count, and any default options.",,,Populate circuit_artifact_path/circuit_sha256/job_id after actual circuit build/submission.
zz4_H2_zz4_pair_0281,zz4_pair_0281,H2,sampler_pauli_or_gate_twirling,ibm_fez,F_quantum_4,zz4,ZZ4,4,4,Sampler,4096,18,20,off_diagonal,all_qubits_all_zero_probability_for_compute_uncompute_fidelity,ZZ4_compute_uncompute_kernel_pair_circuit,inventory_only_not_submitted,,,"Enable twirling only; record twirling type, randomization count, and any default options.",,,Populate circuit_artifact_path/circuit_sha256/job_id after actual circuit build/submission.
zz4_H2_zz4_pair_0282,zz4_pair_0282,H2,sampler_pauli_or_gate_twirling,ibm_fez,F_quantum_4,zz4,ZZ4,4,4,Sampler,4096,18,21,off_diagonal,all_qubits_all_zero_probability_for_compute_uncompute_fidelity,ZZ4_compute_uncompute_kernel_pair_circuit,inventory_only_not_submitted,,,"Enable twirling only; record twirling type, randomization count, and any default options.",,,Populate circuit_artifact_path/circuit_sha256/job_id after actual circuit build/submission.
zz4_H2_zz4_pair_0283,zz4_pair_0283,H2,sampler_pauli_or_gate_twirling,ibm_fez,F_quantum_4,zz4,ZZ4,4,4,Sampler,4096,18,22,off_diagonal,all_qubits_all_zero_probability_for_compute_uncompute_fidelity,ZZ4_compute_uncompute_kernel_pair_circuit,inventory_only_not_submitted,,,"Enable twirling only; record twirling type, randomization count, and any default options.",,,Populate circuit_artifact_path/circuit_sha256/job_id after actual circuit build/submission.
zz4_H2_zz4_pair_0284,zz4_pair_0284,H2,sampler_pauli_or_gate_twirling,ibm_fez,F_quantum_4,zz4,ZZ4,4,4,Sampler,4096,18,23,off_diagonal,all_qubits_all_zero_probability_for_compute_uncompute_fidelity,ZZ4_compute_uncompute_kernel_pair_circuit,inventory_only_not_submitted,,,"Enable twirling only; record twirling type, randomization count, and any default options.",,,Populate circuit_artifact_path/circuit_sha256/job_id after actual circuit build/submission.
zz4_H2_zz4_pair_0285,zz4_pair_0285,H2,sampler_pauli_or_gate_twirling,ibm_fez,F_quantum_4,zz4,ZZ4,4,4,Sampler,4096,19,19,diagonal,all_qubits_all_zero_probability_for_compute_uncompute_fidelity,ZZ4_compute_uncompute_kernel_pair_circuit,inventory_only_not_submitted,,,"Enable twirling only; record twirling type, randomization count, and any default options.",,,Populate circuit_artifact_path/circuit_sha256/job_id after actual circuit build/submission.
zz4_H2_zz4_pair_0286,zz4_pair_0286,H2,sampler_pauli_or_gate_twirling,ibm_fez,F_quantum_4,zz4,ZZ4,4,4,Sampler,4096,19,20,off_diagonal,all_qubits_all_zero_probability_for_compute_uncompute_fidelity,ZZ4_compute_uncompute_kernel_pair_circuit,inventory_only_not_submitted,,,"Enable twirling only; record twirling type, randomization count, and any default options.",,,Populate circuit_artifact_path/circuit_sha256/job_id after actual circuit build/submission.
zz4_H2_zz4_pair_0287,zz4_pair_0287,H2,sampler_pauli_or_gate_twirling,ibm_fez,F_quantum_4,zz4,ZZ4,4,4,Sampler,4096,19,21,off_diagonal,all_qubits_all_zero_probability_for_compute_uncompute_fidelity,ZZ4_compute_uncompute_kernel_pair_circuit,inventory_only_not_submitted,,,"Enable twirling only; record twirling type, randomization count, and any default options.",,,Populate circuit_artifact_path/circuit_sha256/job_id after actual circuit build/submission.
zz4_H2_zz4_pair_0288,zz4_pair_0288,H2,sampler_pauli_or_gate_twirling,ibm_fez,F_quantum_4,zz4,ZZ4,4,4,Sampler,4096,19,22,off_diagonal,all_qubits_all_zero_probability_for_compute_uncompute_fidelity,ZZ4_compute_uncompute_kernel_pair_circuit,inventory_only_not_submitted,,,"Enable twirling only; record twirling type, randomization count, and any default options.",,,Populate circuit_artifact_path/circuit_sha256/job_id after actual circuit build/submission.
zz4_H2_zz4_pair_0289,zz4_pair_0289,H2,sampler_pauli_or_gate_twirling,ibm_fez,F_quantum_4,zz4,ZZ4,4,4,Sampler,4096,19,23,off_diagonal,all_qubits_all_zero_probability_for_compute_uncompute_fidelity,ZZ4_compute_uncompute_kernel_pair_circuit,inventory_only_not_submitted,,,"Enable twirling only; record twirling type, randomization count, and any default options.",,,Populate circuit_artifact_path/circuit_sha256/job_id after actual circuit build/submission.
zz4_H2_zz4_pair_0290,zz4_pair_0290,H2,sampler_pauli_or_gate_twirling,ibm_fez,F_quantum_4,zz4,ZZ4,4,4,Sampler,4096,20,20,diagonal,all_qubits_all_zero_probability_for_compute_uncompute_fidelity,ZZ4_compute_uncompute_kernel_pair_circuit,inventory_only_not_submitted,,,"Enable twirling only; record twirling type, randomization count, and any default options.",,,Populate circuit_artifact_path/circuit_sha256/job_id after actual circuit build/submission.
zz4_H2_zz4_pair_0291,zz4_pair_0291,H2,sampler_pauli_or_gate_twirling,ibm_fez,F_quantum_4,zz4,ZZ4,4,4,Sampler,4096,20,21,off_diagonal,all_qubits_all_zero_probability_for_compute_uncompute_fidelity,ZZ4_compute_uncompute_kernel_pair_circuit,inventory_only_not_submitted,,,"Enable twirling only; record twirling type, randomization count, and any default options.",,,Populate circuit_artifact_path/circuit_sha256/job_id after actual circuit build/submission.
zz4_H2_zz4_pair_0292,zz4_pair_0292,H2,sampler_pauli_or_gate_twirling,ibm_fez,F_quantum_4,zz4,ZZ4,4,4,Sampler,4096,20,22,off_diagonal,all_qubits_all_zero_probability_for_compute_uncompute_fidelity,ZZ4_compute_uncompute_kernel_pair_circuit,inventory_only_not_submitted,,,"Enable twirling only; record twirling type, randomization count, and any default options.",,,Populate circuit_artifact_path/circuit_sha256/job_id after actual circuit build/submission.
zz4_H2_zz4_pair_0293,zz4_pair_0293,H2,sampler_pauli_or_gate_twirling,ibm_fez,F_quantum_4,zz4,ZZ4,4,4,Sampler,4096,20,23,off_diagonal,all_qubits_all_zero_probability_for_compute_uncompute_fidelity,ZZ4_compute_uncompute_kernel_pair_circuit,inventory_only_not_submitted,,,"Enable twirling only; record twirling type, randomization count, and any default options.",,,Populate circuit_artifact_path/circuit_sha256/job_id after actual circuit build/submission.
zz4_H2_zz4_pair_0294,zz4_pair_0294,H2,sampler_pauli_or_gate_twirling,ibm_fez,F_quantum_4,zz4,ZZ4,4,4,Sampler,4096,21,21,diagonal,all_qubits_all_zero_probability_for_compute_uncompute_fidelity,ZZ4_compute_uncompute_kernel_pair_circuit,inventory_only_not_submitted,,,"Enable twirling only; record twirling type, randomization count, and any default options.",,,Populate circuit_artifact_path/circuit_sha256/job_id after actual circuit build/submission.
zz4_H2_zz4_pair_0295,zz4_pair_0295,H2,sampler_pauli_or_gate_twirling,ibm_fez,F_quantum_4,zz4,ZZ4,4,4,Sampler,4096,21,22,off_diagonal,all_qubits_all_zero_probability_for_compute_uncompute_fidelity,ZZ4_compute_uncompute_kernel_pair_circuit,inventory_only_not_submitted,,,"Enable twirling only; record twirling type, randomization count, and any default options.",,,Populate circuit_artifact_path/circuit_sha256/job_id after actual circuit build/submission.
zz4_H2_zz4_pair_0296,zz4_pair_0296,H2,sampler_pauli_or_gate_twirling,ibm_fez,F_quantum_4,zz4,ZZ4,4,4,Sampler,4096,21,23,off_diagonal,all_qubits_all_zero_probability_for_compute_uncompute_fidelity,ZZ4_compute_uncompute_kernel_pair_circuit,inventory_only_not_submitted,,,"Enable twirling only; record twirling type, randomization count, and any default options.",,,Populate circuit_artifact_path/circuit_sha256/job_id after actual circuit build/submission.
zz4_H2_zz4_pair_0297,zz4_pair_0297,H2,sampler_pauli_or_gate_twirling,ibm_fez,F_quantum_4,zz4,ZZ4,4,4,Sampler,4096,22,22,diagonal,all_qubits_all_zero_probability_for_compute_uncompute_fidelity,ZZ4_compute_uncompute_kernel_pair_circuit,inventory_only_not_submitted,,,"Enable twirling only; record twirling type, randomization count, and any default options.",,,Populate circuit_artifact_path/circuit_sha256/job_id after actual circuit build/submission.
zz4_H2_zz4_pair_0298,zz4_pair_0298,H2,sampler_pauli_or_gate_twirling,ibm_fez,F_quantum_4,zz4,ZZ4,4,4,Sampler,4096,22,23,off_diagonal,all_qubits_all_zero_probability_for_compute_uncompute_fidelity,ZZ4_compute_uncompute_kernel_pair_circuit,inventory_only_not_submitted,,,"Enable twirling only; record twirling type, randomization count, and any default options.",,,Populate circuit_artifact_path/circuit_sha256/job_id after actual circuit build/submission.
zz4_H2_zz4_pair_0299,zz4_pair_0299,H2,sampler_pauli_or_gate_twirling,ibm_fez,F_quantum_4,zz4,ZZ4,4,4,Sampler,4096,23,23,diagonal,all_qubits_all_zero_probability_for_compute_uncompute_fidelity,ZZ4_compute_uncompute_kernel_pair_circuit,inventory_only_not_submitted,,,"Enable twirling only; record twirling type, randomization count, and any default options.",,,Populate circuit_artifact_path/circuit_sha256/job_id after actual circuit build/submission.
