compile_order,circuit_inventory_id,pair_id,regime,depth,two_qubit_count,num_qubits,ops
0,zz4_H0_zz4_pair_0000,zz4_pair_0000,H0,1,0,156,"{'measure': 4, 'barrier': 1}"
1,zz4_H0_zz4_pair_0001,zz4_pair_0001,H0,102,22,156,"{'rz': 91, 'sx': 56, 'cz': 22, 'measure': 4, 'barrier': 1}"
2,zz4_H0_zz4_pair_0002,zz4_pair_0002,H0,70,14,156,"{'rz': 59, 'sx': 36, 'cz': 14, 'measure': 4, 'barrier': 1}"
3,zz4_H0_zz4_pair_0003,zz4_pair_0003,H0,102,22,156,"{'rz': 91, 'sx': 56, 'cz': 22, 'measure': 4, 'barrier': 1}"
4,zz4_H0_zz4_pair_0004,zz4_pair_0004,H0,102,22,156,"{'rz': 91, 'sx': 56, 'cz': 22, 'measure': 4, 'barrier': 1}"
5,zz4_H0_zz4_pair_0005,zz4_pair_0005,H0,102,22,156,"{'rz': 91, 'sx': 56, 'cz': 22, 'measure': 4, 'barrier': 1}"
6,zz4_H0_zz4_pair_0006,zz4_pair_0006,H0,102,22,156,"{'rz': 91, 'sx': 56, 'cz': 22, 'measure': 4, 'barrier': 1}"
7,zz4_H0_zz4_pair_0007,zz4_pair_0007,H0,102,22,156,"{'rz': 91, 'sx': 56, 'cz': 22, 'measure': 4, 'barrier': 1}"
8,zz4_H0_zz4_pair_0008,zz4_pair_0008,H0,102,22,156,"{'rz': 91, 'sx': 56, 'cz': 22, 'measure': 4, 'barrier': 1}"
9,zz4_H0_zz4_pair_0009,zz4_pair_0009,H0,102,22,156,"{'rz': 91, 'sx': 56, 'cz': 22, 'measure': 4, 'barrier': 1}"
10,zz4_H0_zz4_pair_0010,zz4_pair_0010,H0,102,22,156,"{'rz': 91, 'sx': 56, 'cz': 22, 'measure': 4, 'barrier': 1}"
11,zz4_H0_zz4_pair_0011,zz4_pair_0011,H0,102,22,156,"{'rz': 91, 'sx': 56, 'cz': 22, 'measure': 4, 'barrier': 1}"
12,zz4_H0_zz4_pair_0012,zz4_pair_0012,H0,102,22,156,"{'rz': 91, 'sx': 56, 'cz': 22, 'measure': 4, 'barrier': 1}"
13,zz4_H0_zz4_pair_0013,zz4_pair_0013,H0,102,22,156,"{'rz': 91, 'sx': 56, 'cz': 22, 'measure': 4, 'barrier': 1}"
14,zz4_H0_zz4_pair_0014,zz4_pair_0014,H0,102,22,156,"{'rz': 91, 'sx': 56, 'cz': 22, 'measure': 4, 'barrier': 1}"
15,zz4_H0_zz4_pair_0015,zz4_pair_0015,H0,102,22,156,"{'rz': 91, 'sx': 56, 'cz': 22, 'measure': 4, 'barrier': 1}"
16,zz4_H0_zz4_pair_0016,zz4_pair_0016,H0,102,22,156,"{'rz': 91, 'sx': 56, 'cz': 22, 'measure': 4, 'barrier': 1}"
17,zz4_H0_zz4_pair_0017,zz4_pair_0017,H0,102,22,156,"{'rz': 91, 'sx': 56, 'cz': 22, 'measure': 4, 'barrier': 1}"
18,zz4_H0_zz4_pair_0018,zz4_pair_0018,H0,102,22,156,"{'rz': 91, 'sx': 56, 'cz': 22, 'measure': 4, 'barrier': 1}"
19,zz4_H0_zz4_pair_0019,zz4_pair_0019,H0,102,22,156,"{'rz': 91, 'sx': 56, 'cz': 22, 'measure': 4, 'barrier': 1}"
20,zz4_H0_zz4_pair_0020,zz4_pair_0020,H0,102,22,156,"{'rz': 91, 'sx': 56, 'cz': 22, 'measure': 4, 'barrier': 1}"
21,zz4_H0_zz4_pair_0021,zz4_pair_0021,H0,102,22,156,"{'rz': 91, 'sx': 56, 'cz': 22, 'measure': 4, 'barrier': 1}"
22,zz4_H0_zz4_pair_0022,zz4_pair_0022,H0,102,22,156,"{'rz': 91, 'sx': 56, 'cz': 22, 'measure': 4, 'barrier': 1}"
23,zz4_H0_zz4_pair_0023,zz4_pair_0023,H0,102,22,156,"{'rz': 91, 'sx': 56, 'cz': 22, 'measure': 4, 'barrier': 1}"
24,zz4_H0_zz4_pair_0024,zz4_pair_0024,H0,1,0,156,"{'measure': 4, 'barrier': 1}"
25,zz4_H0_zz4_pair_0025,zz4_pair_0025,H0,70,14,156,"{'rz': 59, 'sx': 36, 'cz': 14, 'measure': 4, 'barrier': 1}"
26,zz4_H0_zz4_pair_0026,zz4_pair_0026,H0,102,22,156,"{'rz': 91, 'sx': 56, 'cz': 22, 'measure': 4, 'barrier': 1}"
27,zz4_H0_zz4_pair_0027,zz4_pair_0027,H0,102,22,156,"{'rz': 91, 'sx': 56, 'cz': 22, 'measure': 4, 'barrier': 1}"
28,zz4_H0_zz4_pair_0028,zz4_pair_0028,H0,102,22,156,"{'rz': 91, 'sx': 56, 'cz': 22, 'measure': 4, 'barrier': 1}"
29,zz4_H0_zz4_pair_0029,zz4_pair_0029,H0,102,22,156,"{'rz': 91, 'sx': 56, 'cz': 22, 'measure': 4, 'barrier': 1}"
30,zz4_H0_zz4_pair_0030,zz4_pair_0030,H0,102,22,156,"{'rz': 91, 'sx': 56, 'cz': 22, 'measure': 4, 'barrier': 1}"
31,zz4_H0_zz4_pair_0031,zz4_pair_0031,H0,102,22,156,"{'rz': 91, 'sx': 56, 'cz': 22, 'measure': 4, 'barrier': 1}"
32,zz4_H0_zz4_pair_0032,zz4_pair_0032,H0,102,22,156,"{'rz': 91, 'sx': 56, 'cz': 22, 'measure': 4, 'barrier': 1}"
33,zz4_H0_zz4_pair_0033,zz4_pair_0033,H0,102,22,156,"{'rz': 91, 'sx': 56, 'cz': 22, 'measure': 4, 'barrier': 1}"
34,zz4_H0_zz4_pair_0034,zz4_pair_0034,H0,102,22,156,"{'rz': 91, 'sx': 56, 'cz': 22, 'measure': 4, 'barrier': 1}"
35,zz4_H0_zz4_pair_0035,zz4_pair_0035,H0,102,22,156,"{'rz': 91, 'sx': 56, 'cz': 22, 'measure': 4, 'barrier': 1}"
36,zz4_H0_zz4_pair_0036,zz4_pair_0036,H0,102,22,156,"{'rz': 91, 'sx': 56, 'cz': 22, 'measure': 4, 'barrier': 1}"
37,zz4_H0_zz4_pair_0037,zz4_pair_0037,H0,102,22,156,"{'rz': 91, 'sx': 56, 'cz': 22, 'measure': 4, 'barrier': 1}"
38,zz4_H0_zz4_pair_0038,zz4_pair_0038,H0,102,22,156,"{'rz': 91, 'sx': 56, 'cz': 22, 'measure': 4, 'barrier': 1}"
39,zz4_H0_zz4_pair_0039,zz4_pair_0039,H0,102,22,156,"{'rz': 91, 'sx': 56, 'cz': 22, 'measure': 4, 'barrier': 1}"
40,zz4_H0_zz4_pair_0040,zz4_pair_0040,H0,102,22,156,"{'rz': 91, 'sx': 56, 'cz': 22, 'measure': 4, 'barrier': 1}"
41,zz4_H0_zz4_pair_0041,zz4_pair_0041,H0,102,22,156,"{'rz': 91, 'sx': 56, 'cz': 22, 'measure': 4, 'barrier': 1}"
42,zz4_H0_zz4_pair_0042,zz4_pair_0042,H0,102,22,156,"{'rz': 91, 'sx': 56, 'cz': 22, 'measure': 4, 'barrier': 1}"
43,zz4_H0_zz4_pair_0043,zz4_pair_0043,H0,102,22,156,"{'rz': 91, 'sx': 56, 'cz': 22, 'measure': 4, 'barrier': 1}"
44,zz4_H0_zz4_pair_0044,zz4_pair_0044,H0,102,22,156,"{'rz': 91, 'sx': 56, 'cz': 22, 'measure': 4, 'barrier': 1}"
45,zz4_H0_zz4_pair_0045,zz4_pair_0045,H0,102,22,156,"{'rz': 91, 'sx': 56, 'cz': 22, 'measure': 4, 'barrier': 1}"
46,zz4_H0_zz4_pair_0046,zz4_pair_0046,H0,102,22,156,"{'rz': 91, 'sx': 56, 'cz': 22, 'measure': 4, 'barrier': 1}"
47,zz4_H0_zz4_pair_0047,zz4_pair_0047,H0,1,0,156,"{'measure': 4, 'barrier': 1}"
48,zz4_H0_zz4_pair_0048,zz4_pair_0048,H0,70,14,156,"{'rz': 59, 'sx': 36, 'cz': 14, 'measure': 4, 'barrier': 1}"
49,zz4_H0_zz4_pair_0049,zz4_pair_0049,H0,70,14,156,"{'rz': 59, 'sx': 36, 'cz': 14, 'measure': 4, 'barrier': 1}"
50,zz4_H0_zz4_pair_0050,zz4_pair_0050,H0,70,14,156,"{'rz': 59, 'sx': 36, 'cz': 14, 'measure': 4, 'barrier': 1}"
51,zz4_H0_zz4_pair_0051,zz4_pair_0051,H0,70,14,156,"{'rz': 59, 'sx': 36, 'cz': 14, 'measure': 4, 'barrier': 1}"
52,zz4_H0_zz4_pair_0052,zz4_pair_0052,H0,70,14,156,"{'rz': 59, 'sx': 36, 'cz': 14, 'measure': 4, 'barrier': 1}"
53,zz4_H0_zz4_pair_0053,zz4_pair_0053,H0,70,14,156,"{'rz': 59, 'sx': 36, 'cz': 14, 'measure': 4, 'barrier': 1}"
54,zz4_H0_zz4_pair_0054,zz4_pair_0054,H0,70,14,156,"{'rz': 59, 'sx': 36, 'cz': 14, 'measure': 4, 'barrier': 1}"
55,zz4_H0_zz4_pair_0055,zz4_pair_0055,H0,70,14,156,"{'rz': 59, 'sx': 36, 'cz': 14, 'measure': 4, 'barrier': 1}"
56,zz4_H0_zz4_pair_0056,zz4_pair_0056,H0,70,14,156,"{'rz': 59, 'sx': 36, 'cz': 14, 'measure': 4, 'barrier': 1}"
57,zz4_H0_zz4_pair_0057,zz4_pair_0057,H0,70,14,156,"{'rz': 59, 'sx': 36, 'cz': 14, 'measure': 4, 'barrier': 1}"
58,zz4_H0_zz4_pair_0058,zz4_pair_0058,H0,70,14,156,"{'rz': 59, 'sx': 36, 'cz': 14, 'measure': 4, 'barrier': 1}"
59,zz4_H0_zz4_pair_0059,zz4_pair_0059,H0,70,14,156,"{'rz': 59, 'sx': 36, 'cz': 14, 'measure': 4, 'barrier': 1}"
60,zz4_H0_zz4_pair_0060,zz4_pair_0060,H0,70,14,156,"{'rz': 59, 'sx': 36, 'cz': 14, 'measure': 4, 'barrier': 1}"
61,zz4_H0_zz4_pair_0061,zz4_pair_0061,H0,70,14,156,"{'rz': 59, 'sx': 36, 'cz': 14, 'measure': 4, 'barrier': 1}"
62,zz4_H0_zz4_pair_0062,zz4_pair_0062,H0,70,14,156,"{'rz': 59, 'sx': 36, 'cz': 14, 'measure': 4, 'barrier': 1}"
63,zz4_H0_zz4_pair_0063,zz4_pair_0063,H0,70,14,156,"{'rz': 59, 'sx': 36, 'cz': 14, 'measure': 4, 'barrier': 1}"
64,zz4_H0_zz4_pair_0064,zz4_pair_0064,H0,70,14,156,"{'rz': 59, 'sx': 36, 'cz': 14, 'measure': 4, 'barrier': 1}"
65,zz4_H0_zz4_pair_0065,zz4_pair_0065,H0,70,14,156,"{'rz': 59, 'sx': 36, 'cz': 14, 'measure': 4, 'barrier': 1}"
66,zz4_H0_zz4_pair_0066,zz4_pair_0066,H0,70,14,156,"{'rz': 59, 'sx': 36, 'cz': 14, 'measure': 4, 'barrier': 1}"
67,zz4_H0_zz4_pair_0067,zz4_pair_0067,H0,70,14,156,"{'rz': 59, 'sx': 36, 'cz': 14, 'measure': 4, 'barrier': 1}"
68,zz4_H0_zz4_pair_0068,zz4_pair_0068,H0,70,14,156,"{'rz': 59, 'sx': 36, 'cz': 14, 'measure': 4, 'barrier': 1}"
69,zz4_H0_zz4_pair_0069,zz4_pair_0069,H0,1,0,156,"{'measure': 4, 'barrier': 1}"
70,zz4_H0_zz4_pair_0070,zz4_pair_0070,H0,102,22,156,"{'rz': 91, 'sx': 56, 'cz': 22, 'measure': 4, 'barrier': 1}"
71,zz4_H0_zz4_pair_0071,zz4_pair_0071,H0,102,22,156,"{'rz': 91, 'sx': 56, 'cz': 22, 'measure': 4, 'barrier': 1}"
72,zz4_H0_zz4_pair_0072,zz4_pair_0072,H0,102,22,156,"{'rz': 91, 'sx': 56, 'cz': 22, 'measure': 4, 'barrier': 1}"
73,zz4_H0_zz4_pair_0073,zz4_pair_0073,H0,102,22,156,"{'rz': 91, 'sx': 56, 'cz': 22, 'measure': 4, 'barrier': 1}"
74,zz4_H0_zz4_pair_0074,zz4_pair_0074,H0,102,22,156,"{'rz': 91, 'sx': 56, 'cz': 22, 'measure': 4, 'barrier': 1}"
75,zz4_H0_zz4_pair_0075,zz4_pair_0075,H0,102,22,156,"{'rz': 91, 'sx': 56, 'cz': 22, 'measure': 4, 'barrier': 1}"
76,zz4_H0_zz4_pair_0076,zz4_pair_0076,H0,102,22,156,"{'rz': 91, 'sx': 56, 'cz': 22, 'measure': 4, 'barrier': 1}"
77,zz4_H0_zz4_pair_0077,zz4_pair_0077,H0,102,22,156,"{'rz': 91, 'sx': 56, 'cz': 22, 'measure': 4, 'barrier': 1}"
78,zz4_H0_zz4_pair_0078,zz4_pair_0078,H0,102,22,156,"{'rz': 91, 'sx': 56, 'cz': 22, 'measure': 4, 'barrier': 1}"
79,zz4_H0_zz4_pair_0079,zz4_pair_0079,H0,102,22,156,"{'rz': 91, 'sx': 56, 'cz': 22, 'measure': 4, 'barrier': 1}"
80,zz4_H0_zz4_pair_0080,zz4_pair_0080,H0,102,22,156,"{'rz': 91, 'sx': 56, 'cz': 22, 'measure': 4, 'barrier': 1}"
81,zz4_H0_zz4_pair_0081,zz4_pair_0081,H0,102,22,156,"{'rz': 91, 'sx': 56, 'cz': 22, 'measure': 4, 'barrier': 1}"
82,zz4_H0_zz4_pair_0082,zz4_pair_0082,H0,102,22,156,"{'rz': 91, 'sx': 56, 'cz': 22, 'measure': 4, 'barrier': 1}"
83,zz4_H0_zz4_pair_0083,zz4_pair_0083,H0,102,22,156,"{'rz': 91, 'sx': 56, 'cz': 22, 'measure': 4, 'barrier': 1}"
84,zz4_H0_zz4_pair_0084,zz4_pair_0084,H0,102,22,156,"{'rz': 91, 'sx': 56, 'cz': 22, 'measure': 4, 'barrier': 1}"
85,zz4_H0_zz4_pair_0085,zz4_pair_0085,H0,102,22,156,"{'rz': 91, 'sx': 56, 'cz': 22, 'measure': 4, 'barrier': 1}"
86,zz4_H0_zz4_pair_0086,zz4_pair_0086,H0,102,22,156,"{'rz': 91, 'sx': 56, 'cz': 22, 'measure': 4, 'barrier': 1}"
87,zz4_H0_zz4_pair_0087,zz4_pair_0087,H0,102,22,156,"{'rz': 91, 'sx': 56, 'cz': 22, 'measure': 4, 'barrier': 1}"
88,zz4_H0_zz4_pair_0088,zz4_pair_0088,H0,102,22,156,"{'rz': 91, 'sx': 56, 'cz': 22, 'measure': 4, 'barrier': 1}"
89,zz4_H0_zz4_pair_0089,zz4_pair_0089,H0,102,22,156,"{'rz': 91, 'sx': 56, 'cz': 22, 'measure': 4, 'barrier': 1}"
90,zz4_H0_zz4_pair_0090,zz4_pair_0090,H0,1,0,156,"{'measure': 4, 'barrier': 1}"
91,zz4_H0_zz4_pair_0091,zz4_pair_0091,H0,82,18,156,"{'rz': 77, 'sx': 48, 'cz': 18, 'measure': 4, 'barrier': 1}"
92,zz4_H0_zz4_pair_0092,zz4_pair_0092,H0,102,22,156,"{'rz': 91, 'sx': 56, 'cz': 22, 'measure': 4, 'barrier': 1}"
93,zz4_H0_zz4_pair_0093,zz4_pair_0093,H0,102,22,156,"{'rz': 91, 'sx': 56, 'cz': 22, 'measure': 4, 'barrier': 1}"
94,zz4_H0_zz4_pair_0094,zz4_pair_0094,H0,102,22,156,"{'rz': 91, 'sx': 56, 'cz': 22, 'measure': 4, 'barrier': 1}"
95,zz4_H0_zz4_pair_0095,zz4_pair_0095,H0,102,22,156,"{'rz': 91, 'sx': 56, 'cz': 22, 'measure': 4, 'barrier': 1}"
96,zz4_H0_zz4_pair_0096,zz4_pair_0096,H0,102,22,156,"{'rz': 91, 'sx': 56, 'cz': 22, 'measure': 4, 'barrier': 1}"
97,zz4_H0_zz4_pair_0097,zz4_pair_0097,H0,102,22,156,"{'rz': 91, 'sx': 56, 'cz': 22, 'measure': 4, 'barrier': 1}"
98,zz4_H0_zz4_pair_0098,zz4_pair_0098,H0,102,22,156,"{'rz': 91, 'sx': 56, 'cz': 22, 'measure': 4, 'barrier': 1}"
99,zz4_H0_zz4_pair_0099,zz4_pair_0099,H0,102,22,156,"{'rz': 91, 'sx': 56, 'cz': 22, 'measure': 4, 'barrier': 1}"
100,zz4_H0_zz4_pair_0100,zz4_pair_0100,H0,102,22,156,"{'rz': 91, 'sx': 56, 'cz': 22, 'measure': 4, 'barrier': 1}"
101,zz4_H0_zz4_pair_0101,zz4_pair_0101,H0,102,22,156,"{'rz': 91, 'sx': 56, 'cz': 22, 'measure': 4, 'barrier': 1}"
102,zz4_H0_zz4_pair_0102,zz4_pair_0102,H0,102,22,156,"{'rz': 91, 'sx': 56, 'cz': 22, 'measure': 4, 'barrier': 1}"
103,zz4_H0_zz4_pair_0103,zz4_pair_0103,H0,102,22,156,"{'rz': 91, 'sx': 56, 'cz': 22, 'measure': 4, 'barrier': 1}"
104,zz4_H0_zz4_pair_0104,zz4_pair_0104,H0,102,22,156,"{'rz': 91, 'sx': 56, 'cz': 22, 'measure': 4, 'barrier': 1}"
105,zz4_H0_zz4_pair_0105,zz4_pair_0105,H0,102,22,156,"{'rz': 91, 'sx': 56, 'cz': 22, 'measure': 4, 'barrier': 1}"
106,zz4_H0_zz4_pair_0106,zz4_pair_0106,H0,102,22,156,"{'rz': 91, 'sx': 56, 'cz': 22, 'measure': 4, 'barrier': 1}"
107,zz4_H0_zz4_pair_0107,zz4_pair_0107,H0,102,22,156,"{'rz': 91, 'sx': 56, 'cz': 22, 'measure': 4, 'barrier': 1}"
108,zz4_H0_zz4_pair_0108,zz4_pair_0108,H0,102,22,156,"{'rz': 91, 'sx': 56, 'cz': 22, 'measure': 4, 'barrier': 1}"
109,zz4_H0_zz4_pair_0109,zz4_pair_0109,H0,102,22,156,"{'rz': 91, 'sx': 56, 'cz': 22, 'measure': 4, 'barrier': 1}"
110,zz4_H0_zz4_pair_0110,zz4_pair_0110,H0,1,0,156,"{'measure': 4, 'barrier': 1}"
111,zz4_H0_zz4_pair_0111,zz4_pair_0111,H0,102,22,156,"{'rz': 91, 'sx': 56, 'cz': 22, 'measure': 4, 'barrier': 1}"
112,zz4_H0_zz4_pair_0112,zz4_pair_0112,H0,102,22,156,"{'rz': 91, 'sx': 56, 'cz': 22, 'measure': 4, 'barrier': 1}"
113,zz4_H0_zz4_pair_0113,zz4_pair_0113,H0,102,22,156,"{'rz': 91, 'sx': 56, 'cz': 22, 'measure': 4, 'barrier': 1}"
114,zz4_H0_zz4_pair_0114,zz4_pair_0114,H0,102,22,156,"{'rz': 91, 'sx': 56, 'cz': 22, 'measure': 4, 'barrier': 1}"
115,zz4_H0_zz4_pair_0115,zz4_pair_0115,H0,102,22,156,"{'rz': 91, 'sx': 56, 'cz': 22, 'measure': 4, 'barrier': 1}"
116,zz4_H0_zz4_pair_0116,zz4_pair_0116,H0,102,22,156,"{'rz': 91, 'sx': 56, 'cz': 22, 'measure': 4, 'barrier': 1}"
117,zz4_H0_zz4_pair_0117,zz4_pair_0117,H0,102,22,156,"{'rz': 91, 'sx': 56, 'cz': 22, 'measure': 4, 'barrier': 1}"
118,zz4_H0_zz4_pair_0118,zz4_pair_0118,H0,102,22,156,"{'rz': 91, 'sx': 56, 'cz': 22, 'measure': 4, 'barrier': 1}"
119,zz4_H0_zz4_pair_0119,zz4_pair_0119,H0,102,22,156,"{'rz': 91, 'sx': 56, 'cz': 22, 'measure': 4, 'barrier': 1}"
120,zz4_H0_zz4_pair_0120,zz4_pair_0120,H0,102,22,156,"{'rz': 91, 'sx': 56, 'cz': 22, 'measure': 4, 'barrier': 1}"
121,zz4_H0_zz4_pair_0121,zz4_pair_0121,H0,102,22,156,"{'rz': 91, 'sx': 56, 'cz': 22, 'measure': 4, 'barrier': 1}"
122,zz4_H0_zz4_pair_0122,zz4_pair_0122,H0,102,22,156,"{'rz': 91, 'sx': 56, 'cz': 22, 'measure': 4, 'barrier': 1}"
123,zz4_H0_zz4_pair_0123,zz4_pair_0123,H0,102,22,156,"{'rz': 91, 'sx': 56, 'cz': 22, 'measure': 4, 'barrier': 1}"
124,zz4_H0_zz4_pair_0124,zz4_pair_0124,H0,102,22,156,"{'rz': 91, 'sx': 56, 'cz': 22, 'measure': 4, 'barrier': 1}"
125,zz4_H0_zz4_pair_0125,zz4_pair_0125,H0,102,22,156,"{'rz': 91, 'sx': 56, 'cz': 22, 'measure': 4, 'barrier': 1}"
126,zz4_H0_zz4_pair_0126,zz4_pair_0126,H0,102,22,156,"{'rz': 91, 'sx': 56, 'cz': 22, 'measure': 4, 'barrier': 1}"
127,zz4_H0_zz4_pair_0127,zz4_pair_0127,H0,102,22,156,"{'rz': 91, 'sx': 56, 'cz': 22, 'measure': 4, 'barrier': 1}"
128,zz4_H0_zz4_pair_0128,zz4_pair_0128,H0,102,22,156,"{'rz': 91, 'sx': 56, 'cz': 22, 'measure': 4, 'barrier': 1}"
129,zz4_H0_zz4_pair_0129,zz4_pair_0129,H0,1,0,156,"{'measure': 4, 'barrier': 1}"
130,zz4_H0_zz4_pair_0130,zz4_pair_0130,H0,102,22,156,"{'rz': 91, 'sx': 56, 'cz': 22, 'measure': 4, 'barrier': 1}"
131,zz4_H0_zz4_pair_0131,zz4_pair_0131,H0,102,22,156,"{'rz': 91, 'sx': 56, 'cz': 22, 'measure': 4, 'barrier': 1}"
132,zz4_H0_zz4_pair_0132,zz4_pair_0132,H0,102,22,156,"{'rz': 91, 'sx': 56, 'cz': 22, 'measure': 4, 'barrier': 1}"
133,zz4_H0_zz4_pair_0133,zz4_pair_0133,H0,102,22,156,"{'rz': 91, 'sx': 56, 'cz': 22, 'measure': 4, 'barrier': 1}"
134,zz4_H0_zz4_pair_0134,zz4_pair_0134,H0,102,22,156,"{'rz': 91, 'sx': 56, 'cz': 22, 'measure': 4, 'barrier': 1}"
135,zz4_H0_zz4_pair_0135,zz4_pair_0135,H0,102,22,156,"{'rz': 91, 'sx': 56, 'cz': 22, 'measure': 4, 'barrier': 1}"
136,zz4_H0_zz4_pair_0136,zz4_pair_0136,H0,102,22,156,"{'rz': 91, 'sx': 56, 'cz': 22, 'measure': 4, 'barrier': 1}"
137,zz4_H0_zz4_pair_0137,zz4_pair_0137,H0,102,22,156,"{'rz': 91, 'sx': 56, 'cz': 22, 'measure': 4, 'barrier': 1}"
138,zz4_H0_zz4_pair_0138,zz4_pair_0138,H0,102,22,156,"{'rz': 91, 'sx': 56, 'cz': 22, 'measure': 4, 'barrier': 1}"
139,zz4_H0_zz4_pair_0139,zz4_pair_0139,H0,102,22,156,"{'rz': 91, 'sx': 56, 'cz': 22, 'measure': 4, 'barrier': 1}"
140,zz4_H0_zz4_pair_0140,zz4_pair_0140,H0,102,22,156,"{'rz': 91, 'sx': 56, 'cz': 22, 'measure': 4, 'barrier': 1}"
141,zz4_H0_zz4_pair_0141,zz4_pair_0141,H0,102,22,156,"{'rz': 91, 'sx': 56, 'cz': 22, 'measure': 4, 'barrier': 1}"
142,zz4_H0_zz4_pair_0142,zz4_pair_0142,H0,102,22,156,"{'rz': 91, 'sx': 56, 'cz': 22, 'measure': 4, 'barrier': 1}"
143,zz4_H0_zz4_pair_0143,zz4_pair_0143,H0,102,22,156,"{'rz': 91, 'sx': 56, 'cz': 22, 'measure': 4, 'barrier': 1}"
144,zz4_H0_zz4_pair_0144,zz4_pair_0144,H0,102,22,156,"{'rz': 91, 'sx': 56, 'cz': 22, 'measure': 4, 'barrier': 1}"
145,zz4_H0_zz4_pair_0145,zz4_pair_0145,H0,102,22,156,"{'rz': 91, 'sx': 56, 'cz': 22, 'measure': 4, 'barrier': 1}"
146,zz4_H0_zz4_pair_0146,zz4_pair_0146,H0,102,22,156,"{'rz': 91, 'sx': 56, 'cz': 22, 'measure': 4, 'barrier': 1}"
147,zz4_H0_zz4_pair_0147,zz4_pair_0147,H0,1,0,156,"{'measure': 4, 'barrier': 1}"
148,zz4_H0_zz4_pair_0148,zz4_pair_0148,H0,102,22,156,"{'rz': 91, 'sx': 56, 'cz': 22, 'measure': 4, 'barrier': 1}"
149,zz4_H0_zz4_pair_0149,zz4_pair_0149,H0,102,22,156,"{'rz': 91, 'sx': 56, 'cz': 22, 'measure': 4, 'barrier': 1}"
150,zz4_H0_zz4_pair_0150,zz4_pair_0150,H0,102,22,156,"{'rz': 91, 'sx': 56, 'cz': 22, 'measure': 4, 'barrier': 1}"
151,zz4_H0_zz4_pair_0151,zz4_pair_0151,H0,102,22,156,"{'rz': 91, 'sx': 56, 'cz': 22, 'measure': 4, 'barrier': 1}"
152,zz4_H0_zz4_pair_0152,zz4_pair_0152,H0,102,22,156,"{'rz': 91, 'sx': 56, 'cz': 22, 'measure': 4, 'barrier': 1}"
153,zz4_H0_zz4_pair_0153,zz4_pair_0153,H0,102,22,156,"{'rz': 91, 'sx': 56, 'cz': 22, 'measure': 4, 'barrier': 1}"
154,zz4_H0_zz4_pair_0154,zz4_pair_0154,H0,102,22,156,"{'rz': 91, 'sx': 56, 'cz': 22, 'measure': 4, 'barrier': 1}"
155,zz4_H0_zz4_pair_0155,zz4_pair_0155,H0,102,22,156,"{'rz': 91, 'sx': 56, 'cz': 22, 'measure': 4, 'barrier': 1}"
156,zz4_H0_zz4_pair_0156,zz4_pair_0156,H0,102,22,156,"{'rz': 91, 'sx': 56, 'cz': 22, 'measure': 4, 'barrier': 1}"
157,zz4_H0_zz4_pair_0157,zz4_pair_0157,H0,102,22,156,"{'rz': 91, 'sx': 56, 'cz': 22, 'measure': 4, 'barrier': 1}"
158,zz4_H0_zz4_pair_0158,zz4_pair_0158,H0,102,22,156,"{'rz': 91, 'sx': 56, 'cz': 22, 'measure': 4, 'barrier': 1}"
159,zz4_H0_zz4_pair_0159,zz4_pair_0159,H0,102,22,156,"{'rz': 91, 'sx': 56, 'cz': 22, 'measure': 4, 'barrier': 1}"
160,zz4_H0_zz4_pair_0160,zz4_pair_0160,H0,102,22,156,"{'rz': 91, 'sx': 56, 'cz': 22, 'measure': 4, 'barrier': 1}"
161,zz4_H0_zz4_pair_0161,zz4_pair_0161,H0,102,22,156,"{'rz': 91, 'sx': 56, 'cz': 22, 'measure': 4, 'barrier': 1}"
162,zz4_H0_zz4_pair_0162,zz4_pair_0162,H0,102,22,156,"{'rz': 91, 'sx': 56, 'cz': 22, 'measure': 4, 'barrier': 1}"
163,zz4_H0_zz4_pair_0163,zz4_pair_0163,H0,102,22,156,"{'rz': 91, 'sx': 56, 'cz': 22, 'measure': 4, 'barrier': 1}"
164,zz4_H0_zz4_pair_0164,zz4_pair_0164,H0,1,0,156,"{'measure': 4, 'barrier': 1}"
165,zz4_H0_zz4_pair_0165,zz4_pair_0165,H0,102,22,156,"{'rz': 91, 'sx': 56, 'cz': 22, 'measure': 4, 'barrier': 1}"
166,zz4_H0_zz4_pair_0166,zz4_pair_0166,H0,102,22,156,"{'rz': 91, 'sx': 56, 'cz': 22, 'measure': 4, 'barrier': 1}"
167,zz4_H0_zz4_pair_0167,zz4_pair_0167,H0,102,22,156,"{'rz': 91, 'sx': 56, 'cz': 22, 'measure': 4, 'barrier': 1}"
168,zz4_H0_zz4_pair_0168,zz4_pair_0168,H0,102,22,156,"{'rz': 91, 'sx': 56, 'cz': 22, 'measure': 4, 'barrier': 1}"
169,zz4_H0_zz4_pair_0169,zz4_pair_0169,H0,102,22,156,"{'rz': 91, 'sx': 56, 'cz': 22, 'measure': 4, 'barrier': 1}"
170,zz4_H0_zz4_pair_0170,zz4_pair_0170,H0,102,22,156,"{'rz': 91, 'sx': 56, 'cz': 22, 'measure': 4, 'barrier': 1}"
171,zz4_H0_zz4_pair_0171,zz4_pair_0171,H0,102,22,156,"{'rz': 91, 'sx': 56, 'cz': 22, 'measure': 4, 'barrier': 1}"
172,zz4_H0_zz4_pair_0172,zz4_pair_0172,H0,102,22,156,"{'rz': 91, 'sx': 56, 'cz': 22, 'measure': 4, 'barrier': 1}"
173,zz4_H0_zz4_pair_0173,zz4_pair_0173,H0,102,22,156,"{'rz': 91, 'sx': 56, 'cz': 22, 'measure': 4, 'barrier': 1}"
174,zz4_H0_zz4_pair_0174,zz4_pair_0174,H0,102,22,156,"{'rz': 91, 'sx': 56, 'cz': 22, 'measure': 4, 'barrier': 1}"
175,zz4_H0_zz4_pair_0175,zz4_pair_0175,H0,102,22,156,"{'rz': 91, 'sx': 56, 'cz': 22, 'measure': 4, 'barrier': 1}"
176,zz4_H0_zz4_pair_0176,zz4_pair_0176,H0,102,22,156,"{'rz': 91, 'sx': 56, 'cz': 22, 'measure': 4, 'barrier': 1}"
177,zz4_H0_zz4_pair_0177,zz4_pair_0177,H0,102,22,156,"{'rz': 91, 'sx': 56, 'cz': 22, 'measure': 4, 'barrier': 1}"
178,zz4_H0_zz4_pair_0178,zz4_pair_0178,H0,102,22,156,"{'rz': 91, 'sx': 56, 'cz': 22, 'measure': 4, 'barrier': 1}"
179,zz4_H0_zz4_pair_0179,zz4_pair_0179,H0,102,22,156,"{'rz': 91, 'sx': 56, 'cz': 22, 'measure': 4, 'barrier': 1}"
180,zz4_H0_zz4_pair_0180,zz4_pair_0180,H0,1,0,156,"{'measure': 4, 'barrier': 1}"
181,zz4_H0_zz4_pair_0181,zz4_pair_0181,H0,102,22,156,"{'rz': 91, 'sx': 56, 'cz': 22, 'measure': 4, 'barrier': 1}"
182,zz4_H0_zz4_pair_0182,zz4_pair_0182,H0,102,22,156,"{'rz': 91, 'sx': 56, 'cz': 22, 'measure': 4, 'barrier': 1}"
183,zz4_H0_zz4_pair_0183,zz4_pair_0183,H0,102,22,156,"{'rz': 91, 'sx': 56, 'cz': 22, 'measure': 4, 'barrier': 1}"
184,zz4_H0_zz4_pair_0184,zz4_pair_0184,H0,102,22,156,"{'rz': 91, 'sx': 56, 'cz': 22, 'measure': 4, 'barrier': 1}"
185,zz4_H0_zz4_pair_0185,zz4_pair_0185,H0,102,22,156,"{'rz': 91, 'sx': 56, 'cz': 22, 'measure': 4, 'barrier': 1}"
186,zz4_H0_zz4_pair_0186,zz4_pair_0186,H0,102,22,156,"{'rz': 91, 'sx': 56, 'cz': 22, 'measure': 4, 'barrier': 1}"
187,zz4_H0_zz4_pair_0187,zz4_pair_0187,H0,102,22,156,"{'rz': 91, 'sx': 56, 'cz': 22, 'measure': 4, 'barrier': 1}"
188,zz4_H0_zz4_pair_0188,zz4_pair_0188,H0,102,22,156,"{'rz': 91, 'sx': 56, 'cz': 22, 'measure': 4, 'barrier': 1}"
189,zz4_H0_zz4_pair_0189,zz4_pair_0189,H0,102,22,156,"{'rz': 91, 'sx': 56, 'cz': 22, 'measure': 4, 'barrier': 1}"
190,zz4_H0_zz4_pair_0190,zz4_pair_0190,H0,102,22,156,"{'rz': 91, 'sx': 56, 'cz': 22, 'measure': 4, 'barrier': 1}"
191,zz4_H0_zz4_pair_0191,zz4_pair_0191,H0,102,22,156,"{'rz': 91, 'sx': 56, 'cz': 22, 'measure': 4, 'barrier': 1}"
192,zz4_H0_zz4_pair_0192,zz4_pair_0192,H0,102,22,156,"{'rz': 91, 'sx': 56, 'cz': 22, 'measure': 4, 'barrier': 1}"
193,zz4_H0_zz4_pair_0193,zz4_pair_0193,H0,102,22,156,"{'rz': 91, 'sx': 56, 'cz': 22, 'measure': 4, 'barrier': 1}"
194,zz4_H0_zz4_pair_0194,zz4_pair_0194,H0,102,22,156,"{'rz': 91, 'sx': 56, 'cz': 22, 'measure': 4, 'barrier': 1}"
195,zz4_H0_zz4_pair_0195,zz4_pair_0195,H0,1,0,156,"{'measure': 4, 'barrier': 1}"
196,zz4_H0_zz4_pair_0196,zz4_pair_0196,H0,102,22,156,"{'rz': 91, 'sx': 56, 'cz': 22, 'measure': 4, 'barrier': 1}"
197,zz4_H0_zz4_pair_0197,zz4_pair_0197,H0,102,22,156,"{'rz': 91, 'sx': 56, 'cz': 22, 'measure': 4, 'barrier': 1}"
198,zz4_H0_zz4_pair_0198,zz4_pair_0198,H0,102,22,156,"{'rz': 91, 'sx': 56, 'cz': 22, 'measure': 4, 'barrier': 1}"
199,zz4_H0_zz4_pair_0199,zz4_pair_0199,H0,102,22,156,"{'rz': 91, 'sx': 56, 'cz': 22, 'measure': 4, 'barrier': 1}"
200,zz4_H0_zz4_pair_0200,zz4_pair_0200,H0,102,22,156,"{'rz': 91, 'sx': 56, 'cz': 22, 'measure': 4, 'barrier': 1}"
201,zz4_H0_zz4_pair_0201,zz4_pair_0201,H0,102,22,156,"{'rz': 91, 'sx': 56, 'cz': 22, 'measure': 4, 'barrier': 1}"
202,zz4_H0_zz4_pair_0202,zz4_pair_0202,H0,102,22,156,"{'rz': 91, 'sx': 56, 'cz': 22, 'measure': 4, 'barrier': 1}"
203,zz4_H0_zz4_pair_0203,zz4_pair_0203,H0,102,22,156,"{'rz': 91, 'sx': 56, 'cz': 22, 'measure': 4, 'barrier': 1}"
204,zz4_H0_zz4_pair_0204,zz4_pair_0204,H0,102,22,156,"{'rz': 91, 'sx': 56, 'cz': 22, 'measure': 4, 'barrier': 1}"
205,zz4_H0_zz4_pair_0205,zz4_pair_0205,H0,102,22,156,"{'rz': 91, 'sx': 56, 'cz': 22, 'measure': 4, 'barrier': 1}"
206,zz4_H0_zz4_pair_0206,zz4_pair_0206,H0,102,22,156,"{'rz': 91, 'sx': 56, 'cz': 22, 'measure': 4, 'barrier': 1}"
207,zz4_H0_zz4_pair_0207,zz4_pair_0207,H0,102,22,156,"{'rz': 91, 'sx': 56, 'cz': 22, 'measure': 4, 'barrier': 1}"
208,zz4_H0_zz4_pair_0208,zz4_pair_0208,H0,102,22,156,"{'rz': 91, 'sx': 56, 'cz': 22, 'measure': 4, 'barrier': 1}"
209,zz4_H0_zz4_pair_0209,zz4_pair_0209,H0,1,0,156,"{'measure': 4, 'barrier': 1}"
210,zz4_H0_zz4_pair_0210,zz4_pair_0210,H0,102,22,156,"{'rz': 91, 'sx': 56, 'cz': 22, 'measure': 4, 'barrier': 1}"
211,zz4_H0_zz4_pair_0211,zz4_pair_0211,H0,102,22,156,"{'rz': 91, 'sx': 56, 'cz': 22, 'measure': 4, 'barrier': 1}"
212,zz4_H0_zz4_pair_0212,zz4_pair_0212,H0,102,22,156,"{'rz': 91, 'sx': 56, 'cz': 22, 'measure': 4, 'barrier': 1}"
213,zz4_H0_zz4_pair_0213,zz4_pair_0213,H0,102,22,156,"{'rz': 91, 'sx': 56, 'cz': 22, 'measure': 4, 'barrier': 1}"
214,zz4_H0_zz4_pair_0214,zz4_pair_0214,H0,102,22,156,"{'rz': 91, 'sx': 56, 'cz': 22, 'measure': 4, 'barrier': 1}"
215,zz4_H0_zz4_pair_0215,zz4_pair_0215,H0,102,22,156,"{'rz': 91, 'sx': 56, 'cz': 22, 'measure': 4, 'barrier': 1}"
216,zz4_H0_zz4_pair_0216,zz4_pair_0216,H0,102,22,156,"{'rz': 91, 'sx': 56, 'cz': 22, 'measure': 4, 'barrier': 1}"
217,zz4_H0_zz4_pair_0217,zz4_pair_0217,H0,102,22,156,"{'rz': 91, 'sx': 56, 'cz': 22, 'measure': 4, 'barrier': 1}"
218,zz4_H0_zz4_pair_0218,zz4_pair_0218,H0,102,22,156,"{'rz': 91, 'sx': 56, 'cz': 22, 'measure': 4, 'barrier': 1}"
219,zz4_H0_zz4_pair_0219,zz4_pair_0219,H0,102,22,156,"{'rz': 91, 'sx': 56, 'cz': 22, 'measure': 4, 'barrier': 1}"
220,zz4_H0_zz4_pair_0220,zz4_pair_0220,H0,102,22,156,"{'rz': 91, 'sx': 56, 'cz': 22, 'measure': 4, 'barrier': 1}"
221,zz4_H0_zz4_pair_0221,zz4_pair_0221,H0,102,22,156,"{'rz': 91, 'sx': 56, 'cz': 22, 'measure': 4, 'barrier': 1}"
222,zz4_H0_zz4_pair_0222,zz4_pair_0222,H0,1,0,156,"{'measure': 4, 'barrier': 1}"
223,zz4_H0_zz4_pair_0223,zz4_pair_0223,H0,102,22,156,"{'rz': 91, 'sx': 56, 'cz': 22, 'measure': 4, 'barrier': 1}"
224,zz4_H0_zz4_pair_0224,zz4_pair_0224,H0,102,22,156,"{'rz': 91, 'sx': 56, 'cz': 22, 'measure': 4, 'barrier': 1}"
225,zz4_H0_zz4_pair_0225,zz4_pair_0225,H0,102,22,156,"{'rz': 91, 'sx': 56, 'cz': 22, 'measure': 4, 'barrier': 1}"
226,zz4_H0_zz4_pair_0226,zz4_pair_0226,H0,102,22,156,"{'rz': 91, 'sx': 56, 'cz': 22, 'measure': 4, 'barrier': 1}"
227,zz4_H0_zz4_pair_0227,zz4_pair_0227,H0,102,22,156,"{'rz': 91, 'sx': 56, 'cz': 22, 'measure': 4, 'barrier': 1}"
228,zz4_H0_zz4_pair_0228,zz4_pair_0228,H0,102,22,156,"{'rz': 91, 'sx': 56, 'cz': 22, 'measure': 4, 'barrier': 1}"
229,zz4_H0_zz4_pair_0229,zz4_pair_0229,H0,102,22,156,"{'rz': 91, 'sx': 56, 'cz': 22, 'measure': 4, 'barrier': 1}"
230,zz4_H0_zz4_pair_0230,zz4_pair_0230,H0,102,22,156,"{'rz': 91, 'sx': 56, 'cz': 22, 'measure': 4, 'barrier': 1}"
231,zz4_H0_zz4_pair_0231,zz4_pair_0231,H0,102,22,156,"{'rz': 91, 'sx': 56, 'cz': 22, 'measure': 4, 'barrier': 1}"
232,zz4_H0_zz4_pair_0232,zz4_pair_0232,H0,102,22,156,"{'rz': 91, 'sx': 56, 'cz': 22, 'measure': 4, 'barrier': 1}"
233,zz4_H0_zz4_pair_0233,zz4_pair_0233,H0,102,22,156,"{'rz': 91, 'sx': 56, 'cz': 22, 'measure': 4, 'barrier': 1}"
234,zz4_H0_zz4_pair_0234,zz4_pair_0234,H0,1,0,156,"{'measure': 4, 'barrier': 1}"
235,zz4_H0_zz4_pair_0235,zz4_pair_0235,H0,102,22,156,"{'rz': 91, 'sx': 56, 'cz': 22, 'measure': 4, 'barrier': 1}"
236,zz4_H0_zz4_pair_0236,zz4_pair_0236,H0,102,22,156,"{'rz': 91, 'sx': 56, 'cz': 22, 'measure': 4, 'barrier': 1}"
237,zz4_H0_zz4_pair_0237,zz4_pair_0237,H0,102,22,156,"{'rz': 91, 'sx': 56, 'cz': 22, 'measure': 4, 'barrier': 1}"
238,zz4_H0_zz4_pair_0238,zz4_pair_0238,H0,102,22,156,"{'rz': 91, 'sx': 56, 'cz': 22, 'measure': 4, 'barrier': 1}"
239,zz4_H0_zz4_pair_0239,zz4_pair_0239,H0,102,22,156,"{'rz': 91, 'sx': 56, 'cz': 22, 'measure': 4, 'barrier': 1}"
240,zz4_H0_zz4_pair_0240,zz4_pair_0240,H0,102,22,156,"{'rz': 91, 'sx': 56, 'cz': 22, 'measure': 4, 'barrier': 1}"
241,zz4_H0_zz4_pair_0241,zz4_pair_0241,H0,102,22,156,"{'rz': 91, 'sx': 56, 'cz': 22, 'measure': 4, 'barrier': 1}"
242,zz4_H0_zz4_pair_0242,zz4_pair_0242,H0,102,22,156,"{'rz': 91, 'sx': 56, 'cz': 22, 'measure': 4, 'barrier': 1}"
243,zz4_H0_zz4_pair_0243,zz4_pair_0243,H0,102,22,156,"{'rz': 91, 'sx': 56, 'cz': 22, 'measure': 4, 'barrier': 1}"
244,zz4_H0_zz4_pair_0244,zz4_pair_0244,H0,102,22,156,"{'rz': 91, 'sx': 56, 'cz': 22, 'measure': 4, 'barrier': 1}"
245,zz4_H0_zz4_pair_0245,zz4_pair_0245,H0,1,0,156,"{'measure': 4, 'barrier': 1}"
246,zz4_H0_zz4_pair_0246,zz4_pair_0246,H0,102,22,156,"{'rz': 91, 'sx': 56, 'cz': 22, 'measure': 4, 'barrier': 1}"
247,zz4_H0_zz4_pair_0247,zz4_pair_0247,H0,102,22,156,"{'rz': 91, 'sx': 56, 'cz': 22, 'measure': 4, 'barrier': 1}"
248,zz4_H0_zz4_pair_0248,zz4_pair_0248,H0,102,22,156,"{'rz': 91, 'sx': 56, 'cz': 22, 'measure': 4, 'barrier': 1}"
249,zz4_H0_zz4_pair_0249,zz4_pair_0249,H0,102,22,156,"{'rz': 91, 'sx': 56, 'cz': 22, 'measure': 4, 'barrier': 1}"
250,zz4_H0_zz4_pair_0250,zz4_pair_0250,H0,102,22,156,"{'rz': 91, 'sx': 56, 'cz': 22, 'measure': 4, 'barrier': 1}"
251,zz4_H0_zz4_pair_0251,zz4_pair_0251,H0,102,22,156,"{'rz': 91, 'sx': 56, 'cz': 22, 'measure': 4, 'barrier': 1}"
252,zz4_H0_zz4_pair_0252,zz4_pair_0252,H0,102,22,156,"{'rz': 91, 'sx': 56, 'cz': 22, 'measure': 4, 'barrier': 1}"
253,zz4_H0_zz4_pair_0253,zz4_pair_0253,H0,102,22,156,"{'rz': 91, 'sx': 56, 'cz': 22, 'measure': 4, 'barrier': 1}"
254,zz4_H0_zz4_pair_0254,zz4_pair_0254,H0,102,22,156,"{'rz': 91, 'sx': 56, 'cz': 22, 'measure': 4, 'barrier': 1}"
255,zz4_H0_zz4_pair_0255,zz4_pair_0255,H0,1,0,156,"{'measure': 4, 'barrier': 1}"
256,zz4_H0_zz4_pair_0256,zz4_pair_0256,H0,102,22,156,"{'rz': 91, 'sx': 56, 'cz': 22, 'measure': 4, 'barrier': 1}"
257,zz4_H0_zz4_pair_0257,zz4_pair_0257,H0,102,22,156,"{'rz': 91, 'sx': 56, 'cz': 22, 'measure': 4, 'barrier': 1}"
258,zz4_H0_zz4_pair_0258,zz4_pair_0258,H0,102,22,156,"{'rz': 91, 'sx': 56, 'cz': 22, 'measure': 4, 'barrier': 1}"
259,zz4_H0_zz4_pair_0259,zz4_pair_0259,H0,102,22,156,"{'rz': 91, 'sx': 56, 'cz': 22, 'measure': 4, 'barrier': 1}"
260,zz4_H0_zz4_pair_0260,zz4_pair_0260,H0,102,22,156,"{'rz': 91, 'sx': 56, 'cz': 22, 'measure': 4, 'barrier': 1}"
261,zz4_H0_zz4_pair_0261,zz4_pair_0261,H0,102,22,156,"{'rz': 91, 'sx': 56, 'cz': 22, 'measure': 4, 'barrier': 1}"
262,zz4_H0_zz4_pair_0262,zz4_pair_0262,H0,102,22,156,"{'rz': 91, 'sx': 56, 'cz': 22, 'measure': 4, 'barrier': 1}"
263,zz4_H0_zz4_pair_0263,zz4_pair_0263,H0,102,22,156,"{'rz': 91, 'sx': 56, 'cz': 22, 'measure': 4, 'barrier': 1}"
264,zz4_H0_zz4_pair_0264,zz4_pair_0264,H0,1,0,156,"{'measure': 4, 'barrier': 1}"
265,zz4_H0_zz4_pair_0265,zz4_pair_0265,H0,102,22,156,"{'rz': 91, 'sx': 56, 'cz': 22, 'measure': 4, 'barrier': 1}"
266,zz4_H0_zz4_pair_0266,zz4_pair_0266,H0,102,22,156,"{'rz': 91, 'sx': 56, 'cz': 22, 'measure': 4, 'barrier': 1}"
267,zz4_H0_zz4_pair_0267,zz4_pair_0267,H0,102,22,156,"{'rz': 91, 'sx': 56, 'cz': 22, 'measure': 4, 'barrier': 1}"
268,zz4_H0_zz4_pair_0268,zz4_pair_0268,H0,102,22,156,"{'rz': 91, 'sx': 56, 'cz': 22, 'measure': 4, 'barrier': 1}"
269,zz4_H0_zz4_pair_0269,zz4_pair_0269,H0,102,22,156,"{'rz': 91, 'sx': 56, 'cz': 22, 'measure': 4, 'barrier': 1}"
270,zz4_H0_zz4_pair_0270,zz4_pair_0270,H0,102,22,156,"{'rz': 91, 'sx': 56, 'cz': 22, 'measure': 4, 'barrier': 1}"
271,zz4_H0_zz4_pair_0271,zz4_pair_0271,H0,102,22,156,"{'rz': 91, 'sx': 56, 'cz': 22, 'measure': 4, 'barrier': 1}"
272,zz4_H0_zz4_pair_0272,zz4_pair_0272,H0,1,0,156,"{'measure': 4, 'barrier': 1}"
273,zz4_H0_zz4_pair_0273,zz4_pair_0273,H0,102,22,156,"{'rz': 91, 'sx': 56, 'cz': 22, 'measure': 4, 'barrier': 1}"
274,zz4_H0_zz4_pair_0274,zz4_pair_0274,H0,102,22,156,"{'rz': 91, 'sx': 56, 'cz': 22, 'measure': 4, 'barrier': 1}"
275,zz4_H0_zz4_pair_0275,zz4_pair_0275,H0,102,22,156,"{'rz': 91, 'sx': 56, 'cz': 22, 'measure': 4, 'barrier': 1}"
276,zz4_H0_zz4_pair_0276,zz4_pair_0276,H0,102,22,156,"{'rz': 91, 'sx': 56, 'cz': 22, 'measure': 4, 'barrier': 1}"
277,zz4_H0_zz4_pair_0277,zz4_pair_0277,H0,102,22,156,"{'rz': 91, 'sx': 56, 'cz': 22, 'measure': 4, 'barrier': 1}"
278,zz4_H0_zz4_pair_0278,zz4_pair_0278,H0,102,22,156,"{'rz': 91, 'sx': 56, 'cz': 22, 'measure': 4, 'barrier': 1}"
279,zz4_H0_zz4_pair_0279,zz4_pair_0279,H0,1,0,156,"{'measure': 4, 'barrier': 1}"
280,zz4_H0_zz4_pair_0280,zz4_pair_0280,H0,102,22,156,"{'rz': 91, 'sx': 56, 'cz': 22, 'measure': 4, 'barrier': 1}"
281,zz4_H0_zz4_pair_0281,zz4_pair_0281,H0,102,22,156,"{'rz': 91, 'sx': 56, 'cz': 22, 'measure': 4, 'barrier': 1}"
282,zz4_H0_zz4_pair_0282,zz4_pair_0282,H0,102,22,156,"{'rz': 91, 'sx': 56, 'cz': 22, 'measure': 4, 'barrier': 1}"
283,zz4_H0_zz4_pair_0283,zz4_pair_0283,H0,102,22,156,"{'rz': 91, 'sx': 56, 'cz': 22, 'measure': 4, 'barrier': 1}"
284,zz4_H0_zz4_pair_0284,zz4_pair_0284,H0,102,22,156,"{'rz': 91, 'sx': 56, 'cz': 22, 'measure': 4, 'barrier': 1}"
285,zz4_H0_zz4_pair_0285,zz4_pair_0285,H0,1,0,156,"{'measure': 4, 'barrier': 1}"
286,zz4_H0_zz4_pair_0286,zz4_pair_0286,H0,102,22,156,"{'rz': 91, 'sx': 56, 'cz': 22, 'measure': 4, 'barrier': 1}"
287,zz4_H0_zz4_pair_0287,zz4_pair_0287,H0,102,22,156,"{'rz': 91, 'sx': 56, 'cz': 22, 'measure': 4, 'barrier': 1}"
288,zz4_H0_zz4_pair_0288,zz4_pair_0288,H0,102,22,156,"{'rz': 91, 'sx': 56, 'cz': 22, 'measure': 4, 'barrier': 1}"
289,zz4_H0_zz4_pair_0289,zz4_pair_0289,H0,102,22,156,"{'rz': 91, 'sx': 56, 'cz': 22, 'measure': 4, 'barrier': 1}"
290,zz4_H0_zz4_pair_0290,zz4_pair_0290,H0,1,0,156,"{'measure': 4, 'barrier': 1}"
291,zz4_H0_zz4_pair_0291,zz4_pair_0291,H0,102,22,156,"{'rz': 91, 'sx': 56, 'cz': 22, 'measure': 4, 'barrier': 1}"
292,zz4_H0_zz4_pair_0292,zz4_pair_0292,H0,102,22,156,"{'rz': 91, 'sx': 56, 'cz': 22, 'measure': 4, 'barrier': 1}"
293,zz4_H0_zz4_pair_0293,zz4_pair_0293,H0,102,22,156,"{'rz': 91, 'sx': 56, 'cz': 22, 'measure': 4, 'barrier': 1}"
294,zz4_H0_zz4_pair_0294,zz4_pair_0294,H0,1,0,156,"{'measure': 4, 'barrier': 1}"
295,zz4_H0_zz4_pair_0295,zz4_pair_0295,H0,102,22,156,"{'rz': 91, 'sx': 56, 'cz': 22, 'measure': 4, 'barrier': 1}"
296,zz4_H0_zz4_pair_0296,zz4_pair_0296,H0,102,22,156,"{'rz': 91, 'sx': 56, 'cz': 22, 'measure': 4, 'barrier': 1}"
297,zz4_H0_zz4_pair_0297,zz4_pair_0297,H0,1,0,156,"{'measure': 4, 'barrier': 1}"
298,zz4_H0_zz4_pair_0298,zz4_pair_0298,H0,102,22,156,"{'rz': 91, 'sx': 56, 'cz': 22, 'measure': 4, 'barrier': 1}"
299,zz4_H0_zz4_pair_0299,zz4_pair_0299,H0,1,0,156,"{'measure': 4, 'barrier': 1}"
300,zz4_H1_zz4_pair_0000,zz4_pair_0000,H1,1,0,156,"{'measure': 4, 'barrier': 1}"
301,zz4_H1_zz4_pair_0001,zz4_pair_0001,H1,102,22,156,"{'rz': 91, 'sx': 56, 'cz': 22, 'measure': 4, 'barrier': 1}"
302,zz4_H1_zz4_pair_0002,zz4_pair_0002,H1,70,14,156,"{'rz': 59, 'sx': 36, 'cz': 14, 'measure': 4, 'barrier': 1}"
303,zz4_H1_zz4_pair_0003,zz4_pair_0003,H1,102,22,156,"{'rz': 91, 'sx': 56, 'cz': 22, 'measure': 4, 'barrier': 1}"
304,zz4_H1_zz4_pair_0004,zz4_pair_0004,H1,102,22,156,"{'rz': 91, 'sx': 56, 'cz': 22, 'measure': 4, 'barrier': 1}"
305,zz4_H1_zz4_pair_0005,zz4_pair_0005,H1,102,22,156,"{'rz': 91, 'sx': 56, 'cz': 22, 'measure': 4, 'barrier': 1}"
306,zz4_H1_zz4_pair_0006,zz4_pair_0006,H1,102,22,156,"{'rz': 91, 'sx': 56, 'cz': 22, 'measure': 4, 'barrier': 1}"
307,zz4_H1_zz4_pair_0007,zz4_pair_0007,H1,102,22,156,"{'rz': 91, 'sx': 56, 'cz': 22, 'measure': 4, 'barrier': 1}"
308,zz4_H1_zz4_pair_0008,zz4_pair_0008,H1,102,22,156,"{'rz': 91, 'sx': 56, 'cz': 22, 'measure': 4, 'barrier': 1}"
309,zz4_H1_zz4_pair_0009,zz4_pair_0009,H1,102,22,156,"{'rz': 91, 'sx': 56, 'cz': 22, 'measure': 4, 'barrier': 1}"
310,zz4_H1_zz4_pair_0010,zz4_pair_0010,H1,102,22,156,"{'rz': 91, 'sx': 56, 'cz': 22, 'measure': 4, 'barrier': 1}"
311,zz4_H1_zz4_pair_0011,zz4_pair_0011,H1,102,22,156,"{'rz': 91, 'sx': 56, 'cz': 22, 'measure': 4, 'barrier': 1}"
312,zz4_H1_zz4_pair_0012,zz4_pair_0012,H1,102,22,156,"{'rz': 91, 'sx': 56, 'cz': 22, 'measure': 4, 'barrier': 1}"
313,zz4_H1_zz4_pair_0013,zz4_pair_0013,H1,102,22,156,"{'rz': 91, 'sx': 56, 'cz': 22, 'measure': 4, 'barrier': 1}"
314,zz4_H1_zz4_pair_0014,zz4_pair_0014,H1,102,22,156,"{'rz': 91, 'sx': 56, 'cz': 22, 'measure': 4, 'barrier': 1}"
315,zz4_H1_zz4_pair_0015,zz4_pair_0015,H1,102,22,156,"{'rz': 91, 'sx': 56, 'cz': 22, 'measure': 4, 'barrier': 1}"
316,zz4_H1_zz4_pair_0016,zz4_pair_0016,H1,102,22,156,"{'rz': 91, 'sx': 56, 'cz': 22, 'measure': 4, 'barrier': 1}"
317,zz4_H1_zz4_pair_0017,zz4_pair_0017,H1,102,22,156,"{'rz': 91, 'sx': 56, 'cz': 22, 'measure': 4, 'barrier': 1}"
318,zz4_H1_zz4_pair_0018,zz4_pair_0018,H1,102,22,156,"{'rz': 91, 'sx': 56, 'cz': 22, 'measure': 4, 'barrier': 1}"
319,zz4_H1_zz4_pair_0019,zz4_pair_0019,H1,102,22,156,"{'rz': 91, 'sx': 56, 'cz': 22, 'measure': 4, 'barrier': 1}"
320,zz4_H1_zz4_pair_0020,zz4_pair_0020,H1,102,22,156,"{'rz': 91, 'sx': 56, 'cz': 22, 'measure': 4, 'barrier': 1}"
321,zz4_H1_zz4_pair_0021,zz4_pair_0021,H1,102,22,156,"{'rz': 91, 'sx': 56, 'cz': 22, 'measure': 4, 'barrier': 1}"
322,zz4_H1_zz4_pair_0022,zz4_pair_0022,H1,102,22,156,"{'rz': 91, 'sx': 56, 'cz': 22, 'measure': 4, 'barrier': 1}"
323,zz4_H1_zz4_pair_0023,zz4_pair_0023,H1,102,22,156,"{'rz': 91, 'sx': 56, 'cz': 22, 'measure': 4, 'barrier': 1}"
324,zz4_H1_zz4_pair_0024,zz4_pair_0024,H1,1,0,156,"{'measure': 4, 'barrier': 1}"
325,zz4_H1_zz4_pair_0025,zz4_pair_0025,H1,70,14,156,"{'rz': 59, 'sx': 36, 'cz': 14, 'measure': 4, 'barrier': 1}"
326,zz4_H1_zz4_pair_0026,zz4_pair_0026,H1,102,22,156,"{'rz': 91, 'sx': 56, 'cz': 22, 'measure': 4, 'barrier': 1}"
327,zz4_H1_zz4_pair_0027,zz4_pair_0027,H1,102,22,156,"{'rz': 91, 'sx': 56, 'cz': 22, 'measure': 4, 'barrier': 1}"
328,zz4_H1_zz4_pair_0028,zz4_pair_0028,H1,102,22,156,"{'rz': 91, 'sx': 56, 'cz': 22, 'measure': 4, 'barrier': 1}"
329,zz4_H1_zz4_pair_0029,zz4_pair_0029,H1,102,22,156,"{'rz': 91, 'sx': 56, 'cz': 22, 'measure': 4, 'barrier': 1}"
330,zz4_H1_zz4_pair_0030,zz4_pair_0030,H1,102,22,156,"{'rz': 91, 'sx': 56, 'cz': 22, 'measure': 4, 'barrier': 1}"
331,zz4_H1_zz4_pair_0031,zz4_pair_0031,H1,102,22,156,"{'rz': 91, 'sx': 56, 'cz': 22, 'measure': 4, 'barrier': 1}"
332,zz4_H1_zz4_pair_0032,zz4_pair_0032,H1,102,22,156,"{'rz': 91, 'sx': 56, 'cz': 22, 'measure': 4, 'barrier': 1}"
333,zz4_H1_zz4_pair_0033,zz4_pair_0033,H1,102,22,156,"{'rz': 91, 'sx': 56, 'cz': 22, 'measure': 4, 'barrier': 1}"
334,zz4_H1_zz4_pair_0034,zz4_pair_0034,H1,102,22,156,"{'rz': 91, 'sx': 56, 'cz': 22, 'measure': 4, 'barrier': 1}"
335,zz4_H1_zz4_pair_0035,zz4_pair_0035,H1,102,22,156,"{'rz': 91, 'sx': 56, 'cz': 22, 'measure': 4, 'barrier': 1}"
336,zz4_H1_zz4_pair_0036,zz4_pair_0036,H1,102,22,156,"{'rz': 91, 'sx': 56, 'cz': 22, 'measure': 4, 'barrier': 1}"
337,zz4_H1_zz4_pair_0037,zz4_pair_0037,H1,102,22,156,"{'rz': 91, 'sx': 56, 'cz': 22, 'measure': 4, 'barrier': 1}"
338,zz4_H1_zz4_pair_0038,zz4_pair_0038,H1,102,22,156,"{'rz': 91, 'sx': 56, 'cz': 22, 'measure': 4, 'barrier': 1}"
339,zz4_H1_zz4_pair_0039,zz4_pair_0039,H1,102,22,156,"{'rz': 91, 'sx': 56, 'cz': 22, 'measure': 4, 'barrier': 1}"
340,zz4_H1_zz4_pair_0040,zz4_pair_0040,H1,102,22,156,"{'rz': 91, 'sx': 56, 'cz': 22, 'measure': 4, 'barrier': 1}"
341,zz4_H1_zz4_pair_0041,zz4_pair_0041,H1,102,22,156,"{'rz': 91, 'sx': 56, 'cz': 22, 'measure': 4, 'barrier': 1}"
342,zz4_H1_zz4_pair_0042,zz4_pair_0042,H1,102,22,156,"{'rz': 91, 'sx': 56, 'cz': 22, 'measure': 4, 'barrier': 1}"
343,zz4_H1_zz4_pair_0043,zz4_pair_0043,H1,102,22,156,"{'rz': 91, 'sx': 56, 'cz': 22, 'measure': 4, 'barrier': 1}"
344,zz4_H1_zz4_pair_0044,zz4_pair_0044,H1,102,22,156,"{'rz': 91, 'sx': 56, 'cz': 22, 'measure': 4, 'barrier': 1}"
345,zz4_H1_zz4_pair_0045,zz4_pair_0045,H1,102,22,156,"{'rz': 91, 'sx': 56, 'cz': 22, 'measure': 4, 'barrier': 1}"
346,zz4_H1_zz4_pair_0046,zz4_pair_0046,H1,102,22,156,"{'rz': 91, 'sx': 56, 'cz': 22, 'measure': 4, 'barrier': 1}"
347,zz4_H1_zz4_pair_0047,zz4_pair_0047,H1,1,0,156,"{'measure': 4, 'barrier': 1}"
348,zz4_H1_zz4_pair_0048,zz4_pair_0048,H1,70,14,156,"{'rz': 59, 'sx': 36, 'cz': 14, 'measure': 4, 'barrier': 1}"
349,zz4_H1_zz4_pair_0049,zz4_pair_0049,H1,70,14,156,"{'rz': 59, 'sx': 36, 'cz': 14, 'measure': 4, 'barrier': 1}"
350,zz4_H1_zz4_pair_0050,zz4_pair_0050,H1,70,14,156,"{'rz': 59, 'sx': 36, 'cz': 14, 'measure': 4, 'barrier': 1}"
351,zz4_H1_zz4_pair_0051,zz4_pair_0051,H1,70,14,156,"{'rz': 59, 'sx': 36, 'cz': 14, 'measure': 4, 'barrier': 1}"
352,zz4_H1_zz4_pair_0052,zz4_pair_0052,H1,70,14,156,"{'rz': 59, 'sx': 36, 'cz': 14, 'measure': 4, 'barrier': 1}"
353,zz4_H1_zz4_pair_0053,zz4_pair_0053,H1,70,14,156,"{'rz': 59, 'sx': 36, 'cz': 14, 'measure': 4, 'barrier': 1}"
354,zz4_H1_zz4_pair_0054,zz4_pair_0054,H1,70,14,156,"{'rz': 59, 'sx': 36, 'cz': 14, 'measure': 4, 'barrier': 1}"
355,zz4_H1_zz4_pair_0055,zz4_pair_0055,H1,70,14,156,"{'rz': 59, 'sx': 36, 'cz': 14, 'measure': 4, 'barrier': 1}"
356,zz4_H1_zz4_pair_0056,zz4_pair_0056,H1,70,14,156,"{'rz': 59, 'sx': 36, 'cz': 14, 'measure': 4, 'barrier': 1}"
357,zz4_H1_zz4_pair_0057,zz4_pair_0057,H1,70,14,156,"{'rz': 59, 'sx': 36, 'cz': 14, 'measure': 4, 'barrier': 1}"
358,zz4_H1_zz4_pair_0058,zz4_pair_0058,H1,70,14,156,"{'rz': 59, 'sx': 36, 'cz': 14, 'measure': 4, 'barrier': 1}"
359,zz4_H1_zz4_pair_0059,zz4_pair_0059,H1,70,14,156,"{'rz': 59, 'sx': 36, 'cz': 14, 'measure': 4, 'barrier': 1}"
360,zz4_H1_zz4_pair_0060,zz4_pair_0060,H1,70,14,156,"{'rz': 59, 'sx': 36, 'cz': 14, 'measure': 4, 'barrier': 1}"
361,zz4_H1_zz4_pair_0061,zz4_pair_0061,H1,70,14,156,"{'rz': 59, 'sx': 36, 'cz': 14, 'measure': 4, 'barrier': 1}"
362,zz4_H1_zz4_pair_0062,zz4_pair_0062,H1,70,14,156,"{'rz': 59, 'sx': 36, 'cz': 14, 'measure': 4, 'barrier': 1}"
363,zz4_H1_zz4_pair_0063,zz4_pair_0063,H1,70,14,156,"{'rz': 59, 'sx': 36, 'cz': 14, 'measure': 4, 'barrier': 1}"
364,zz4_H1_zz4_pair_0064,zz4_pair_0064,H1,70,14,156,"{'rz': 59, 'sx': 36, 'cz': 14, 'measure': 4, 'barrier': 1}"
365,zz4_H1_zz4_pair_0065,zz4_pair_0065,H1,70,14,156,"{'rz': 59, 'sx': 36, 'cz': 14, 'measure': 4, 'barrier': 1}"
366,zz4_H1_zz4_pair_0066,zz4_pair_0066,H1,70,14,156,"{'rz': 59, 'sx': 36, 'cz': 14, 'measure': 4, 'barrier': 1}"
367,zz4_H1_zz4_pair_0067,zz4_pair_0067,H1,70,14,156,"{'rz': 59, 'sx': 36, 'cz': 14, 'measure': 4, 'barrier': 1}"
368,zz4_H1_zz4_pair_0068,zz4_pair_0068,H1,70,14,156,"{'rz': 59, 'sx': 36, 'cz': 14, 'measure': 4, 'barrier': 1}"
369,zz4_H1_zz4_pair_0069,zz4_pair_0069,H1,1,0,156,"{'measure': 4, 'barrier': 1}"
370,zz4_H1_zz4_pair_0070,zz4_pair_0070,H1,102,22,156,"{'rz': 91, 'sx': 56, 'cz': 22, 'measure': 4, 'barrier': 1}"
371,zz4_H1_zz4_pair_0071,zz4_pair_0071,H1,102,22,156,"{'rz': 91, 'sx': 56, 'cz': 22, 'measure': 4, 'barrier': 1}"
372,zz4_H1_zz4_pair_0072,zz4_pair_0072,H1,102,22,156,"{'rz': 91, 'sx': 56, 'cz': 22, 'measure': 4, 'barrier': 1}"
373,zz4_H1_zz4_pair_0073,zz4_pair_0073,H1,102,22,156,"{'rz': 91, 'sx': 56, 'cz': 22, 'measure': 4, 'barrier': 1}"
374,zz4_H1_zz4_pair_0074,zz4_pair_0074,H1,102,22,156,"{'rz': 91, 'sx': 56, 'cz': 22, 'measure': 4, 'barrier': 1}"
375,zz4_H1_zz4_pair_0075,zz4_pair_0075,H1,102,22,156,"{'rz': 91, 'sx': 56, 'cz': 22, 'measure': 4, 'barrier': 1}"
376,zz4_H1_zz4_pair_0076,zz4_pair_0076,H1,102,22,156,"{'rz': 91, 'sx': 56, 'cz': 22, 'measure': 4, 'barrier': 1}"
377,zz4_H1_zz4_pair_0077,zz4_pair_0077,H1,102,22,156,"{'rz': 91, 'sx': 56, 'cz': 22, 'measure': 4, 'barrier': 1}"
378,zz4_H1_zz4_pair_0078,zz4_pair_0078,H1,102,22,156,"{'rz': 91, 'sx': 56, 'cz': 22, 'measure': 4, 'barrier': 1}"
379,zz4_H1_zz4_pair_0079,zz4_pair_0079,H1,102,22,156,"{'rz': 91, 'sx': 56, 'cz': 22, 'measure': 4, 'barrier': 1}"
380,zz4_H1_zz4_pair_0080,zz4_pair_0080,H1,102,22,156,"{'rz': 91, 'sx': 56, 'cz': 22, 'measure': 4, 'barrier': 1}"
381,zz4_H1_zz4_pair_0081,zz4_pair_0081,H1,102,22,156,"{'rz': 91, 'sx': 56, 'cz': 22, 'measure': 4, 'barrier': 1}"
382,zz4_H1_zz4_pair_0082,zz4_pair_0082,H1,102,22,156,"{'rz': 91, 'sx': 56, 'cz': 22, 'measure': 4, 'barrier': 1}"
383,zz4_H1_zz4_pair_0083,zz4_pair_0083,H1,102,22,156,"{'rz': 91, 'sx': 56, 'cz': 22, 'measure': 4, 'barrier': 1}"
384,zz4_H1_zz4_pair_0084,zz4_pair_0084,H1,102,22,156,"{'rz': 91, 'sx': 56, 'cz': 22, 'measure': 4, 'barrier': 1}"
385,zz4_H1_zz4_pair_0085,zz4_pair_0085,H1,102,22,156,"{'rz': 91, 'sx': 56, 'cz': 22, 'measure': 4, 'barrier': 1}"
386,zz4_H1_zz4_pair_0086,zz4_pair_0086,H1,102,22,156,"{'rz': 91, 'sx': 56, 'cz': 22, 'measure': 4, 'barrier': 1}"
387,zz4_H1_zz4_pair_0087,zz4_pair_0087,H1,102,22,156,"{'rz': 91, 'sx': 56, 'cz': 22, 'measure': 4, 'barrier': 1}"
388,zz4_H1_zz4_pair_0088,zz4_pair_0088,H1,102,22,156,"{'rz': 91, 'sx': 56, 'cz': 22, 'measure': 4, 'barrier': 1}"
389,zz4_H1_zz4_pair_0089,zz4_pair_0089,H1,102,22,156,"{'rz': 91, 'sx': 56, 'cz': 22, 'measure': 4, 'barrier': 1}"
390,zz4_H1_zz4_pair_0090,zz4_pair_0090,H1,1,0,156,"{'measure': 4, 'barrier': 1}"
391,zz4_H1_zz4_pair_0091,zz4_pair_0091,H1,82,18,156,"{'rz': 77, 'sx': 48, 'cz': 18, 'measure': 4, 'barrier': 1}"
392,zz4_H1_zz4_pair_0092,zz4_pair_0092,H1,102,22,156,"{'rz': 91, 'sx': 56, 'cz': 22, 'measure': 4, 'barrier': 1}"
393,zz4_H1_zz4_pair_0093,zz4_pair_0093,H1,102,22,156,"{'rz': 91, 'sx': 56, 'cz': 22, 'measure': 4, 'barrier': 1}"
394,zz4_H1_zz4_pair_0094,zz4_pair_0094,H1,102,22,156,"{'rz': 91, 'sx': 56, 'cz': 22, 'measure': 4, 'barrier': 1}"
395,zz4_H1_zz4_pair_0095,zz4_pair_0095,H1,102,22,156,"{'rz': 91, 'sx': 56, 'cz': 22, 'measure': 4, 'barrier': 1}"
396,zz4_H1_zz4_pair_0096,zz4_pair_0096,H1,102,22,156,"{'rz': 91, 'sx': 56, 'cz': 22, 'measure': 4, 'barrier': 1}"
397,zz4_H1_zz4_pair_0097,zz4_pair_0097,H1,102,22,156,"{'rz': 91, 'sx': 56, 'cz': 22, 'measure': 4, 'barrier': 1}"
398,zz4_H1_zz4_pair_0098,zz4_pair_0098,H1,102,22,156,"{'rz': 91, 'sx': 56, 'cz': 22, 'measure': 4, 'barrier': 1}"
399,zz4_H1_zz4_pair_0099,zz4_pair_0099,H1,102,22,156,"{'rz': 91, 'sx': 56, 'cz': 22, 'measure': 4, 'barrier': 1}"
400,zz4_H1_zz4_pair_0100,zz4_pair_0100,H1,102,22,156,"{'rz': 91, 'sx': 56, 'cz': 22, 'measure': 4, 'barrier': 1}"
401,zz4_H1_zz4_pair_0101,zz4_pair_0101,H1,102,22,156,"{'rz': 91, 'sx': 56, 'cz': 22, 'measure': 4, 'barrier': 1}"
402,zz4_H1_zz4_pair_0102,zz4_pair_0102,H1,102,22,156,"{'rz': 91, 'sx': 56, 'cz': 22, 'measure': 4, 'barrier': 1}"
403,zz4_H1_zz4_pair_0103,zz4_pair_0103,H1,102,22,156,"{'rz': 91, 'sx': 56, 'cz': 22, 'measure': 4, 'barrier': 1}"
404,zz4_H1_zz4_pair_0104,zz4_pair_0104,H1,102,22,156,"{'rz': 91, 'sx': 56, 'cz': 22, 'measure': 4, 'barrier': 1}"
405,zz4_H1_zz4_pair_0105,zz4_pair_0105,H1,102,22,156,"{'rz': 91, 'sx': 56, 'cz': 22, 'measure': 4, 'barrier': 1}"
406,zz4_H1_zz4_pair_0106,zz4_pair_0106,H1,102,22,156,"{'rz': 91, 'sx': 56, 'cz': 22, 'measure': 4, 'barrier': 1}"
407,zz4_H1_zz4_pair_0107,zz4_pair_0107,H1,102,22,156,"{'rz': 91, 'sx': 56, 'cz': 22, 'measure': 4, 'barrier': 1}"
408,zz4_H1_zz4_pair_0108,zz4_pair_0108,H1,102,22,156,"{'rz': 91, 'sx': 56, 'cz': 22, 'measure': 4, 'barrier': 1}"
409,zz4_H1_zz4_pair_0109,zz4_pair_0109,H1,102,22,156,"{'rz': 91, 'sx': 56, 'cz': 22, 'measure': 4, 'barrier': 1}"
410,zz4_H1_zz4_pair_0110,zz4_pair_0110,H1,1,0,156,"{'measure': 4, 'barrier': 1}"
411,zz4_H1_zz4_pair_0111,zz4_pair_0111,H1,102,22,156,"{'rz': 91, 'sx': 56, 'cz': 22, 'measure': 4, 'barrier': 1}"
412,zz4_H1_zz4_pair_0112,zz4_pair_0112,H1,102,22,156,"{'rz': 91, 'sx': 56, 'cz': 22, 'measure': 4, 'barrier': 1}"
413,zz4_H1_zz4_pair_0113,zz4_pair_0113,H1,102,22,156,"{'rz': 91, 'sx': 56, 'cz': 22, 'measure': 4, 'barrier': 1}"
414,zz4_H1_zz4_pair_0114,zz4_pair_0114,H1,102,22,156,"{'rz': 91, 'sx': 56, 'cz': 22, 'measure': 4, 'barrier': 1}"
415,zz4_H1_zz4_pair_0115,zz4_pair_0115,H1,102,22,156,"{'rz': 91, 'sx': 56, 'cz': 22, 'measure': 4, 'barrier': 1}"
416,zz4_H1_zz4_pair_0116,zz4_pair_0116,H1,102,22,156,"{'rz': 91, 'sx': 56, 'cz': 22, 'measure': 4, 'barrier': 1}"
417,zz4_H1_zz4_pair_0117,zz4_pair_0117,H1,102,22,156,"{'rz': 91, 'sx': 56, 'cz': 22, 'measure': 4, 'barrier': 1}"
418,zz4_H1_zz4_pair_0118,zz4_pair_0118,H1,102,22,156,"{'rz': 91, 'sx': 56, 'cz': 22, 'measure': 4, 'barrier': 1}"
419,zz4_H1_zz4_pair_0119,zz4_pair_0119,H1,102,22,156,"{'rz': 91, 'sx': 56, 'cz': 22, 'measure': 4, 'barrier': 1}"
420,zz4_H1_zz4_pair_0120,zz4_pair_0120,H1,102,22,156,"{'rz': 91, 'sx': 56, 'cz': 22, 'measure': 4, 'barrier': 1}"
421,zz4_H1_zz4_pair_0121,zz4_pair_0121,H1,102,22,156,"{'rz': 91, 'sx': 56, 'cz': 22, 'measure': 4, 'barrier': 1}"
422,zz4_H1_zz4_pair_0122,zz4_pair_0122,H1,102,22,156,"{'rz': 91, 'sx': 56, 'cz': 22, 'measure': 4, 'barrier': 1}"
423,zz4_H1_zz4_pair_0123,zz4_pair_0123,H1,102,22,156,"{'rz': 91, 'sx': 56, 'cz': 22, 'measure': 4, 'barrier': 1}"
424,zz4_H1_zz4_pair_0124,zz4_pair_0124,H1,102,22,156,"{'rz': 91, 'sx': 56, 'cz': 22, 'measure': 4, 'barrier': 1}"
425,zz4_H1_zz4_pair_0125,zz4_pair_0125,H1,102,22,156,"{'rz': 91, 'sx': 56, 'cz': 22, 'measure': 4, 'barrier': 1}"
426,zz4_H1_zz4_pair_0126,zz4_pair_0126,H1,102,22,156,"{'rz': 91, 'sx': 56, 'cz': 22, 'measure': 4, 'barrier': 1}"
427,zz4_H1_zz4_pair_0127,zz4_pair_0127,H1,102,22,156,"{'rz': 91, 'sx': 56, 'cz': 22, 'measure': 4, 'barrier': 1}"
428,zz4_H1_zz4_pair_0128,zz4_pair_0128,H1,102,22,156,"{'rz': 91, 'sx': 56, 'cz': 22, 'measure': 4, 'barrier': 1}"
429,zz4_H1_zz4_pair_0129,zz4_pair_0129,H1,1,0,156,"{'measure': 4, 'barrier': 1}"
430,zz4_H1_zz4_pair_0130,zz4_pair_0130,H1,102,22,156,"{'rz': 91, 'sx': 56, 'cz': 22, 'measure': 4, 'barrier': 1}"
431,zz4_H1_zz4_pair_0131,zz4_pair_0131,H1,102,22,156,"{'rz': 91, 'sx': 56, 'cz': 22, 'measure': 4, 'barrier': 1}"
432,zz4_H1_zz4_pair_0132,zz4_pair_0132,H1,102,22,156,"{'rz': 91, 'sx': 56, 'cz': 22, 'measure': 4, 'barrier': 1}"
433,zz4_H1_zz4_pair_0133,zz4_pair_0133,H1,102,22,156,"{'rz': 91, 'sx': 56, 'cz': 22, 'measure': 4, 'barrier': 1}"
434,zz4_H1_zz4_pair_0134,zz4_pair_0134,H1,102,22,156,"{'rz': 91, 'sx': 56, 'cz': 22, 'measure': 4, 'barrier': 1}"
435,zz4_H1_zz4_pair_0135,zz4_pair_0135,H1,102,22,156,"{'rz': 91, 'sx': 56, 'cz': 22, 'measure': 4, 'barrier': 1}"
436,zz4_H1_zz4_pair_0136,zz4_pair_0136,H1,102,22,156,"{'rz': 91, 'sx': 56, 'cz': 22, 'measure': 4, 'barrier': 1}"
437,zz4_H1_zz4_pair_0137,zz4_pair_0137,H1,102,22,156,"{'rz': 91, 'sx': 56, 'cz': 22, 'measure': 4, 'barrier': 1}"
438,zz4_H1_zz4_pair_0138,zz4_pair_0138,H1,102,22,156,"{'rz': 91, 'sx': 56, 'cz': 22, 'measure': 4, 'barrier': 1}"
439,zz4_H1_zz4_pair_0139,zz4_pair_0139,H1,102,22,156,"{'rz': 91, 'sx': 56, 'cz': 22, 'measure': 4, 'barrier': 1}"
440,zz4_H1_zz4_pair_0140,zz4_pair_0140,H1,102,22,156,"{'rz': 91, 'sx': 56, 'cz': 22, 'measure': 4, 'barrier': 1}"
441,zz4_H1_zz4_pair_0141,zz4_pair_0141,H1,102,22,156,"{'rz': 91, 'sx': 56, 'cz': 22, 'measure': 4, 'barrier': 1}"
442,zz4_H1_zz4_pair_0142,zz4_pair_0142,H1,102,22,156,"{'rz': 91, 'sx': 56, 'cz': 22, 'measure': 4, 'barrier': 1}"
443,zz4_H1_zz4_pair_0143,zz4_pair_0143,H1,102,22,156,"{'rz': 91, 'sx': 56, 'cz': 22, 'measure': 4, 'barrier': 1}"
444,zz4_H1_zz4_pair_0144,zz4_pair_0144,H1,102,22,156,"{'rz': 91, 'sx': 56, 'cz': 22, 'measure': 4, 'barrier': 1}"
445,zz4_H1_zz4_pair_0145,zz4_pair_0145,H1,102,22,156,"{'rz': 91, 'sx': 56, 'cz': 22, 'measure': 4, 'barrier': 1}"
446,zz4_H1_zz4_pair_0146,zz4_pair_0146,H1,102,22,156,"{'rz': 91, 'sx': 56, 'cz': 22, 'measure': 4, 'barrier': 1}"
447,zz4_H1_zz4_pair_0147,zz4_pair_0147,H1,1,0,156,"{'measure': 4, 'barrier': 1}"
448,zz4_H1_zz4_pair_0148,zz4_pair_0148,H1,102,22,156,"{'rz': 91, 'sx': 56, 'cz': 22, 'measure': 4, 'barrier': 1}"
449,zz4_H1_zz4_pair_0149,zz4_pair_0149,H1,102,22,156,"{'rz': 91, 'sx': 56, 'cz': 22, 'measure': 4, 'barrier': 1}"
450,zz4_H1_zz4_pair_0150,zz4_pair_0150,H1,102,22,156,"{'rz': 91, 'sx': 56, 'cz': 22, 'measure': 4, 'barrier': 1}"
451,zz4_H1_zz4_pair_0151,zz4_pair_0151,H1,102,22,156,"{'rz': 91, 'sx': 56, 'cz': 22, 'measure': 4, 'barrier': 1}"
452,zz4_H1_zz4_pair_0152,zz4_pair_0152,H1,102,22,156,"{'rz': 91, 'sx': 56, 'cz': 22, 'measure': 4, 'barrier': 1}"
453,zz4_H1_zz4_pair_0153,zz4_pair_0153,H1,102,22,156,"{'rz': 91, 'sx': 56, 'cz': 22, 'measure': 4, 'barrier': 1}"
454,zz4_H1_zz4_pair_0154,zz4_pair_0154,H1,102,22,156,"{'rz': 91, 'sx': 56, 'cz': 22, 'measure': 4, 'barrier': 1}"
455,zz4_H1_zz4_pair_0155,zz4_pair_0155,H1,102,22,156,"{'rz': 91, 'sx': 56, 'cz': 22, 'measure': 4, 'barrier': 1}"
456,zz4_H1_zz4_pair_0156,zz4_pair_0156,H1,102,22,156,"{'rz': 91, 'sx': 56, 'cz': 22, 'measure': 4, 'barrier': 1}"
457,zz4_H1_zz4_pair_0157,zz4_pair_0157,H1,102,22,156,"{'rz': 91, 'sx': 56, 'cz': 22, 'measure': 4, 'barrier': 1}"
458,zz4_H1_zz4_pair_0158,zz4_pair_0158,H1,102,22,156,"{'rz': 91, 'sx': 56, 'cz': 22, 'measure': 4, 'barrier': 1}"
459,zz4_H1_zz4_pair_0159,zz4_pair_0159,H1,102,22,156,"{'rz': 91, 'sx': 56, 'cz': 22, 'measure': 4, 'barrier': 1}"
460,zz4_H1_zz4_pair_0160,zz4_pair_0160,H1,102,22,156,"{'rz': 91, 'sx': 56, 'cz': 22, 'measure': 4, 'barrier': 1}"
461,zz4_H1_zz4_pair_0161,zz4_pair_0161,H1,102,22,156,"{'rz': 91, 'sx': 56, 'cz': 22, 'measure': 4, 'barrier': 1}"
462,zz4_H1_zz4_pair_0162,zz4_pair_0162,H1,102,22,156,"{'rz': 91, 'sx': 56, 'cz': 22, 'measure': 4, 'barrier': 1}"
463,zz4_H1_zz4_pair_0163,zz4_pair_0163,H1,102,22,156,"{'rz': 91, 'sx': 56, 'cz': 22, 'measure': 4, 'barrier': 1}"
464,zz4_H1_zz4_pair_0164,zz4_pair_0164,H1,1,0,156,"{'measure': 4, 'barrier': 1}"
465,zz4_H1_zz4_pair_0165,zz4_pair_0165,H1,102,22,156,"{'rz': 91, 'sx': 56, 'cz': 22, 'measure': 4, 'barrier': 1}"
466,zz4_H1_zz4_pair_0166,zz4_pair_0166,H1,102,22,156,"{'rz': 91, 'sx': 56, 'cz': 22, 'measure': 4, 'barrier': 1}"
467,zz4_H1_zz4_pair_0167,zz4_pair_0167,H1,102,22,156,"{'rz': 91, 'sx': 56, 'cz': 22, 'measure': 4, 'barrier': 1}"
468,zz4_H1_zz4_pair_0168,zz4_pair_0168,H1,102,22,156,"{'rz': 91, 'sx': 56, 'cz': 22, 'measure': 4, 'barrier': 1}"
469,zz4_H1_zz4_pair_0169,zz4_pair_0169,H1,102,22,156,"{'rz': 91, 'sx': 56, 'cz': 22, 'measure': 4, 'barrier': 1}"
470,zz4_H1_zz4_pair_0170,zz4_pair_0170,H1,102,22,156,"{'rz': 91, 'sx': 56, 'cz': 22, 'measure': 4, 'barrier': 1}"
471,zz4_H1_zz4_pair_0171,zz4_pair_0171,H1,102,22,156,"{'rz': 91, 'sx': 56, 'cz': 22, 'measure': 4, 'barrier': 1}"
472,zz4_H1_zz4_pair_0172,zz4_pair_0172,H1,102,22,156,"{'rz': 91, 'sx': 56, 'cz': 22, 'measure': 4, 'barrier': 1}"
473,zz4_H1_zz4_pair_0173,zz4_pair_0173,H1,102,22,156,"{'rz': 91, 'sx': 56, 'cz': 22, 'measure': 4, 'barrier': 1}"
474,zz4_H1_zz4_pair_0174,zz4_pair_0174,H1,102,22,156,"{'rz': 91, 'sx': 56, 'cz': 22, 'measure': 4, 'barrier': 1}"
475,zz4_H1_zz4_pair_0175,zz4_pair_0175,H1,102,22,156,"{'rz': 91, 'sx': 56, 'cz': 22, 'measure': 4, 'barrier': 1}"
476,zz4_H1_zz4_pair_0176,zz4_pair_0176,H1,102,22,156,"{'rz': 91, 'sx': 56, 'cz': 22, 'measure': 4, 'barrier': 1}"
477,zz4_H1_zz4_pair_0177,zz4_pair_0177,H1,102,22,156,"{'rz': 91, 'sx': 56, 'cz': 22, 'measure': 4, 'barrier': 1}"
478,zz4_H1_zz4_pair_0178,zz4_pair_0178,H1,102,22,156,"{'rz': 91, 'sx': 56, 'cz': 22, 'measure': 4, 'barrier': 1}"
479,zz4_H1_zz4_pair_0179,zz4_pair_0179,H1,102,22,156,"{'rz': 91, 'sx': 56, 'cz': 22, 'measure': 4, 'barrier': 1}"
480,zz4_H1_zz4_pair_0180,zz4_pair_0180,H1,1,0,156,"{'measure': 4, 'barrier': 1}"
481,zz4_H1_zz4_pair_0181,zz4_pair_0181,H1,102,22,156,"{'rz': 91, 'sx': 56, 'cz': 22, 'measure': 4, 'barrier': 1}"
482,zz4_H1_zz4_pair_0182,zz4_pair_0182,H1,102,22,156,"{'rz': 91, 'sx': 56, 'cz': 22, 'measure': 4, 'barrier': 1}"
483,zz4_H1_zz4_pair_0183,zz4_pair_0183,H1,102,22,156,"{'rz': 91, 'sx': 56, 'cz': 22, 'measure': 4, 'barrier': 1}"
484,zz4_H1_zz4_pair_0184,zz4_pair_0184,H1,102,22,156,"{'rz': 91, 'sx': 56, 'cz': 22, 'measure': 4, 'barrier': 1}"
485,zz4_H1_zz4_pair_0185,zz4_pair_0185,H1,102,22,156,"{'rz': 91, 'sx': 56, 'cz': 22, 'measure': 4, 'barrier': 1}"
486,zz4_H1_zz4_pair_0186,zz4_pair_0186,H1,102,22,156,"{'rz': 91, 'sx': 56, 'cz': 22, 'measure': 4, 'barrier': 1}"
487,zz4_H1_zz4_pair_0187,zz4_pair_0187,H1,102,22,156,"{'rz': 91, 'sx': 56, 'cz': 22, 'measure': 4, 'barrier': 1}"
488,zz4_H1_zz4_pair_0188,zz4_pair_0188,H1,102,22,156,"{'rz': 91, 'sx': 56, 'cz': 22, 'measure': 4, 'barrier': 1}"
489,zz4_H1_zz4_pair_0189,zz4_pair_0189,H1,102,22,156,"{'rz': 91, 'sx': 56, 'cz': 22, 'measure': 4, 'barrier': 1}"
490,zz4_H1_zz4_pair_0190,zz4_pair_0190,H1,102,22,156,"{'rz': 91, 'sx': 56, 'cz': 22, 'measure': 4, 'barrier': 1}"
491,zz4_H1_zz4_pair_0191,zz4_pair_0191,H1,102,22,156,"{'rz': 91, 'sx': 56, 'cz': 22, 'measure': 4, 'barrier': 1}"
492,zz4_H1_zz4_pair_0192,zz4_pair_0192,H1,102,22,156,"{'rz': 91, 'sx': 56, 'cz': 22, 'measure': 4, 'barrier': 1}"
493,zz4_H1_zz4_pair_0193,zz4_pair_0193,H1,102,22,156,"{'rz': 91, 'sx': 56, 'cz': 22, 'measure': 4, 'barrier': 1}"
494,zz4_H1_zz4_pair_0194,zz4_pair_0194,H1,102,22,156,"{'rz': 91, 'sx': 56, 'cz': 22, 'measure': 4, 'barrier': 1}"
495,zz4_H1_zz4_pair_0195,zz4_pair_0195,H1,1,0,156,"{'measure': 4, 'barrier': 1}"
496,zz4_H1_zz4_pair_0196,zz4_pair_0196,H1,102,22,156,"{'rz': 91, 'sx': 56, 'cz': 22, 'measure': 4, 'barrier': 1}"
497,zz4_H1_zz4_pair_0197,zz4_pair_0197,H1,102,22,156,"{'rz': 91, 'sx': 56, 'cz': 22, 'measure': 4, 'barrier': 1}"
498,zz4_H1_zz4_pair_0198,zz4_pair_0198,H1,102,22,156,"{'rz': 91, 'sx': 56, 'cz': 22, 'measure': 4, 'barrier': 1}"
499,zz4_H1_zz4_pair_0199,zz4_pair_0199,H1,102,22,156,"{'rz': 91, 'sx': 56, 'cz': 22, 'measure': 4, 'barrier': 1}"
500,zz4_H1_zz4_pair_0200,zz4_pair_0200,H1,102,22,156,"{'rz': 91, 'sx': 56, 'cz': 22, 'measure': 4, 'barrier': 1}"
501,zz4_H1_zz4_pair_0201,zz4_pair_0201,H1,102,22,156,"{'rz': 91, 'sx': 56, 'cz': 22, 'measure': 4, 'barrier': 1}"
502,zz4_H1_zz4_pair_0202,zz4_pair_0202,H1,102,22,156,"{'rz': 91, 'sx': 56, 'cz': 22, 'measure': 4, 'barrier': 1}"
503,zz4_H1_zz4_pair_0203,zz4_pair_0203,H1,102,22,156,"{'rz': 91, 'sx': 56, 'cz': 22, 'measure': 4, 'barrier': 1}"
504,zz4_H1_zz4_pair_0204,zz4_pair_0204,H1,102,22,156,"{'rz': 91, 'sx': 56, 'cz': 22, 'measure': 4, 'barrier': 1}"
505,zz4_H1_zz4_pair_0205,zz4_pair_0205,H1,102,22,156,"{'rz': 91, 'sx': 56, 'cz': 22, 'measure': 4, 'barrier': 1}"
506,zz4_H1_zz4_pair_0206,zz4_pair_0206,H1,102,22,156,"{'rz': 91, 'sx': 56, 'cz': 22, 'measure': 4, 'barrier': 1}"
507,zz4_H1_zz4_pair_0207,zz4_pair_0207,H1,102,22,156,"{'rz': 91, 'sx': 56, 'cz': 22, 'measure': 4, 'barrier': 1}"
508,zz4_H1_zz4_pair_0208,zz4_pair_0208,H1,102,22,156,"{'rz': 91, 'sx': 56, 'cz': 22, 'measure': 4, 'barrier': 1}"
509,zz4_H1_zz4_pair_0209,zz4_pair_0209,H1,1,0,156,"{'measure': 4, 'barrier': 1}"
510,zz4_H1_zz4_pair_0210,zz4_pair_0210,H1,102,22,156,"{'rz': 91, 'sx': 56, 'cz': 22, 'measure': 4, 'barrier': 1}"
511,zz4_H1_zz4_pair_0211,zz4_pair_0211,H1,102,22,156,"{'rz': 91, 'sx': 56, 'cz': 22, 'measure': 4, 'barrier': 1}"
512,zz4_H1_zz4_pair_0212,zz4_pair_0212,H1,102,22,156,"{'rz': 91, 'sx': 56, 'cz': 22, 'measure': 4, 'barrier': 1}"
513,zz4_H1_zz4_pair_0213,zz4_pair_0213,H1,102,22,156,"{'rz': 91, 'sx': 56, 'cz': 22, 'measure': 4, 'barrier': 1}"
514,zz4_H1_zz4_pair_0214,zz4_pair_0214,H1,102,22,156,"{'rz': 91, 'sx': 56, 'cz': 22, 'measure': 4, 'barrier': 1}"
515,zz4_H1_zz4_pair_0215,zz4_pair_0215,H1,102,22,156,"{'rz': 91, 'sx': 56, 'cz': 22, 'measure': 4, 'barrier': 1}"
516,zz4_H1_zz4_pair_0216,zz4_pair_0216,H1,102,22,156,"{'rz': 91, 'sx': 56, 'cz': 22, 'measure': 4, 'barrier': 1}"
517,zz4_H1_zz4_pair_0217,zz4_pair_0217,H1,102,22,156,"{'rz': 91, 'sx': 56, 'cz': 22, 'measure': 4, 'barrier': 1}"
518,zz4_H1_zz4_pair_0218,zz4_pair_0218,H1,102,22,156,"{'rz': 91, 'sx': 56, 'cz': 22, 'measure': 4, 'barrier': 1}"
519,zz4_H1_zz4_pair_0219,zz4_pair_0219,H1,102,22,156,"{'rz': 91, 'sx': 56, 'cz': 22, 'measure': 4, 'barrier': 1}"
520,zz4_H1_zz4_pair_0220,zz4_pair_0220,H1,102,22,156,"{'rz': 91, 'sx': 56, 'cz': 22, 'measure': 4, 'barrier': 1}"
521,zz4_H1_zz4_pair_0221,zz4_pair_0221,H1,102,22,156,"{'rz': 91, 'sx': 56, 'cz': 22, 'measure': 4, 'barrier': 1}"
522,zz4_H1_zz4_pair_0222,zz4_pair_0222,H1,1,0,156,"{'measure': 4, 'barrier': 1}"
523,zz4_H1_zz4_pair_0223,zz4_pair_0223,H1,102,22,156,"{'rz': 91, 'sx': 56, 'cz': 22, 'measure': 4, 'barrier': 1}"
524,zz4_H1_zz4_pair_0224,zz4_pair_0224,H1,102,22,156,"{'rz': 91, 'sx': 56, 'cz': 22, 'measure': 4, 'barrier': 1}"
525,zz4_H1_zz4_pair_0225,zz4_pair_0225,H1,102,22,156,"{'rz': 91, 'sx': 56, 'cz': 22, 'measure': 4, 'barrier': 1}"
526,zz4_H1_zz4_pair_0226,zz4_pair_0226,H1,102,22,156,"{'rz': 91, 'sx': 56, 'cz': 22, 'measure': 4, 'barrier': 1}"
527,zz4_H1_zz4_pair_0227,zz4_pair_0227,H1,102,22,156,"{'rz': 91, 'sx': 56, 'cz': 22, 'measure': 4, 'barrier': 1}"
528,zz4_H1_zz4_pair_0228,zz4_pair_0228,H1,102,22,156,"{'rz': 91, 'sx': 56, 'cz': 22, 'measure': 4, 'barrier': 1}"
529,zz4_H1_zz4_pair_0229,zz4_pair_0229,H1,102,22,156,"{'rz': 91, 'sx': 56, 'cz': 22, 'measure': 4, 'barrier': 1}"
530,zz4_H1_zz4_pair_0230,zz4_pair_0230,H1,102,22,156,"{'rz': 91, 'sx': 56, 'cz': 22, 'measure': 4, 'barrier': 1}"
531,zz4_H1_zz4_pair_0231,zz4_pair_0231,H1,102,22,156,"{'rz': 91, 'sx': 56, 'cz': 22, 'measure': 4, 'barrier': 1}"
532,zz4_H1_zz4_pair_0232,zz4_pair_0232,H1,102,22,156,"{'rz': 91, 'sx': 56, 'cz': 22, 'measure': 4, 'barrier': 1}"
533,zz4_H1_zz4_pair_0233,zz4_pair_0233,H1,102,22,156,"{'rz': 91, 'sx': 56, 'cz': 22, 'measure': 4, 'barrier': 1}"
534,zz4_H1_zz4_pair_0234,zz4_pair_0234,H1,1,0,156,"{'measure': 4, 'barrier': 1}"
535,zz4_H1_zz4_pair_0235,zz4_pair_0235,H1,102,22,156,"{'rz': 91, 'sx': 56, 'cz': 22, 'measure': 4, 'barrier': 1}"
536,zz4_H1_zz4_pair_0236,zz4_pair_0236,H1,102,22,156,"{'rz': 91, 'sx': 56, 'cz': 22, 'measure': 4, 'barrier': 1}"
537,zz4_H1_zz4_pair_0237,zz4_pair_0237,H1,102,22,156,"{'rz': 91, 'sx': 56, 'cz': 22, 'measure': 4, 'barrier': 1}"
538,zz4_H1_zz4_pair_0238,zz4_pair_0238,H1,102,22,156,"{'rz': 91, 'sx': 56, 'cz': 22, 'measure': 4, 'barrier': 1}"
539,zz4_H1_zz4_pair_0239,zz4_pair_0239,H1,102,22,156,"{'rz': 91, 'sx': 56, 'cz': 22, 'measure': 4, 'barrier': 1}"
540,zz4_H1_zz4_pair_0240,zz4_pair_0240,H1,102,22,156,"{'rz': 91, 'sx': 56, 'cz': 22, 'measure': 4, 'barrier': 1}"
541,zz4_H1_zz4_pair_0241,zz4_pair_0241,H1,102,22,156,"{'rz': 91, 'sx': 56, 'cz': 22, 'measure': 4, 'barrier': 1}"
542,zz4_H1_zz4_pair_0242,zz4_pair_0242,H1,102,22,156,"{'rz': 91, 'sx': 56, 'cz': 22, 'measure': 4, 'barrier': 1}"
543,zz4_H1_zz4_pair_0243,zz4_pair_0243,H1,102,22,156,"{'rz': 91, 'sx': 56, 'cz': 22, 'measure': 4, 'barrier': 1}"
544,zz4_H1_zz4_pair_0244,zz4_pair_0244,H1,102,22,156,"{'rz': 91, 'sx': 56, 'cz': 22, 'measure': 4, 'barrier': 1}"
545,zz4_H1_zz4_pair_0245,zz4_pair_0245,H1,1,0,156,"{'measure': 4, 'barrier': 1}"
546,zz4_H1_zz4_pair_0246,zz4_pair_0246,H1,102,22,156,"{'rz': 91, 'sx': 56, 'cz': 22, 'measure': 4, 'barrier': 1}"
547,zz4_H1_zz4_pair_0247,zz4_pair_0247,H1,102,22,156,"{'rz': 91, 'sx': 56, 'cz': 22, 'measure': 4, 'barrier': 1}"
548,zz4_H1_zz4_pair_0248,zz4_pair_0248,H1,102,22,156,"{'rz': 91, 'sx': 56, 'cz': 22, 'measure': 4, 'barrier': 1}"
549,zz4_H1_zz4_pair_0249,zz4_pair_0249,H1,102,22,156,"{'rz': 91, 'sx': 56, 'cz': 22, 'measure': 4, 'barrier': 1}"
550,zz4_H1_zz4_pair_0250,zz4_pair_0250,H1,102,22,156,"{'rz': 91, 'sx': 56, 'cz': 22, 'measure': 4, 'barrier': 1}"
551,zz4_H1_zz4_pair_0251,zz4_pair_0251,H1,102,22,156,"{'rz': 91, 'sx': 56, 'cz': 22, 'measure': 4, 'barrier': 1}"
552,zz4_H1_zz4_pair_0252,zz4_pair_0252,H1,102,22,156,"{'rz': 91, 'sx': 56, 'cz': 22, 'measure': 4, 'barrier': 1}"
553,zz4_H1_zz4_pair_0253,zz4_pair_0253,H1,102,22,156,"{'rz': 91, 'sx': 56, 'cz': 22, 'measure': 4, 'barrier': 1}"
554,zz4_H1_zz4_pair_0254,zz4_pair_0254,H1,102,22,156,"{'rz': 91, 'sx': 56, 'cz': 22, 'measure': 4, 'barrier': 1}"
555,zz4_H1_zz4_pair_0255,zz4_pair_0255,H1,1,0,156,"{'measure': 4, 'barrier': 1}"
556,zz4_H1_zz4_pair_0256,zz4_pair_0256,H1,102,22,156,"{'rz': 91, 'sx': 56, 'cz': 22, 'measure': 4, 'barrier': 1}"
557,zz4_H1_zz4_pair_0257,zz4_pair_0257,H1,102,22,156,"{'rz': 91, 'sx': 56, 'cz': 22, 'measure': 4, 'barrier': 1}"
558,zz4_H1_zz4_pair_0258,zz4_pair_0258,H1,102,22,156,"{'rz': 91, 'sx': 56, 'cz': 22, 'measure': 4, 'barrier': 1}"
559,zz4_H1_zz4_pair_0259,zz4_pair_0259,H1,102,22,156,"{'rz': 91, 'sx': 56, 'cz': 22, 'measure': 4, 'barrier': 1}"
560,zz4_H1_zz4_pair_0260,zz4_pair_0260,H1,102,22,156,"{'rz': 91, 'sx': 56, 'cz': 22, 'measure': 4, 'barrier': 1}"
561,zz4_H1_zz4_pair_0261,zz4_pair_0261,H1,102,22,156,"{'rz': 91, 'sx': 56, 'cz': 22, 'measure': 4, 'barrier': 1}"
562,zz4_H1_zz4_pair_0262,zz4_pair_0262,H1,102,22,156,"{'rz': 91, 'sx': 56, 'cz': 22, 'measure': 4, 'barrier': 1}"
563,zz4_H1_zz4_pair_0263,zz4_pair_0263,H1,102,22,156,"{'rz': 91, 'sx': 56, 'cz': 22, 'measure': 4, 'barrier': 1}"
564,zz4_H1_zz4_pair_0264,zz4_pair_0264,H1,1,0,156,"{'measure': 4, 'barrier': 1}"
565,zz4_H1_zz4_pair_0265,zz4_pair_0265,H1,102,22,156,"{'rz': 91, 'sx': 56, 'cz': 22, 'measure': 4, 'barrier': 1}"
566,zz4_H1_zz4_pair_0266,zz4_pair_0266,H1,102,22,156,"{'rz': 91, 'sx': 56, 'cz': 22, 'measure': 4, 'barrier': 1}"
567,zz4_H1_zz4_pair_0267,zz4_pair_0267,H1,102,22,156,"{'rz': 91, 'sx': 56, 'cz': 22, 'measure': 4, 'barrier': 1}"
568,zz4_H1_zz4_pair_0268,zz4_pair_0268,H1,102,22,156,"{'rz': 91, 'sx': 56, 'cz': 22, 'measure': 4, 'barrier': 1}"
569,zz4_H1_zz4_pair_0269,zz4_pair_0269,H1,102,22,156,"{'rz': 91, 'sx': 56, 'cz': 22, 'measure': 4, 'barrier': 1}"
570,zz4_H1_zz4_pair_0270,zz4_pair_0270,H1,102,22,156,"{'rz': 91, 'sx': 56, 'cz': 22, 'measure': 4, 'barrier': 1}"
571,zz4_H1_zz4_pair_0271,zz4_pair_0271,H1,102,22,156,"{'rz': 91, 'sx': 56, 'cz': 22, 'measure': 4, 'barrier': 1}"
572,zz4_H1_zz4_pair_0272,zz4_pair_0272,H1,1,0,156,"{'measure': 4, 'barrier': 1}"
573,zz4_H1_zz4_pair_0273,zz4_pair_0273,H1,102,22,156,"{'rz': 91, 'sx': 56, 'cz': 22, 'measure': 4, 'barrier': 1}"
574,zz4_H1_zz4_pair_0274,zz4_pair_0274,H1,102,22,156,"{'rz': 91, 'sx': 56, 'cz': 22, 'measure': 4, 'barrier': 1}"
575,zz4_H1_zz4_pair_0275,zz4_pair_0275,H1,102,22,156,"{'rz': 91, 'sx': 56, 'cz': 22, 'measure': 4, 'barrier': 1}"
576,zz4_H1_zz4_pair_0276,zz4_pair_0276,H1,102,22,156,"{'rz': 91, 'sx': 56, 'cz': 22, 'measure': 4, 'barrier': 1}"
577,zz4_H1_zz4_pair_0277,zz4_pair_0277,H1,102,22,156,"{'rz': 91, 'sx': 56, 'cz': 22, 'measure': 4, 'barrier': 1}"
578,zz4_H1_zz4_pair_0278,zz4_pair_0278,H1,102,22,156,"{'rz': 91, 'sx': 56, 'cz': 22, 'measure': 4, 'barrier': 1}"
579,zz4_H1_zz4_pair_0279,zz4_pair_0279,H1,1,0,156,"{'measure': 4, 'barrier': 1}"
580,zz4_H1_zz4_pair_0280,zz4_pair_0280,H1,102,22,156,"{'rz': 91, 'sx': 56, 'cz': 22, 'measure': 4, 'barrier': 1}"
581,zz4_H1_zz4_pair_0281,zz4_pair_0281,H1,102,22,156,"{'rz': 91, 'sx': 56, 'cz': 22, 'measure': 4, 'barrier': 1}"
582,zz4_H1_zz4_pair_0282,zz4_pair_0282,H1,102,22,156,"{'rz': 91, 'sx': 56, 'cz': 22, 'measure': 4, 'barrier': 1}"
583,zz4_H1_zz4_pair_0283,zz4_pair_0283,H1,102,22,156,"{'rz': 91, 'sx': 56, 'cz': 22, 'measure': 4, 'barrier': 1}"
584,zz4_H1_zz4_pair_0284,zz4_pair_0284,H1,102,22,156,"{'rz': 91, 'sx': 56, 'cz': 22, 'measure': 4, 'barrier': 1}"
585,zz4_H1_zz4_pair_0285,zz4_pair_0285,H1,1,0,156,"{'measure': 4, 'barrier': 1}"
586,zz4_H1_zz4_pair_0286,zz4_pair_0286,H1,102,22,156,"{'rz': 91, 'sx': 56, 'cz': 22, 'measure': 4, 'barrier': 1}"
587,zz4_H1_zz4_pair_0287,zz4_pair_0287,H1,102,22,156,"{'rz': 91, 'sx': 56, 'cz': 22, 'measure': 4, 'barrier': 1}"
588,zz4_H1_zz4_pair_0288,zz4_pair_0288,H1,102,22,156,"{'rz': 91, 'sx': 56, 'cz': 22, 'measure': 4, 'barrier': 1}"
589,zz4_H1_zz4_pair_0289,zz4_pair_0289,H1,102,22,156,"{'rz': 91, 'sx': 56, 'cz': 22, 'measure': 4, 'barrier': 1}"
590,zz4_H1_zz4_pair_0290,zz4_pair_0290,H1,1,0,156,"{'measure': 4, 'barrier': 1}"
591,zz4_H1_zz4_pair_0291,zz4_pair_0291,H1,102,22,156,"{'rz': 91, 'sx': 56, 'cz': 22, 'measure': 4, 'barrier': 1}"
592,zz4_H1_zz4_pair_0292,zz4_pair_0292,H1,102,22,156,"{'rz': 91, 'sx': 56, 'cz': 22, 'measure': 4, 'barrier': 1}"
593,zz4_H1_zz4_pair_0293,zz4_pair_0293,H1,102,22,156,"{'rz': 91, 'sx': 56, 'cz': 22, 'measure': 4, 'barrier': 1}"
594,zz4_H1_zz4_pair_0294,zz4_pair_0294,H1,1,0,156,"{'measure': 4, 'barrier': 1}"
595,zz4_H1_zz4_pair_0295,zz4_pair_0295,H1,102,22,156,"{'rz': 91, 'sx': 56, 'cz': 22, 'measure': 4, 'barrier': 1}"
596,zz4_H1_zz4_pair_0296,zz4_pair_0296,H1,102,22,156,"{'rz': 91, 'sx': 56, 'cz': 22, 'measure': 4, 'barrier': 1}"
597,zz4_H1_zz4_pair_0297,zz4_pair_0297,H1,1,0,156,"{'measure': 4, 'barrier': 1}"
598,zz4_H1_zz4_pair_0298,zz4_pair_0298,H1,102,22,156,"{'rz': 91, 'sx': 56, 'cz': 22, 'measure': 4, 'barrier': 1}"
599,zz4_H1_zz4_pair_0299,zz4_pair_0299,H1,1,0,156,"{'measure': 4, 'barrier': 1}"
600,zz4_H2_zz4_pair_0000,zz4_pair_0000,H2,1,0,156,"{'measure': 4, 'barrier': 1}"
601,zz4_H2_zz4_pair_0001,zz4_pair_0001,H2,102,22,156,"{'rz': 91, 'sx': 56, 'cz': 22, 'measure': 4, 'barrier': 1}"
602,zz4_H2_zz4_pair_0002,zz4_pair_0002,H2,70,14,156,"{'rz': 59, 'sx': 36, 'cz': 14, 'measure': 4, 'barrier': 1}"
603,zz4_H2_zz4_pair_0003,zz4_pair_0003,H2,102,22,156,"{'rz': 91, 'sx': 56, 'cz': 22, 'measure': 4, 'barrier': 1}"
604,zz4_H2_zz4_pair_0004,zz4_pair_0004,H2,102,22,156,"{'rz': 91, 'sx': 56, 'cz': 22, 'measure': 4, 'barrier': 1}"
605,zz4_H2_zz4_pair_0005,zz4_pair_0005,H2,102,22,156,"{'rz': 91, 'sx': 56, 'cz': 22, 'measure': 4, 'barrier': 1}"
606,zz4_H2_zz4_pair_0006,zz4_pair_0006,H2,102,22,156,"{'rz': 91, 'sx': 56, 'cz': 22, 'measure': 4, 'barrier': 1}"
607,zz4_H2_zz4_pair_0007,zz4_pair_0007,H2,102,22,156,"{'rz': 91, 'sx': 56, 'cz': 22, 'measure': 4, 'barrier': 1}"
608,zz4_H2_zz4_pair_0008,zz4_pair_0008,H2,102,22,156,"{'rz': 91, 'sx': 56, 'cz': 22, 'measure': 4, 'barrier': 1}"
609,zz4_H2_zz4_pair_0009,zz4_pair_0009,H2,102,22,156,"{'rz': 91, 'sx': 56, 'cz': 22, 'measure': 4, 'barrier': 1}"
610,zz4_H2_zz4_pair_0010,zz4_pair_0010,H2,102,22,156,"{'rz': 91, 'sx': 56, 'cz': 22, 'measure': 4, 'barrier': 1}"
611,zz4_H2_zz4_pair_0011,zz4_pair_0011,H2,102,22,156,"{'rz': 91, 'sx': 56, 'cz': 22, 'measure': 4, 'barrier': 1}"
612,zz4_H2_zz4_pair_0012,zz4_pair_0012,H2,102,22,156,"{'rz': 91, 'sx': 56, 'cz': 22, 'measure': 4, 'barrier': 1}"
613,zz4_H2_zz4_pair_0013,zz4_pair_0013,H2,102,22,156,"{'rz': 91, 'sx': 56, 'cz': 22, 'measure': 4, 'barrier': 1}"
614,zz4_H2_zz4_pair_0014,zz4_pair_0014,H2,102,22,156,"{'rz': 91, 'sx': 56, 'cz': 22, 'measure': 4, 'barrier': 1}"
615,zz4_H2_zz4_pair_0015,zz4_pair_0015,H2,102,22,156,"{'rz': 91, 'sx': 56, 'cz': 22, 'measure': 4, 'barrier': 1}"
616,zz4_H2_zz4_pair_0016,zz4_pair_0016,H2,102,22,156,"{'rz': 91, 'sx': 56, 'cz': 22, 'measure': 4, 'barrier': 1}"
617,zz4_H2_zz4_pair_0017,zz4_pair_0017,H2,102,22,156,"{'rz': 91, 'sx': 56, 'cz': 22, 'measure': 4, 'barrier': 1}"
618,zz4_H2_zz4_pair_0018,zz4_pair_0018,H2,102,22,156,"{'rz': 91, 'sx': 56, 'cz': 22, 'measure': 4, 'barrier': 1}"
619,zz4_H2_zz4_pair_0019,zz4_pair_0019,H2,102,22,156,"{'rz': 91, 'sx': 56, 'cz': 22, 'measure': 4, 'barrier': 1}"
620,zz4_H2_zz4_pair_0020,zz4_pair_0020,H2,102,22,156,"{'rz': 91, 'sx': 56, 'cz': 22, 'measure': 4, 'barrier': 1}"
621,zz4_H2_zz4_pair_0021,zz4_pair_0021,H2,102,22,156,"{'rz': 91, 'sx': 56, 'cz': 22, 'measure': 4, 'barrier': 1}"
622,zz4_H2_zz4_pair_0022,zz4_pair_0022,H2,102,22,156,"{'rz': 91, 'sx': 56, 'cz': 22, 'measure': 4, 'barrier': 1}"
623,zz4_H2_zz4_pair_0023,zz4_pair_0023,H2,102,22,156,"{'rz': 91, 'sx': 56, 'cz': 22, 'measure': 4, 'barrier': 1}"
624,zz4_H2_zz4_pair_0024,zz4_pair_0024,H2,1,0,156,"{'measure': 4, 'barrier': 1}"
625,zz4_H2_zz4_pair_0025,zz4_pair_0025,H2,70,14,156,"{'rz': 59, 'sx': 36, 'cz': 14, 'measure': 4, 'barrier': 1}"
626,zz4_H2_zz4_pair_0026,zz4_pair_0026,H2,102,22,156,"{'rz': 91, 'sx': 56, 'cz': 22, 'measure': 4, 'barrier': 1}"
627,zz4_H2_zz4_pair_0027,zz4_pair_0027,H2,102,22,156,"{'rz': 91, 'sx': 56, 'cz': 22, 'measure': 4, 'barrier': 1}"
628,zz4_H2_zz4_pair_0028,zz4_pair_0028,H2,102,22,156,"{'rz': 91, 'sx': 56, 'cz': 22, 'measure': 4, 'barrier': 1}"
629,zz4_H2_zz4_pair_0029,zz4_pair_0029,H2,102,22,156,"{'rz': 91, 'sx': 56, 'cz': 22, 'measure': 4, 'barrier': 1}"
630,zz4_H2_zz4_pair_0030,zz4_pair_0030,H2,102,22,156,"{'rz': 91, 'sx': 56, 'cz': 22, 'measure': 4, 'barrier': 1}"
631,zz4_H2_zz4_pair_0031,zz4_pair_0031,H2,102,22,156,"{'rz': 91, 'sx': 56, 'cz': 22, 'measure': 4, 'barrier': 1}"
632,zz4_H2_zz4_pair_0032,zz4_pair_0032,H2,102,22,156,"{'rz': 91, 'sx': 56, 'cz': 22, 'measure': 4, 'barrier': 1}"
633,zz4_H2_zz4_pair_0033,zz4_pair_0033,H2,102,22,156,"{'rz': 91, 'sx': 56, 'cz': 22, 'measure': 4, 'barrier': 1}"
634,zz4_H2_zz4_pair_0034,zz4_pair_0034,H2,102,22,156,"{'rz': 91, 'sx': 56, 'cz': 22, 'measure': 4, 'barrier': 1}"
635,zz4_H2_zz4_pair_0035,zz4_pair_0035,H2,102,22,156,"{'rz': 91, 'sx': 56, 'cz': 22, 'measure': 4, 'barrier': 1}"
636,zz4_H2_zz4_pair_0036,zz4_pair_0036,H2,102,22,156,"{'rz': 91, 'sx': 56, 'cz': 22, 'measure': 4, 'barrier': 1}"
637,zz4_H2_zz4_pair_0037,zz4_pair_0037,H2,102,22,156,"{'rz': 91, 'sx': 56, 'cz': 22, 'measure': 4, 'barrier': 1}"
638,zz4_H2_zz4_pair_0038,zz4_pair_0038,H2,102,22,156,"{'rz': 91, 'sx': 56, 'cz': 22, 'measure': 4, 'barrier': 1}"
639,zz4_H2_zz4_pair_0039,zz4_pair_0039,H2,102,22,156,"{'rz': 91, 'sx': 56, 'cz': 22, 'measure': 4, 'barrier': 1}"
640,zz4_H2_zz4_pair_0040,zz4_pair_0040,H2,102,22,156,"{'rz': 91, 'sx': 56, 'cz': 22, 'measure': 4, 'barrier': 1}"
641,zz4_H2_zz4_pair_0041,zz4_pair_0041,H2,102,22,156,"{'rz': 91, 'sx': 56, 'cz': 22, 'measure': 4, 'barrier': 1}"
642,zz4_H2_zz4_pair_0042,zz4_pair_0042,H2,102,22,156,"{'rz': 91, 'sx': 56, 'cz': 22, 'measure': 4, 'barrier': 1}"
643,zz4_H2_zz4_pair_0043,zz4_pair_0043,H2,102,22,156,"{'rz': 91, 'sx': 56, 'cz': 22, 'measure': 4, 'barrier': 1}"
644,zz4_H2_zz4_pair_0044,zz4_pair_0044,H2,102,22,156,"{'rz': 91, 'sx': 56, 'cz': 22, 'measure': 4, 'barrier': 1}"
645,zz4_H2_zz4_pair_0045,zz4_pair_0045,H2,102,22,156,"{'rz': 91, 'sx': 56, 'cz': 22, 'measure': 4, 'barrier': 1}"
646,zz4_H2_zz4_pair_0046,zz4_pair_0046,H2,102,22,156,"{'rz': 91, 'sx': 56, 'cz': 22, 'measure': 4, 'barrier': 1}"
647,zz4_H2_zz4_pair_0047,zz4_pair_0047,H2,1,0,156,"{'measure': 4, 'barrier': 1}"
648,zz4_H2_zz4_pair_0048,zz4_pair_0048,H2,70,14,156,"{'rz': 59, 'sx': 36, 'cz': 14, 'measure': 4, 'barrier': 1}"
649,zz4_H2_zz4_pair_0049,zz4_pair_0049,H2,70,14,156,"{'rz': 59, 'sx': 36, 'cz': 14, 'measure': 4, 'barrier': 1}"
650,zz4_H2_zz4_pair_0050,zz4_pair_0050,H2,70,14,156,"{'rz': 59, 'sx': 36, 'cz': 14, 'measure': 4, 'barrier': 1}"
651,zz4_H2_zz4_pair_0051,zz4_pair_0051,H2,70,14,156,"{'rz': 59, 'sx': 36, 'cz': 14, 'measure': 4, 'barrier': 1}"
652,zz4_H2_zz4_pair_0052,zz4_pair_0052,H2,70,14,156,"{'rz': 59, 'sx': 36, 'cz': 14, 'measure': 4, 'barrier': 1}"
653,zz4_H2_zz4_pair_0053,zz4_pair_0053,H2,70,14,156,"{'rz': 59, 'sx': 36, 'cz': 14, 'measure': 4, 'barrier': 1}"
654,zz4_H2_zz4_pair_0054,zz4_pair_0054,H2,70,14,156,"{'rz': 59, 'sx': 36, 'cz': 14, 'measure': 4, 'barrier': 1}"
655,zz4_H2_zz4_pair_0055,zz4_pair_0055,H2,70,14,156,"{'rz': 59, 'sx': 36, 'cz': 14, 'measure': 4, 'barrier': 1}"
656,zz4_H2_zz4_pair_0056,zz4_pair_0056,H2,70,14,156,"{'rz': 59, 'sx': 36, 'cz': 14, 'measure': 4, 'barrier': 1}"
657,zz4_H2_zz4_pair_0057,zz4_pair_0057,H2,70,14,156,"{'rz': 59, 'sx': 36, 'cz': 14, 'measure': 4, 'barrier': 1}"
658,zz4_H2_zz4_pair_0058,zz4_pair_0058,H2,70,14,156,"{'rz': 59, 'sx': 36, 'cz': 14, 'measure': 4, 'barrier': 1}"
659,zz4_H2_zz4_pair_0059,zz4_pair_0059,H2,70,14,156,"{'rz': 59, 'sx': 36, 'cz': 14, 'measure': 4, 'barrier': 1}"
660,zz4_H2_zz4_pair_0060,zz4_pair_0060,H2,70,14,156,"{'rz': 59, 'sx': 36, 'cz': 14, 'measure': 4, 'barrier': 1}"
661,zz4_H2_zz4_pair_0061,zz4_pair_0061,H2,70,14,156,"{'rz': 59, 'sx': 36, 'cz': 14, 'measure': 4, 'barrier': 1}"
662,zz4_H2_zz4_pair_0062,zz4_pair_0062,H2,70,14,156,"{'rz': 59, 'sx': 36, 'cz': 14, 'measure': 4, 'barrier': 1}"
663,zz4_H2_zz4_pair_0063,zz4_pair_0063,H2,70,14,156,"{'rz': 59, 'sx': 36, 'cz': 14, 'measure': 4, 'barrier': 1}"
664,zz4_H2_zz4_pair_0064,zz4_pair_0064,H2,70,14,156,"{'rz': 59, 'sx': 36, 'cz': 14, 'measure': 4, 'barrier': 1}"
665,zz4_H2_zz4_pair_0065,zz4_pair_0065,H2,70,14,156,"{'rz': 59, 'sx': 36, 'cz': 14, 'measure': 4, 'barrier': 1}"
666,zz4_H2_zz4_pair_0066,zz4_pair_0066,H2,70,14,156,"{'rz': 59, 'sx': 36, 'cz': 14, 'measure': 4, 'barrier': 1}"
667,zz4_H2_zz4_pair_0067,zz4_pair_0067,H2,70,14,156,"{'rz': 59, 'sx': 36, 'cz': 14, 'measure': 4, 'barrier': 1}"
668,zz4_H2_zz4_pair_0068,zz4_pair_0068,H2,70,14,156,"{'rz': 59, 'sx': 36, 'cz': 14, 'measure': 4, 'barrier': 1}"
669,zz4_H2_zz4_pair_0069,zz4_pair_0069,H2,1,0,156,"{'measure': 4, 'barrier': 1}"
670,zz4_H2_zz4_pair_0070,zz4_pair_0070,H2,102,22,156,"{'rz': 91, 'sx': 56, 'cz': 22, 'measure': 4, 'barrier': 1}"
671,zz4_H2_zz4_pair_0071,zz4_pair_0071,H2,102,22,156,"{'rz': 91, 'sx': 56, 'cz': 22, 'measure': 4, 'barrier': 1}"
672,zz4_H2_zz4_pair_0072,zz4_pair_0072,H2,102,22,156,"{'rz': 91, 'sx': 56, 'cz': 22, 'measure': 4, 'barrier': 1}"
673,zz4_H2_zz4_pair_0073,zz4_pair_0073,H2,102,22,156,"{'rz': 91, 'sx': 56, 'cz': 22, 'measure': 4, 'barrier': 1}"
674,zz4_H2_zz4_pair_0074,zz4_pair_0074,H2,102,22,156,"{'rz': 91, 'sx': 56, 'cz': 22, 'measure': 4, 'barrier': 1}"
675,zz4_H2_zz4_pair_0075,zz4_pair_0075,H2,102,22,156,"{'rz': 91, 'sx': 56, 'cz': 22, 'measure': 4, 'barrier': 1}"
676,zz4_H2_zz4_pair_0076,zz4_pair_0076,H2,102,22,156,"{'rz': 91, 'sx': 56, 'cz': 22, 'measure': 4, 'barrier': 1}"
677,zz4_H2_zz4_pair_0077,zz4_pair_0077,H2,102,22,156,"{'rz': 91, 'sx': 56, 'cz': 22, 'measure': 4, 'barrier': 1}"
678,zz4_H2_zz4_pair_0078,zz4_pair_0078,H2,102,22,156,"{'rz': 91, 'sx': 56, 'cz': 22, 'measure': 4, 'barrier': 1}"
679,zz4_H2_zz4_pair_0079,zz4_pair_0079,H2,102,22,156,"{'rz': 91, 'sx': 56, 'cz': 22, 'measure': 4, 'barrier': 1}"
680,zz4_H2_zz4_pair_0080,zz4_pair_0080,H2,102,22,156,"{'rz': 91, 'sx': 56, 'cz': 22, 'measure': 4, 'barrier': 1}"
681,zz4_H2_zz4_pair_0081,zz4_pair_0081,H2,102,22,156,"{'rz': 91, 'sx': 56, 'cz': 22, 'measure': 4, 'barrier': 1}"
682,zz4_H2_zz4_pair_0082,zz4_pair_0082,H2,102,22,156,"{'rz': 91, 'sx': 56, 'cz': 22, 'measure': 4, 'barrier': 1}"
683,zz4_H2_zz4_pair_0083,zz4_pair_0083,H2,102,22,156,"{'rz': 91, 'sx': 56, 'cz': 22, 'measure': 4, 'barrier': 1}"
684,zz4_H2_zz4_pair_0084,zz4_pair_0084,H2,102,22,156,"{'rz': 91, 'sx': 56, 'cz': 22, 'measure': 4, 'barrier': 1}"
685,zz4_H2_zz4_pair_0085,zz4_pair_0085,H2,102,22,156,"{'rz': 91, 'sx': 56, 'cz': 22, 'measure': 4, 'barrier': 1}"
686,zz4_H2_zz4_pair_0086,zz4_pair_0086,H2,102,22,156,"{'rz': 91, 'sx': 56, 'cz': 22, 'measure': 4, 'barrier': 1}"
687,zz4_H2_zz4_pair_0087,zz4_pair_0087,H2,102,22,156,"{'rz': 91, 'sx': 56, 'cz': 22, 'measure': 4, 'barrier': 1}"
688,zz4_H2_zz4_pair_0088,zz4_pair_0088,H2,102,22,156,"{'rz': 91, 'sx': 56, 'cz': 22, 'measure': 4, 'barrier': 1}"
689,zz4_H2_zz4_pair_0089,zz4_pair_0089,H2,102,22,156,"{'rz': 91, 'sx': 56, 'cz': 22, 'measure': 4, 'barrier': 1}"
690,zz4_H2_zz4_pair_0090,zz4_pair_0090,H2,1,0,156,"{'measure': 4, 'barrier': 1}"
691,zz4_H2_zz4_pair_0091,zz4_pair_0091,H2,82,18,156,"{'rz': 77, 'sx': 48, 'cz': 18, 'measure': 4, 'barrier': 1}"
692,zz4_H2_zz4_pair_0092,zz4_pair_0092,H2,102,22,156,"{'rz': 91, 'sx': 56, 'cz': 22, 'measure': 4, 'barrier': 1}"
693,zz4_H2_zz4_pair_0093,zz4_pair_0093,H2,102,22,156,"{'rz': 91, 'sx': 56, 'cz': 22, 'measure': 4, 'barrier': 1}"
694,zz4_H2_zz4_pair_0094,zz4_pair_0094,H2,102,22,156,"{'rz': 91, 'sx': 56, 'cz': 22, 'measure': 4, 'barrier': 1}"
695,zz4_H2_zz4_pair_0095,zz4_pair_0095,H2,102,22,156,"{'rz': 91, 'sx': 56, 'cz': 22, 'measure': 4, 'barrier': 1}"
696,zz4_H2_zz4_pair_0096,zz4_pair_0096,H2,102,22,156,"{'rz': 91, 'sx': 56, 'cz': 22, 'measure': 4, 'barrier': 1}"
697,zz4_H2_zz4_pair_0097,zz4_pair_0097,H2,102,22,156,"{'rz': 91, 'sx': 56, 'cz': 22, 'measure': 4, 'barrier': 1}"
698,zz4_H2_zz4_pair_0098,zz4_pair_0098,H2,102,22,156,"{'rz': 91, 'sx': 56, 'cz': 22, 'measure': 4, 'barrier': 1}"
699,zz4_H2_zz4_pair_0099,zz4_pair_0099,H2,102,22,156,"{'rz': 91, 'sx': 56, 'cz': 22, 'measure': 4, 'barrier': 1}"
700,zz4_H2_zz4_pair_0100,zz4_pair_0100,H2,102,22,156,"{'rz': 91, 'sx': 56, 'cz': 22, 'measure': 4, 'barrier': 1}"
701,zz4_H2_zz4_pair_0101,zz4_pair_0101,H2,102,22,156,"{'rz': 91, 'sx': 56, 'cz': 22, 'measure': 4, 'barrier': 1}"
702,zz4_H2_zz4_pair_0102,zz4_pair_0102,H2,102,22,156,"{'rz': 91, 'sx': 56, 'cz': 22, 'measure': 4, 'barrier': 1}"
703,zz4_H2_zz4_pair_0103,zz4_pair_0103,H2,102,22,156,"{'rz': 91, 'sx': 56, 'cz': 22, 'measure': 4, 'barrier': 1}"
704,zz4_H2_zz4_pair_0104,zz4_pair_0104,H2,102,22,156,"{'rz': 91, 'sx': 56, 'cz': 22, 'measure': 4, 'barrier': 1}"
705,zz4_H2_zz4_pair_0105,zz4_pair_0105,H2,102,22,156,"{'rz': 91, 'sx': 56, 'cz': 22, 'measure': 4, 'barrier': 1}"
706,zz4_H2_zz4_pair_0106,zz4_pair_0106,H2,102,22,156,"{'rz': 91, 'sx': 56, 'cz': 22, 'measure': 4, 'barrier': 1}"
707,zz4_H2_zz4_pair_0107,zz4_pair_0107,H2,102,22,156,"{'rz': 91, 'sx': 56, 'cz': 22, 'measure': 4, 'barrier': 1}"
708,zz4_H2_zz4_pair_0108,zz4_pair_0108,H2,102,22,156,"{'rz': 91, 'sx': 56, 'cz': 22, 'measure': 4, 'barrier': 1}"
709,zz4_H2_zz4_pair_0109,zz4_pair_0109,H2,102,22,156,"{'rz': 91, 'sx': 56, 'cz': 22, 'measure': 4, 'barrier': 1}"
710,zz4_H2_zz4_pair_0110,zz4_pair_0110,H2,1,0,156,"{'measure': 4, 'barrier': 1}"
711,zz4_H2_zz4_pair_0111,zz4_pair_0111,H2,102,22,156,"{'rz': 91, 'sx': 56, 'cz': 22, 'measure': 4, 'barrier': 1}"
712,zz4_H2_zz4_pair_0112,zz4_pair_0112,H2,102,22,156,"{'rz': 91, 'sx': 56, 'cz': 22, 'measure': 4, 'barrier': 1}"
713,zz4_H2_zz4_pair_0113,zz4_pair_0113,H2,102,22,156,"{'rz': 91, 'sx': 56, 'cz': 22, 'measure': 4, 'barrier': 1}"
714,zz4_H2_zz4_pair_0114,zz4_pair_0114,H2,102,22,156,"{'rz': 91, 'sx': 56, 'cz': 22, 'measure': 4, 'barrier': 1}"
715,zz4_H2_zz4_pair_0115,zz4_pair_0115,H2,102,22,156,"{'rz': 91, 'sx': 56, 'cz': 22, 'measure': 4, 'barrier': 1}"
716,zz4_H2_zz4_pair_0116,zz4_pair_0116,H2,102,22,156,"{'rz': 91, 'sx': 56, 'cz': 22, 'measure': 4, 'barrier': 1}"
717,zz4_H2_zz4_pair_0117,zz4_pair_0117,H2,102,22,156,"{'rz': 91, 'sx': 56, 'cz': 22, 'measure': 4, 'barrier': 1}"
718,zz4_H2_zz4_pair_0118,zz4_pair_0118,H2,102,22,156,"{'rz': 91, 'sx': 56, 'cz': 22, 'measure': 4, 'barrier': 1}"
719,zz4_H2_zz4_pair_0119,zz4_pair_0119,H2,102,22,156,"{'rz': 91, 'sx': 56, 'cz': 22, 'measure': 4, 'barrier': 1}"
720,zz4_H2_zz4_pair_0120,zz4_pair_0120,H2,102,22,156,"{'rz': 91, 'sx': 56, 'cz': 22, 'measure': 4, 'barrier': 1}"
721,zz4_H2_zz4_pair_0121,zz4_pair_0121,H2,102,22,156,"{'rz': 91, 'sx': 56, 'cz': 22, 'measure': 4, 'barrier': 1}"
722,zz4_H2_zz4_pair_0122,zz4_pair_0122,H2,102,22,156,"{'rz': 91, 'sx': 56, 'cz': 22, 'measure': 4, 'barrier': 1}"
723,zz4_H2_zz4_pair_0123,zz4_pair_0123,H2,102,22,156,"{'rz': 91, 'sx': 56, 'cz': 22, 'measure': 4, 'barrier': 1}"
724,zz4_H2_zz4_pair_0124,zz4_pair_0124,H2,102,22,156,"{'rz': 91, 'sx': 56, 'cz': 22, 'measure': 4, 'barrier': 1}"
725,zz4_H2_zz4_pair_0125,zz4_pair_0125,H2,102,22,156,"{'rz': 91, 'sx': 56, 'cz': 22, 'measure': 4, 'barrier': 1}"
726,zz4_H2_zz4_pair_0126,zz4_pair_0126,H2,102,22,156,"{'rz': 91, 'sx': 56, 'cz': 22, 'measure': 4, 'barrier': 1}"
727,zz4_H2_zz4_pair_0127,zz4_pair_0127,H2,102,22,156,"{'rz': 91, 'sx': 56, 'cz': 22, 'measure': 4, 'barrier': 1}"
728,zz4_H2_zz4_pair_0128,zz4_pair_0128,H2,102,22,156,"{'rz': 91, 'sx': 56, 'cz': 22, 'measure': 4, 'barrier': 1}"
729,zz4_H2_zz4_pair_0129,zz4_pair_0129,H2,1,0,156,"{'measure': 4, 'barrier': 1}"
730,zz4_H2_zz4_pair_0130,zz4_pair_0130,H2,102,22,156,"{'rz': 91, 'sx': 56, 'cz': 22, 'measure': 4, 'barrier': 1}"
731,zz4_H2_zz4_pair_0131,zz4_pair_0131,H2,102,22,156,"{'rz': 91, 'sx': 56, 'cz': 22, 'measure': 4, 'barrier': 1}"
732,zz4_H2_zz4_pair_0132,zz4_pair_0132,H2,102,22,156,"{'rz': 91, 'sx': 56, 'cz': 22, 'measure': 4, 'barrier': 1}"
733,zz4_H2_zz4_pair_0133,zz4_pair_0133,H2,102,22,156,"{'rz': 91, 'sx': 56, 'cz': 22, 'measure': 4, 'barrier': 1}"
734,zz4_H2_zz4_pair_0134,zz4_pair_0134,H2,102,22,156,"{'rz': 91, 'sx': 56, 'cz': 22, 'measure': 4, 'barrier': 1}"
735,zz4_H2_zz4_pair_0135,zz4_pair_0135,H2,102,22,156,"{'rz': 91, 'sx': 56, 'cz': 22, 'measure': 4, 'barrier': 1}"
736,zz4_H2_zz4_pair_0136,zz4_pair_0136,H2,102,22,156,"{'rz': 91, 'sx': 56, 'cz': 22, 'measure': 4, 'barrier': 1}"
737,zz4_H2_zz4_pair_0137,zz4_pair_0137,H2,102,22,156,"{'rz': 91, 'sx': 56, 'cz': 22, 'measure': 4, 'barrier': 1}"
738,zz4_H2_zz4_pair_0138,zz4_pair_0138,H2,102,22,156,"{'rz': 91, 'sx': 56, 'cz': 22, 'measure': 4, 'barrier': 1}"
739,zz4_H2_zz4_pair_0139,zz4_pair_0139,H2,102,22,156,"{'rz': 91, 'sx': 56, 'cz': 22, 'measure': 4, 'barrier': 1}"
740,zz4_H2_zz4_pair_0140,zz4_pair_0140,H2,102,22,156,"{'rz': 91, 'sx': 56, 'cz': 22, 'measure': 4, 'barrier': 1}"
741,zz4_H2_zz4_pair_0141,zz4_pair_0141,H2,102,22,156,"{'rz': 91, 'sx': 56, 'cz': 22, 'measure': 4, 'barrier': 1}"
742,zz4_H2_zz4_pair_0142,zz4_pair_0142,H2,102,22,156,"{'rz': 91, 'sx': 56, 'cz': 22, 'measure': 4, 'barrier': 1}"
743,zz4_H2_zz4_pair_0143,zz4_pair_0143,H2,102,22,156,"{'rz': 91, 'sx': 56, 'cz': 22, 'measure': 4, 'barrier': 1}"
744,zz4_H2_zz4_pair_0144,zz4_pair_0144,H2,102,22,156,"{'rz': 91, 'sx': 56, 'cz': 22, 'measure': 4, 'barrier': 1}"
745,zz4_H2_zz4_pair_0145,zz4_pair_0145,H2,102,22,156,"{'rz': 91, 'sx': 56, 'cz': 22, 'measure': 4, 'barrier': 1}"
746,zz4_H2_zz4_pair_0146,zz4_pair_0146,H2,102,22,156,"{'rz': 91, 'sx': 56, 'cz': 22, 'measure': 4, 'barrier': 1}"
747,zz4_H2_zz4_pair_0147,zz4_pair_0147,H2,1,0,156,"{'measure': 4, 'barrier': 1}"
748,zz4_H2_zz4_pair_0148,zz4_pair_0148,H2,102,22,156,"{'rz': 91, 'sx': 56, 'cz': 22, 'measure': 4, 'barrier': 1}"
749,zz4_H2_zz4_pair_0149,zz4_pair_0149,H2,102,22,156,"{'rz': 91, 'sx': 56, 'cz': 22, 'measure': 4, 'barrier': 1}"
750,zz4_H2_zz4_pair_0150,zz4_pair_0150,H2,102,22,156,"{'rz': 91, 'sx': 56, 'cz': 22, 'measure': 4, 'barrier': 1}"
751,zz4_H2_zz4_pair_0151,zz4_pair_0151,H2,102,22,156,"{'rz': 91, 'sx': 56, 'cz': 22, 'measure': 4, 'barrier': 1}"
752,zz4_H2_zz4_pair_0152,zz4_pair_0152,H2,102,22,156,"{'rz': 91, 'sx': 56, 'cz': 22, 'measure': 4, 'barrier': 1}"
753,zz4_H2_zz4_pair_0153,zz4_pair_0153,H2,102,22,156,"{'rz': 91, 'sx': 56, 'cz': 22, 'measure': 4, 'barrier': 1}"
754,zz4_H2_zz4_pair_0154,zz4_pair_0154,H2,102,22,156,"{'rz': 91, 'sx': 56, 'cz': 22, 'measure': 4, 'barrier': 1}"
755,zz4_H2_zz4_pair_0155,zz4_pair_0155,H2,102,22,156,"{'rz': 91, 'sx': 56, 'cz': 22, 'measure': 4, 'barrier': 1}"
756,zz4_H2_zz4_pair_0156,zz4_pair_0156,H2,102,22,156,"{'rz': 91, 'sx': 56, 'cz': 22, 'measure': 4, 'barrier': 1}"
757,zz4_H2_zz4_pair_0157,zz4_pair_0157,H2,102,22,156,"{'rz': 91, 'sx': 56, 'cz': 22, 'measure': 4, 'barrier': 1}"
758,zz4_H2_zz4_pair_0158,zz4_pair_0158,H2,102,22,156,"{'rz': 91, 'sx': 56, 'cz': 22, 'measure': 4, 'barrier': 1}"
759,zz4_H2_zz4_pair_0159,zz4_pair_0159,H2,102,22,156,"{'rz': 91, 'sx': 56, 'cz': 22, 'measure': 4, 'barrier': 1}"
760,zz4_H2_zz4_pair_0160,zz4_pair_0160,H2,102,22,156,"{'rz': 91, 'sx': 56, 'cz': 22, 'measure': 4, 'barrier': 1}"
761,zz4_H2_zz4_pair_0161,zz4_pair_0161,H2,102,22,156,"{'rz': 91, 'sx': 56, 'cz': 22, 'measure': 4, 'barrier': 1}"
762,zz4_H2_zz4_pair_0162,zz4_pair_0162,H2,102,22,156,"{'rz': 91, 'sx': 56, 'cz': 22, 'measure': 4, 'barrier': 1}"
763,zz4_H2_zz4_pair_0163,zz4_pair_0163,H2,102,22,156,"{'rz': 91, 'sx': 56, 'cz': 22, 'measure': 4, 'barrier': 1}"
764,zz4_H2_zz4_pair_0164,zz4_pair_0164,H2,1,0,156,"{'measure': 4, 'barrier': 1}"
765,zz4_H2_zz4_pair_0165,zz4_pair_0165,H2,102,22,156,"{'rz': 91, 'sx': 56, 'cz': 22, 'measure': 4, 'barrier': 1}"
766,zz4_H2_zz4_pair_0166,zz4_pair_0166,H2,102,22,156,"{'rz': 91, 'sx': 56, 'cz': 22, 'measure': 4, 'barrier': 1}"
767,zz4_H2_zz4_pair_0167,zz4_pair_0167,H2,102,22,156,"{'rz': 91, 'sx': 56, 'cz': 22, 'measure': 4, 'barrier': 1}"
768,zz4_H2_zz4_pair_0168,zz4_pair_0168,H2,102,22,156,"{'rz': 91, 'sx': 56, 'cz': 22, 'measure': 4, 'barrier': 1}"
769,zz4_H2_zz4_pair_0169,zz4_pair_0169,H2,102,22,156,"{'rz': 91, 'sx': 56, 'cz': 22, 'measure': 4, 'barrier': 1}"
770,zz4_H2_zz4_pair_0170,zz4_pair_0170,H2,102,22,156,"{'rz': 91, 'sx': 56, 'cz': 22, 'measure': 4, 'barrier': 1}"
771,zz4_H2_zz4_pair_0171,zz4_pair_0171,H2,102,22,156,"{'rz': 91, 'sx': 56, 'cz': 22, 'measure': 4, 'barrier': 1}"
772,zz4_H2_zz4_pair_0172,zz4_pair_0172,H2,102,22,156,"{'rz': 91, 'sx': 56, 'cz': 22, 'measure': 4, 'barrier': 1}"
773,zz4_H2_zz4_pair_0173,zz4_pair_0173,H2,102,22,156,"{'rz': 91, 'sx': 56, 'cz': 22, 'measure': 4, 'barrier': 1}"
774,zz4_H2_zz4_pair_0174,zz4_pair_0174,H2,102,22,156,"{'rz': 91, 'sx': 56, 'cz': 22, 'measure': 4, 'barrier': 1}"
775,zz4_H2_zz4_pair_0175,zz4_pair_0175,H2,102,22,156,"{'rz': 91, 'sx': 56, 'cz': 22, 'measure': 4, 'barrier': 1}"
776,zz4_H2_zz4_pair_0176,zz4_pair_0176,H2,102,22,156,"{'rz': 91, 'sx': 56, 'cz': 22, 'measure': 4, 'barrier': 1}"
777,zz4_H2_zz4_pair_0177,zz4_pair_0177,H2,102,22,156,"{'rz': 91, 'sx': 56, 'cz': 22, 'measure': 4, 'barrier': 1}"
778,zz4_H2_zz4_pair_0178,zz4_pair_0178,H2,102,22,156,"{'rz': 91, 'sx': 56, 'cz': 22, 'measure': 4, 'barrier': 1}"
779,zz4_H2_zz4_pair_0179,zz4_pair_0179,H2,102,22,156,"{'rz': 91, 'sx': 56, 'cz': 22, 'measure': 4, 'barrier': 1}"
780,zz4_H2_zz4_pair_0180,zz4_pair_0180,H2,1,0,156,"{'measure': 4, 'barrier': 1}"
781,zz4_H2_zz4_pair_0181,zz4_pair_0181,H2,102,22,156,"{'rz': 91, 'sx': 56, 'cz': 22, 'measure': 4, 'barrier': 1}"
782,zz4_H2_zz4_pair_0182,zz4_pair_0182,H2,102,22,156,"{'rz': 91, 'sx': 56, 'cz': 22, 'measure': 4, 'barrier': 1}"
783,zz4_H2_zz4_pair_0183,zz4_pair_0183,H2,102,22,156,"{'rz': 91, 'sx': 56, 'cz': 22, 'measure': 4, 'barrier': 1}"
784,zz4_H2_zz4_pair_0184,zz4_pair_0184,H2,102,22,156,"{'rz': 91, 'sx': 56, 'cz': 22, 'measure': 4, 'barrier': 1}"
785,zz4_H2_zz4_pair_0185,zz4_pair_0185,H2,102,22,156,"{'rz': 91, 'sx': 56, 'cz': 22, 'measure': 4, 'barrier': 1}"
786,zz4_H2_zz4_pair_0186,zz4_pair_0186,H2,102,22,156,"{'rz': 91, 'sx': 56, 'cz': 22, 'measure': 4, 'barrier': 1}"
787,zz4_H2_zz4_pair_0187,zz4_pair_0187,H2,102,22,156,"{'rz': 91, 'sx': 56, 'cz': 22, 'measure': 4, 'barrier': 1}"
788,zz4_H2_zz4_pair_0188,zz4_pair_0188,H2,102,22,156,"{'rz': 91, 'sx': 56, 'cz': 22, 'measure': 4, 'barrier': 1}"
789,zz4_H2_zz4_pair_0189,zz4_pair_0189,H2,102,22,156,"{'rz': 91, 'sx': 56, 'cz': 22, 'measure': 4, 'barrier': 1}"
790,zz4_H2_zz4_pair_0190,zz4_pair_0190,H2,102,22,156,"{'rz': 91, 'sx': 56, 'cz': 22, 'measure': 4, 'barrier': 1}"
791,zz4_H2_zz4_pair_0191,zz4_pair_0191,H2,102,22,156,"{'rz': 91, 'sx': 56, 'cz': 22, 'measure': 4, 'barrier': 1}"
792,zz4_H2_zz4_pair_0192,zz4_pair_0192,H2,102,22,156,"{'rz': 91, 'sx': 56, 'cz': 22, 'measure': 4, 'barrier': 1}"
793,zz4_H2_zz4_pair_0193,zz4_pair_0193,H2,102,22,156,"{'rz': 91, 'sx': 56, 'cz': 22, 'measure': 4, 'barrier': 1}"
794,zz4_H2_zz4_pair_0194,zz4_pair_0194,H2,102,22,156,"{'rz': 91, 'sx': 56, 'cz': 22, 'measure': 4, 'barrier': 1}"
795,zz4_H2_zz4_pair_0195,zz4_pair_0195,H2,1,0,156,"{'measure': 4, 'barrier': 1}"
796,zz4_H2_zz4_pair_0196,zz4_pair_0196,H2,102,22,156,"{'rz': 91, 'sx': 56, 'cz': 22, 'measure': 4, 'barrier': 1}"
797,zz4_H2_zz4_pair_0197,zz4_pair_0197,H2,102,22,156,"{'rz': 91, 'sx': 56, 'cz': 22, 'measure': 4, 'barrier': 1}"
798,zz4_H2_zz4_pair_0198,zz4_pair_0198,H2,102,22,156,"{'rz': 91, 'sx': 56, 'cz': 22, 'measure': 4, 'barrier': 1}"
799,zz4_H2_zz4_pair_0199,zz4_pair_0199,H2,102,22,156,"{'rz': 91, 'sx': 56, 'cz': 22, 'measure': 4, 'barrier': 1}"
800,zz4_H2_zz4_pair_0200,zz4_pair_0200,H2,102,22,156,"{'rz': 91, 'sx': 56, 'cz': 22, 'measure': 4, 'barrier': 1}"
801,zz4_H2_zz4_pair_0201,zz4_pair_0201,H2,102,22,156,"{'rz': 91, 'sx': 56, 'cz': 22, 'measure': 4, 'barrier': 1}"
802,zz4_H2_zz4_pair_0202,zz4_pair_0202,H2,102,22,156,"{'rz': 91, 'sx': 56, 'cz': 22, 'measure': 4, 'barrier': 1}"
803,zz4_H2_zz4_pair_0203,zz4_pair_0203,H2,102,22,156,"{'rz': 91, 'sx': 56, 'cz': 22, 'measure': 4, 'barrier': 1}"
804,zz4_H2_zz4_pair_0204,zz4_pair_0204,H2,102,22,156,"{'rz': 91, 'sx': 56, 'cz': 22, 'measure': 4, 'barrier': 1}"
805,zz4_H2_zz4_pair_0205,zz4_pair_0205,H2,102,22,156,"{'rz': 91, 'sx': 56, 'cz': 22, 'measure': 4, 'barrier': 1}"
806,zz4_H2_zz4_pair_0206,zz4_pair_0206,H2,102,22,156,"{'rz': 91, 'sx': 56, 'cz': 22, 'measure': 4, 'barrier': 1}"
807,zz4_H2_zz4_pair_0207,zz4_pair_0207,H2,102,22,156,"{'rz': 91, 'sx': 56, 'cz': 22, 'measure': 4, 'barrier': 1}"
808,zz4_H2_zz4_pair_0208,zz4_pair_0208,H2,102,22,156,"{'rz': 91, 'sx': 56, 'cz': 22, 'measure': 4, 'barrier': 1}"
809,zz4_H2_zz4_pair_0209,zz4_pair_0209,H2,1,0,156,"{'measure': 4, 'barrier': 1}"
810,zz4_H2_zz4_pair_0210,zz4_pair_0210,H2,102,22,156,"{'rz': 91, 'sx': 56, 'cz': 22, 'measure': 4, 'barrier': 1}"
811,zz4_H2_zz4_pair_0211,zz4_pair_0211,H2,102,22,156,"{'rz': 91, 'sx': 56, 'cz': 22, 'measure': 4, 'barrier': 1}"
812,zz4_H2_zz4_pair_0212,zz4_pair_0212,H2,102,22,156,"{'rz': 91, 'sx': 56, 'cz': 22, 'measure': 4, 'barrier': 1}"
813,zz4_H2_zz4_pair_0213,zz4_pair_0213,H2,102,22,156,"{'rz': 91, 'sx': 56, 'cz': 22, 'measure': 4, 'barrier': 1}"
814,zz4_H2_zz4_pair_0214,zz4_pair_0214,H2,102,22,156,"{'rz': 91, 'sx': 56, 'cz': 22, 'measure': 4, 'barrier': 1}"
815,zz4_H2_zz4_pair_0215,zz4_pair_0215,H2,102,22,156,"{'rz': 91, 'sx': 56, 'cz': 22, 'measure': 4, 'barrier': 1}"
816,zz4_H2_zz4_pair_0216,zz4_pair_0216,H2,102,22,156,"{'rz': 91, 'sx': 56, 'cz': 22, 'measure': 4, 'barrier': 1}"
817,zz4_H2_zz4_pair_0217,zz4_pair_0217,H2,102,22,156,"{'rz': 91, 'sx': 56, 'cz': 22, 'measure': 4, 'barrier': 1}"
818,zz4_H2_zz4_pair_0218,zz4_pair_0218,H2,102,22,156,"{'rz': 91, 'sx': 56, 'cz': 22, 'measure': 4, 'barrier': 1}"
819,zz4_H2_zz4_pair_0219,zz4_pair_0219,H2,102,22,156,"{'rz': 91, 'sx': 56, 'cz': 22, 'measure': 4, 'barrier': 1}"
820,zz4_H2_zz4_pair_0220,zz4_pair_0220,H2,102,22,156,"{'rz': 91, 'sx': 56, 'cz': 22, 'measure': 4, 'barrier': 1}"
821,zz4_H2_zz4_pair_0221,zz4_pair_0221,H2,102,22,156,"{'rz': 91, 'sx': 56, 'cz': 22, 'measure': 4, 'barrier': 1}"
822,zz4_H2_zz4_pair_0222,zz4_pair_0222,H2,1,0,156,"{'measure': 4, 'barrier': 1}"
823,zz4_H2_zz4_pair_0223,zz4_pair_0223,H2,102,22,156,"{'rz': 91, 'sx': 56, 'cz': 22, 'measure': 4, 'barrier': 1}"
824,zz4_H2_zz4_pair_0224,zz4_pair_0224,H2,102,22,156,"{'rz': 91, 'sx': 56, 'cz': 22, 'measure': 4, 'barrier': 1}"
825,zz4_H2_zz4_pair_0225,zz4_pair_0225,H2,102,22,156,"{'rz': 91, 'sx': 56, 'cz': 22, 'measure': 4, 'barrier': 1}"
826,zz4_H2_zz4_pair_0226,zz4_pair_0226,H2,102,22,156,"{'rz': 91, 'sx': 56, 'cz': 22, 'measure': 4, 'barrier': 1}"
827,zz4_H2_zz4_pair_0227,zz4_pair_0227,H2,102,22,156,"{'rz': 91, 'sx': 56, 'cz': 22, 'measure': 4, 'barrier': 1}"
828,zz4_H2_zz4_pair_0228,zz4_pair_0228,H2,102,22,156,"{'rz': 91, 'sx': 56, 'cz': 22, 'measure': 4, 'barrier': 1}"
829,zz4_H2_zz4_pair_0229,zz4_pair_0229,H2,102,22,156,"{'rz': 91, 'sx': 56, 'cz': 22, 'measure': 4, 'barrier': 1}"
830,zz4_H2_zz4_pair_0230,zz4_pair_0230,H2,102,22,156,"{'rz': 91, 'sx': 56, 'cz': 22, 'measure': 4, 'barrier': 1}"
831,zz4_H2_zz4_pair_0231,zz4_pair_0231,H2,102,22,156,"{'rz': 91, 'sx': 56, 'cz': 22, 'measure': 4, 'barrier': 1}"
832,zz4_H2_zz4_pair_0232,zz4_pair_0232,H2,102,22,156,"{'rz': 91, 'sx': 56, 'cz': 22, 'measure': 4, 'barrier': 1}"
833,zz4_H2_zz4_pair_0233,zz4_pair_0233,H2,102,22,156,"{'rz': 91, 'sx': 56, 'cz': 22, 'measure': 4, 'barrier': 1}"
834,zz4_H2_zz4_pair_0234,zz4_pair_0234,H2,1,0,156,"{'measure': 4, 'barrier': 1}"
835,zz4_H2_zz4_pair_0235,zz4_pair_0235,H2,102,22,156,"{'rz': 91, 'sx': 56, 'cz': 22, 'measure': 4, 'barrier': 1}"
836,zz4_H2_zz4_pair_0236,zz4_pair_0236,H2,102,22,156,"{'rz': 91, 'sx': 56, 'cz': 22, 'measure': 4, 'barrier': 1}"
837,zz4_H2_zz4_pair_0237,zz4_pair_0237,H2,102,22,156,"{'rz': 91, 'sx': 56, 'cz': 22, 'measure': 4, 'barrier': 1}"
838,zz4_H2_zz4_pair_0238,zz4_pair_0238,H2,102,22,156,"{'rz': 91, 'sx': 56, 'cz': 22, 'measure': 4, 'barrier': 1}"
839,zz4_H2_zz4_pair_0239,zz4_pair_0239,H2,102,22,156,"{'rz': 91, 'sx': 56, 'cz': 22, 'measure': 4, 'barrier': 1}"
840,zz4_H2_zz4_pair_0240,zz4_pair_0240,H2,102,22,156,"{'rz': 91, 'sx': 56, 'cz': 22, 'measure': 4, 'barrier': 1}"
841,zz4_H2_zz4_pair_0241,zz4_pair_0241,H2,102,22,156,"{'rz': 91, 'sx': 56, 'cz': 22, 'measure': 4, 'barrier': 1}"
842,zz4_H2_zz4_pair_0242,zz4_pair_0242,H2,102,22,156,"{'rz': 91, 'sx': 56, 'cz': 22, 'measure': 4, 'barrier': 1}"
843,zz4_H2_zz4_pair_0243,zz4_pair_0243,H2,102,22,156,"{'rz': 91, 'sx': 56, 'cz': 22, 'measure': 4, 'barrier': 1}"
844,zz4_H2_zz4_pair_0244,zz4_pair_0244,H2,102,22,156,"{'rz': 91, 'sx': 56, 'cz': 22, 'measure': 4, 'barrier': 1}"
845,zz4_H2_zz4_pair_0245,zz4_pair_0245,H2,1,0,156,"{'measure': 4, 'barrier': 1}"
846,zz4_H2_zz4_pair_0246,zz4_pair_0246,H2,102,22,156,"{'rz': 91, 'sx': 56, 'cz': 22, 'measure': 4, 'barrier': 1}"
847,zz4_H2_zz4_pair_0247,zz4_pair_0247,H2,102,22,156,"{'rz': 91, 'sx': 56, 'cz': 22, 'measure': 4, 'barrier': 1}"
848,zz4_H2_zz4_pair_0248,zz4_pair_0248,H2,102,22,156,"{'rz': 91, 'sx': 56, 'cz': 22, 'measure': 4, 'barrier': 1}"
849,zz4_H2_zz4_pair_0249,zz4_pair_0249,H2,102,22,156,"{'rz': 91, 'sx': 56, 'cz': 22, 'measure': 4, 'barrier': 1}"
850,zz4_H2_zz4_pair_0250,zz4_pair_0250,H2,102,22,156,"{'rz': 91, 'sx': 56, 'cz': 22, 'measure': 4, 'barrier': 1}"
851,zz4_H2_zz4_pair_0251,zz4_pair_0251,H2,102,22,156,"{'rz': 91, 'sx': 56, 'cz': 22, 'measure': 4, 'barrier': 1}"
852,zz4_H2_zz4_pair_0252,zz4_pair_0252,H2,102,22,156,"{'rz': 91, 'sx': 56, 'cz': 22, 'measure': 4, 'barrier': 1}"
853,zz4_H2_zz4_pair_0253,zz4_pair_0253,H2,102,22,156,"{'rz': 91, 'sx': 56, 'cz': 22, 'measure': 4, 'barrier': 1}"
854,zz4_H2_zz4_pair_0254,zz4_pair_0254,H2,102,22,156,"{'rz': 91, 'sx': 56, 'cz': 22, 'measure': 4, 'barrier': 1}"
855,zz4_H2_zz4_pair_0255,zz4_pair_0255,H2,1,0,156,"{'measure': 4, 'barrier': 1}"
856,zz4_H2_zz4_pair_0256,zz4_pair_0256,H2,102,22,156,"{'rz': 91, 'sx': 56, 'cz': 22, 'measure': 4, 'barrier': 1}"
857,zz4_H2_zz4_pair_0257,zz4_pair_0257,H2,102,22,156,"{'rz': 91, 'sx': 56, 'cz': 22, 'measure': 4, 'barrier': 1}"
858,zz4_H2_zz4_pair_0258,zz4_pair_0258,H2,102,22,156,"{'rz': 91, 'sx': 56, 'cz': 22, 'measure': 4, 'barrier': 1}"
859,zz4_H2_zz4_pair_0259,zz4_pair_0259,H2,102,22,156,"{'rz': 91, 'sx': 56, 'cz': 22, 'measure': 4, 'barrier': 1}"
860,zz4_H2_zz4_pair_0260,zz4_pair_0260,H2,102,22,156,"{'rz': 91, 'sx': 56, 'cz': 22, 'measure': 4, 'barrier': 1}"
861,zz4_H2_zz4_pair_0261,zz4_pair_0261,H2,102,22,156,"{'rz': 91, 'sx': 56, 'cz': 22, 'measure': 4, 'barrier': 1}"
862,zz4_H2_zz4_pair_0262,zz4_pair_0262,H2,102,22,156,"{'rz': 91, 'sx': 56, 'cz': 22, 'measure': 4, 'barrier': 1}"
863,zz4_H2_zz4_pair_0263,zz4_pair_0263,H2,102,22,156,"{'rz': 91, 'sx': 56, 'cz': 22, 'measure': 4, 'barrier': 1}"
864,zz4_H2_zz4_pair_0264,zz4_pair_0264,H2,1,0,156,"{'measure': 4, 'barrier': 1}"
865,zz4_H2_zz4_pair_0265,zz4_pair_0265,H2,102,22,156,"{'rz': 91, 'sx': 56, 'cz': 22, 'measure': 4, 'barrier': 1}"
866,zz4_H2_zz4_pair_0266,zz4_pair_0266,H2,102,22,156,"{'rz': 91, 'sx': 56, 'cz': 22, 'measure': 4, 'barrier': 1}"
867,zz4_H2_zz4_pair_0267,zz4_pair_0267,H2,102,22,156,"{'rz': 91, 'sx': 56, 'cz': 22, 'measure': 4, 'barrier': 1}"
868,zz4_H2_zz4_pair_0268,zz4_pair_0268,H2,102,22,156,"{'rz': 91, 'sx': 56, 'cz': 22, 'measure': 4, 'barrier': 1}"
869,zz4_H2_zz4_pair_0269,zz4_pair_0269,H2,102,22,156,"{'rz': 91, 'sx': 56, 'cz': 22, 'measure': 4, 'barrier': 1}"
870,zz4_H2_zz4_pair_0270,zz4_pair_0270,H2,102,22,156,"{'rz': 91, 'sx': 56, 'cz': 22, 'measure': 4, 'barrier': 1}"
871,zz4_H2_zz4_pair_0271,zz4_pair_0271,H2,102,22,156,"{'rz': 91, 'sx': 56, 'cz': 22, 'measure': 4, 'barrier': 1}"
872,zz4_H2_zz4_pair_0272,zz4_pair_0272,H2,1,0,156,"{'measure': 4, 'barrier': 1}"
873,zz4_H2_zz4_pair_0273,zz4_pair_0273,H2,102,22,156,"{'rz': 91, 'sx': 56, 'cz': 22, 'measure': 4, 'barrier': 1}"
874,zz4_H2_zz4_pair_0274,zz4_pair_0274,H2,102,22,156,"{'rz': 91, 'sx': 56, 'cz': 22, 'measure': 4, 'barrier': 1}"
875,zz4_H2_zz4_pair_0275,zz4_pair_0275,H2,102,22,156,"{'rz': 91, 'sx': 56, 'cz': 22, 'measure': 4, 'barrier': 1}"
876,zz4_H2_zz4_pair_0276,zz4_pair_0276,H2,102,22,156,"{'rz': 91, 'sx': 56, 'cz': 22, 'measure': 4, 'barrier': 1}"
877,zz4_H2_zz4_pair_0277,zz4_pair_0277,H2,102,22,156,"{'rz': 91, 'sx': 56, 'cz': 22, 'measure': 4, 'barrier': 1}"
878,zz4_H2_zz4_pair_0278,zz4_pair_0278,H2,102,22,156,"{'rz': 91, 'sx': 56, 'cz': 22, 'measure': 4, 'barrier': 1}"
879,zz4_H2_zz4_pair_0279,zz4_pair_0279,H2,1,0,156,"{'measure': 4, 'barrier': 1}"
880,zz4_H2_zz4_pair_0280,zz4_pair_0280,H2,102,22,156,"{'rz': 91, 'sx': 56, 'cz': 22, 'measure': 4, 'barrier': 1}"
881,zz4_H2_zz4_pair_0281,zz4_pair_0281,H2,102,22,156,"{'rz': 91, 'sx': 56, 'cz': 22, 'measure': 4, 'barrier': 1}"
882,zz4_H2_zz4_pair_0282,zz4_pair_0282,H2,102,22,156,"{'rz': 91, 'sx': 56, 'cz': 22, 'measure': 4, 'barrier': 1}"
883,zz4_H2_zz4_pair_0283,zz4_pair_0283,H2,102,22,156,"{'rz': 91, 'sx': 56, 'cz': 22, 'measure': 4, 'barrier': 1}"
884,zz4_H2_zz4_pair_0284,zz4_pair_0284,H2,102,22,156,"{'rz': 91, 'sx': 56, 'cz': 22, 'measure': 4, 'barrier': 1}"
885,zz4_H2_zz4_pair_0285,zz4_pair_0285,H2,1,0,156,"{'measure': 4, 'barrier': 1}"
886,zz4_H2_zz4_pair_0286,zz4_pair_0286,H2,102,22,156,"{'rz': 91, 'sx': 56, 'cz': 22, 'measure': 4, 'barrier': 1}"
887,zz4_H2_zz4_pair_0287,zz4_pair_0287,H2,102,22,156,"{'rz': 91, 'sx': 56, 'cz': 22, 'measure': 4, 'barrier': 1}"
888,zz4_H2_zz4_pair_0288,zz4_pair_0288,H2,102,22,156,"{'rz': 91, 'sx': 56, 'cz': 22, 'measure': 4, 'barrier': 1}"
889,zz4_H2_zz4_pair_0289,zz4_pair_0289,H2,102,22,156,"{'rz': 91, 'sx': 56, 'cz': 22, 'measure': 4, 'barrier': 1}"
890,zz4_H2_zz4_pair_0290,zz4_pair_0290,H2,1,0,156,"{'measure': 4, 'barrier': 1}"
891,zz4_H2_zz4_pair_0291,zz4_pair_0291,H2,102,22,156,"{'rz': 91, 'sx': 56, 'cz': 22, 'measure': 4, 'barrier': 1}"
892,zz4_H2_zz4_pair_0292,zz4_pair_0292,H2,102,22,156,"{'rz': 91, 'sx': 56, 'cz': 22, 'measure': 4, 'barrier': 1}"
893,zz4_H2_zz4_pair_0293,zz4_pair_0293,H2,102,22,156,"{'rz': 91, 'sx': 56, 'cz': 22, 'measure': 4, 'barrier': 1}"
894,zz4_H2_zz4_pair_0294,zz4_pair_0294,H2,1,0,156,"{'measure': 4, 'barrier': 1}"
895,zz4_H2_zz4_pair_0295,zz4_pair_0295,H2,102,22,156,"{'rz': 91, 'sx': 56, 'cz': 22, 'measure': 4, 'barrier': 1}"
896,zz4_H2_zz4_pair_0296,zz4_pair_0296,H2,102,22,156,"{'rz': 91, 'sx': 56, 'cz': 22, 'measure': 4, 'barrier': 1}"
897,zz4_H2_zz4_pair_0297,zz4_pair_0297,H2,1,0,156,"{'measure': 4, 'barrier': 1}"
898,zz4_H2_zz4_pair_0298,zz4_pair_0298,H2,102,22,156,"{'rz': 91, 'sx': 56, 'cz': 22, 'measure': 4, 'barrier': 1}"
899,zz4_H2_zz4_pair_0299,zz4_pair_0299,H2,1,0,156,"{'measure': 4, 'barrier': 1}"
