circuit_order,circuit_inventory_id,pair_id,pair_inventory_row,i,j,regime,num_qubits,num_clbits,depth_logical,name
0,zz4_H0_zz4_pair_0000,zz4_pair_0000,0,0,0,H0,4,4,3,zz4_H0_pair_zz4_pair_0000_circuit_zz4_H0_zz4_pair_0000
1,zz4_H0_zz4_pair_0001,zz4_pair_0001,1,0,1,H0,4,4,3,zz4_H0_pair_zz4_pair_0001_circuit_zz4_H0_zz4_pair_0001
2,zz4_H0_zz4_pair_0002,zz4_pair_0002,2,0,2,H0,4,4,3,zz4_H0_pair_zz4_pair_0002_circuit_zz4_H0_zz4_pair_0002
3,zz4_H0_zz4_pair_0003,zz4_pair_0003,3,0,3,H0,4,4,3,zz4_H0_pair_zz4_pair_0003_circuit_zz4_H0_zz4_pair_0003
4,zz4_H0_zz4_pair_0004,zz4_pair_0004,4,0,4,H0,4,4,3,zz4_H0_pair_zz4_pair_0004_circuit_zz4_H0_zz4_pair_0004
5,zz4_H0_zz4_pair_0005,zz4_pair_0005,5,0,5,H0,4,4,3,zz4_H0_pair_zz4_pair_0005_circuit_zz4_H0_zz4_pair_0005
6,zz4_H0_zz4_pair_0006,zz4_pair_0006,6,0,6,H0,4,4,3,zz4_H0_pair_zz4_pair_0006_circuit_zz4_H0_zz4_pair_0006
7,zz4_H0_zz4_pair_0007,zz4_pair_0007,7,0,7,H0,4,4,3,zz4_H0_pair_zz4_pair_0007_circuit_zz4_H0_zz4_pair_0007
8,zz4_H0_zz4_pair_0008,zz4_pair_0008,8,0,8,H0,4,4,3,zz4_H0_pair_zz4_pair_0008_circuit_zz4_H0_zz4_pair_0008
9,zz4_H0_zz4_pair_0009,zz4_pair_0009,9,0,9,H0,4,4,3,zz4_H0_pair_zz4_pair_0009_circuit_zz4_H0_zz4_pair_0009
10,zz4_H0_zz4_pair_0010,zz4_pair_0010,10,0,10,H0,4,4,3,zz4_H0_pair_zz4_pair_0010_circuit_zz4_H0_zz4_pair_0010
11,zz4_H0_zz4_pair_0011,zz4_pair_0011,11,0,11,H0,4,4,3,zz4_H0_pair_zz4_pair_0011_circuit_zz4_H0_zz4_pair_0011
12,zz4_H0_zz4_pair_0012,zz4_pair_0012,12,0,12,H0,4,4,3,zz4_H0_pair_zz4_pair_0012_circuit_zz4_H0_zz4_pair_0012
13,zz4_H0_zz4_pair_0013,zz4_pair_0013,13,0,13,H0,4,4,3,zz4_H0_pair_zz4_pair_0013_circuit_zz4_H0_zz4_pair_0013
14,zz4_H0_zz4_pair_0014,zz4_pair_0014,14,0,14,H0,4,4,3,zz4_H0_pair_zz4_pair_0014_circuit_zz4_H0_zz4_pair_0014
15,zz4_H0_zz4_pair_0015,zz4_pair_0015,15,0,15,H0,4,4,3,zz4_H0_pair_zz4_pair_0015_circuit_zz4_H0_zz4_pair_0015
16,zz4_H0_zz4_pair_0016,zz4_pair_0016,16,0,16,H0,4,4,3,zz4_H0_pair_zz4_pair_0016_circuit_zz4_H0_zz4_pair_0016
17,zz4_H0_zz4_pair_0017,zz4_pair_0017,17,0,17,H0,4,4,3,zz4_H0_pair_zz4_pair_0017_circuit_zz4_H0_zz4_pair_0017
18,zz4_H0_zz4_pair_0018,zz4_pair_0018,18,0,18,H0,4,4,3,zz4_H0_pair_zz4_pair_0018_circuit_zz4_H0_zz4_pair_0018
19,zz4_H0_zz4_pair_0019,zz4_pair_0019,19,0,19,H0,4,4,3,zz4_H0_pair_zz4_pair_0019_circuit_zz4_H0_zz4_pair_0019
20,zz4_H0_zz4_pair_0020,zz4_pair_0020,20,0,20,H0,4,4,3,zz4_H0_pair_zz4_pair_0020_circuit_zz4_H0_zz4_pair_0020
21,zz4_H0_zz4_pair_0021,zz4_pair_0021,21,0,21,H0,4,4,3,zz4_H0_pair_zz4_pair_0021_circuit_zz4_H0_zz4_pair_0021
22,zz4_H0_zz4_pair_0022,zz4_pair_0022,22,0,22,H0,4,4,3,zz4_H0_pair_zz4_pair_0022_circuit_zz4_H0_zz4_pair_0022
23,zz4_H0_zz4_pair_0023,zz4_pair_0023,23,0,23,H0,4,4,3,zz4_H0_pair_zz4_pair_0023_circuit_zz4_H0_zz4_pair_0023
24,zz4_H0_zz4_pair_0024,zz4_pair_0024,24,1,1,H0,4,4,3,zz4_H0_pair_zz4_pair_0024_circuit_zz4_H0_zz4_pair_0024
25,zz4_H0_zz4_pair_0025,zz4_pair_0025,25,1,2,H0,4,4,3,zz4_H0_pair_zz4_pair_0025_circuit_zz4_H0_zz4_pair_0025
26,zz4_H0_zz4_pair_0026,zz4_pair_0026,26,1,3,H0,4,4,3,zz4_H0_pair_zz4_pair_0026_circuit_zz4_H0_zz4_pair_0026
27,zz4_H0_zz4_pair_0027,zz4_pair_0027,27,1,4,H0,4,4,3,zz4_H0_pair_zz4_pair_0027_circuit_zz4_H0_zz4_pair_0027
28,zz4_H0_zz4_pair_0028,zz4_pair_0028,28,1,5,H0,4,4,3,zz4_H0_pair_zz4_pair_0028_circuit_zz4_H0_zz4_pair_0028
29,zz4_H0_zz4_pair_0029,zz4_pair_0029,29,1,6,H0,4,4,3,zz4_H0_pair_zz4_pair_0029_circuit_zz4_H0_zz4_pair_0029
30,zz4_H0_zz4_pair_0030,zz4_pair_0030,30,1,7,H0,4,4,3,zz4_H0_pair_zz4_pair_0030_circuit_zz4_H0_zz4_pair_0030
31,zz4_H0_zz4_pair_0031,zz4_pair_0031,31,1,8,H0,4,4,3,zz4_H0_pair_zz4_pair_0031_circuit_zz4_H0_zz4_pair_0031
32,zz4_H0_zz4_pair_0032,zz4_pair_0032,32,1,9,H0,4,4,3,zz4_H0_pair_zz4_pair_0032_circuit_zz4_H0_zz4_pair_0032
33,zz4_H0_zz4_pair_0033,zz4_pair_0033,33,1,10,H0,4,4,3,zz4_H0_pair_zz4_pair_0033_circuit_zz4_H0_zz4_pair_0033
34,zz4_H0_zz4_pair_0034,zz4_pair_0034,34,1,11,H0,4,4,3,zz4_H0_pair_zz4_pair_0034_circuit_zz4_H0_zz4_pair_0034
35,zz4_H0_zz4_pair_0035,zz4_pair_0035,35,1,12,H0,4,4,3,zz4_H0_pair_zz4_pair_0035_circuit_zz4_H0_zz4_pair_0035
36,zz4_H0_zz4_pair_0036,zz4_pair_0036,36,1,13,H0,4,4,3,zz4_H0_pair_zz4_pair_0036_circuit_zz4_H0_zz4_pair_0036
37,zz4_H0_zz4_pair_0037,zz4_pair_0037,37,1,14,H0,4,4,3,zz4_H0_pair_zz4_pair_0037_circuit_zz4_H0_zz4_pair_0037
38,zz4_H0_zz4_pair_0038,zz4_pair_0038,38,1,15,H0,4,4,3,zz4_H0_pair_zz4_pair_0038_circuit_zz4_H0_zz4_pair_0038
39,zz4_H0_zz4_pair_0039,zz4_pair_0039,39,1,16,H0,4,4,3,zz4_H0_pair_zz4_pair_0039_circuit_zz4_H0_zz4_pair_0039
40,zz4_H0_zz4_pair_0040,zz4_pair_0040,40,1,17,H0,4,4,3,zz4_H0_pair_zz4_pair_0040_circuit_zz4_H0_zz4_pair_0040
41,zz4_H0_zz4_pair_0041,zz4_pair_0041,41,1,18,H0,4,4,3,zz4_H0_pair_zz4_pair_0041_circuit_zz4_H0_zz4_pair_0041
42,zz4_H0_zz4_pair_0042,zz4_pair_0042,42,1,19,H0,4,4,3,zz4_H0_pair_zz4_pair_0042_circuit_zz4_H0_zz4_pair_0042
43,zz4_H0_zz4_pair_0043,zz4_pair_0043,43,1,20,H0,4,4,3,zz4_H0_pair_zz4_pair_0043_circuit_zz4_H0_zz4_pair_0043
44,zz4_H0_zz4_pair_0044,zz4_pair_0044,44,1,21,H0,4,4,3,zz4_H0_pair_zz4_pair_0044_circuit_zz4_H0_zz4_pair_0044
45,zz4_H0_zz4_pair_0045,zz4_pair_0045,45,1,22,H0,4,4,3,zz4_H0_pair_zz4_pair_0045_circuit_zz4_H0_zz4_pair_0045
46,zz4_H0_zz4_pair_0046,zz4_pair_0046,46,1,23,H0,4,4,3,zz4_H0_pair_zz4_pair_0046_circuit_zz4_H0_zz4_pair_0046
47,zz4_H0_zz4_pair_0047,zz4_pair_0047,47,2,2,H0,4,4,3,zz4_H0_pair_zz4_pair_0047_circuit_zz4_H0_zz4_pair_0047
48,zz4_H0_zz4_pair_0048,zz4_pair_0048,48,2,3,H0,4,4,3,zz4_H0_pair_zz4_pair_0048_circuit_zz4_H0_zz4_pair_0048
49,zz4_H0_zz4_pair_0049,zz4_pair_0049,49,2,4,H0,4,4,3,zz4_H0_pair_zz4_pair_0049_circuit_zz4_H0_zz4_pair_0049
50,zz4_H0_zz4_pair_0050,zz4_pair_0050,50,2,5,H0,4,4,3,zz4_H0_pair_zz4_pair_0050_circuit_zz4_H0_zz4_pair_0050
51,zz4_H0_zz4_pair_0051,zz4_pair_0051,51,2,6,H0,4,4,3,zz4_H0_pair_zz4_pair_0051_circuit_zz4_H0_zz4_pair_0051
52,zz4_H0_zz4_pair_0052,zz4_pair_0052,52,2,7,H0,4,4,3,zz4_H0_pair_zz4_pair_0052_circuit_zz4_H0_zz4_pair_0052
53,zz4_H0_zz4_pair_0053,zz4_pair_0053,53,2,8,H0,4,4,3,zz4_H0_pair_zz4_pair_0053_circuit_zz4_H0_zz4_pair_0053
54,zz4_H0_zz4_pair_0054,zz4_pair_0054,54,2,9,H0,4,4,3,zz4_H0_pair_zz4_pair_0054_circuit_zz4_H0_zz4_pair_0054
55,zz4_H0_zz4_pair_0055,zz4_pair_0055,55,2,10,H0,4,4,3,zz4_H0_pair_zz4_pair_0055_circuit_zz4_H0_zz4_pair_0055
56,zz4_H0_zz4_pair_0056,zz4_pair_0056,56,2,11,H0,4,4,3,zz4_H0_pair_zz4_pair_0056_circuit_zz4_H0_zz4_pair_0056
57,zz4_H0_zz4_pair_0057,zz4_pair_0057,57,2,12,H0,4,4,3,zz4_H0_pair_zz4_pair_0057_circuit_zz4_H0_zz4_pair_0057
58,zz4_H0_zz4_pair_0058,zz4_pair_0058,58,2,13,H0,4,4,3,zz4_H0_pair_zz4_pair_0058_circuit_zz4_H0_zz4_pair_0058
59,zz4_H0_zz4_pair_0059,zz4_pair_0059,59,2,14,H0,4,4,3,zz4_H0_pair_zz4_pair_0059_circuit_zz4_H0_zz4_pair_0059
60,zz4_H0_zz4_pair_0060,zz4_pair_0060,60,2,15,H0,4,4,3,zz4_H0_pair_zz4_pair_0060_circuit_zz4_H0_zz4_pair_0060
61,zz4_H0_zz4_pair_0061,zz4_pair_0061,61,2,16,H0,4,4,3,zz4_H0_pair_zz4_pair_0061_circuit_zz4_H0_zz4_pair_0061
62,zz4_H0_zz4_pair_0062,zz4_pair_0062,62,2,17,H0,4,4,3,zz4_H0_pair_zz4_pair_0062_circuit_zz4_H0_zz4_pair_0062
63,zz4_H0_zz4_pair_0063,zz4_pair_0063,63,2,18,H0,4,4,3,zz4_H0_pair_zz4_pair_0063_circuit_zz4_H0_zz4_pair_0063
64,zz4_H0_zz4_pair_0064,zz4_pair_0064,64,2,19,H0,4,4,3,zz4_H0_pair_zz4_pair_0064_circuit_zz4_H0_zz4_pair_0064
65,zz4_H0_zz4_pair_0065,zz4_pair_0065,65,2,20,H0,4,4,3,zz4_H0_pair_zz4_pair_0065_circuit_zz4_H0_zz4_pair_0065
66,zz4_H0_zz4_pair_0066,zz4_pair_0066,66,2,21,H0,4,4,3,zz4_H0_pair_zz4_pair_0066_circuit_zz4_H0_zz4_pair_0066
67,zz4_H0_zz4_pair_0067,zz4_pair_0067,67,2,22,H0,4,4,3,zz4_H0_pair_zz4_pair_0067_circuit_zz4_H0_zz4_pair_0067
68,zz4_H0_zz4_pair_0068,zz4_pair_0068,68,2,23,H0,4,4,3,zz4_H0_pair_zz4_pair_0068_circuit_zz4_H0_zz4_pair_0068
69,zz4_H0_zz4_pair_0069,zz4_pair_0069,69,3,3,H0,4,4,3,zz4_H0_pair_zz4_pair_0069_circuit_zz4_H0_zz4_pair_0069
70,zz4_H0_zz4_pair_0070,zz4_pair_0070,70,3,4,H0,4,4,3,zz4_H0_pair_zz4_pair_0070_circuit_zz4_H0_zz4_pair_0070
71,zz4_H0_zz4_pair_0071,zz4_pair_0071,71,3,5,H0,4,4,3,zz4_H0_pair_zz4_pair_0071_circuit_zz4_H0_zz4_pair_0071
72,zz4_H0_zz4_pair_0072,zz4_pair_0072,72,3,6,H0,4,4,3,zz4_H0_pair_zz4_pair_0072_circuit_zz4_H0_zz4_pair_0072
73,zz4_H0_zz4_pair_0073,zz4_pair_0073,73,3,7,H0,4,4,3,zz4_H0_pair_zz4_pair_0073_circuit_zz4_H0_zz4_pair_0073
74,zz4_H0_zz4_pair_0074,zz4_pair_0074,74,3,8,H0,4,4,3,zz4_H0_pair_zz4_pair_0074_circuit_zz4_H0_zz4_pair_0074
75,zz4_H0_zz4_pair_0075,zz4_pair_0075,75,3,9,H0,4,4,3,zz4_H0_pair_zz4_pair_0075_circuit_zz4_H0_zz4_pair_0075
76,zz4_H0_zz4_pair_0076,zz4_pair_0076,76,3,10,H0,4,4,3,zz4_H0_pair_zz4_pair_0076_circuit_zz4_H0_zz4_pair_0076
77,zz4_H0_zz4_pair_0077,zz4_pair_0077,77,3,11,H0,4,4,3,zz4_H0_pair_zz4_pair_0077_circuit_zz4_H0_zz4_pair_0077
78,zz4_H0_zz4_pair_0078,zz4_pair_0078,78,3,12,H0,4,4,3,zz4_H0_pair_zz4_pair_0078_circuit_zz4_H0_zz4_pair_0078
79,zz4_H0_zz4_pair_0079,zz4_pair_0079,79,3,13,H0,4,4,3,zz4_H0_pair_zz4_pair_0079_circuit_zz4_H0_zz4_pair_0079
80,zz4_H0_zz4_pair_0080,zz4_pair_0080,80,3,14,H0,4,4,3,zz4_H0_pair_zz4_pair_0080_circuit_zz4_H0_zz4_pair_0080
81,zz4_H0_zz4_pair_0081,zz4_pair_0081,81,3,15,H0,4,4,3,zz4_H0_pair_zz4_pair_0081_circuit_zz4_H0_zz4_pair_0081
82,zz4_H0_zz4_pair_0082,zz4_pair_0082,82,3,16,H0,4,4,3,zz4_H0_pair_zz4_pair_0082_circuit_zz4_H0_zz4_pair_0082
83,zz4_H0_zz4_pair_0083,zz4_pair_0083,83,3,17,H0,4,4,3,zz4_H0_pair_zz4_pair_0083_circuit_zz4_H0_zz4_pair_0083
84,zz4_H0_zz4_pair_0084,zz4_pair_0084,84,3,18,H0,4,4,3,zz4_H0_pair_zz4_pair_0084_circuit_zz4_H0_zz4_pair_0084
85,zz4_H0_zz4_pair_0085,zz4_pair_0085,85,3,19,H0,4,4,3,zz4_H0_pair_zz4_pair_0085_circuit_zz4_H0_zz4_pair_0085
86,zz4_H0_zz4_pair_0086,zz4_pair_0086,86,3,20,H0,4,4,3,zz4_H0_pair_zz4_pair_0086_circuit_zz4_H0_zz4_pair_0086
87,zz4_H0_zz4_pair_0087,zz4_pair_0087,87,3,21,H0,4,4,3,zz4_H0_pair_zz4_pair_0087_circuit_zz4_H0_zz4_pair_0087
88,zz4_H0_zz4_pair_0088,zz4_pair_0088,88,3,22,H0,4,4,3,zz4_H0_pair_zz4_pair_0088_circuit_zz4_H0_zz4_pair_0088
89,zz4_H0_zz4_pair_0089,zz4_pair_0089,89,3,23,H0,4,4,3,zz4_H0_pair_zz4_pair_0089_circuit_zz4_H0_zz4_pair_0089
90,zz4_H0_zz4_pair_0090,zz4_pair_0090,90,4,4,H0,4,4,3,zz4_H0_pair_zz4_pair_0090_circuit_zz4_H0_zz4_pair_0090
91,zz4_H0_zz4_pair_0091,zz4_pair_0091,91,4,5,H0,4,4,3,zz4_H0_pair_zz4_pair_0091_circuit_zz4_H0_zz4_pair_0091
92,zz4_H0_zz4_pair_0092,zz4_pair_0092,92,4,6,H0,4,4,3,zz4_H0_pair_zz4_pair_0092_circuit_zz4_H0_zz4_pair_0092
93,zz4_H0_zz4_pair_0093,zz4_pair_0093,93,4,7,H0,4,4,3,zz4_H0_pair_zz4_pair_0093_circuit_zz4_H0_zz4_pair_0093
94,zz4_H0_zz4_pair_0094,zz4_pair_0094,94,4,8,H0,4,4,3,zz4_H0_pair_zz4_pair_0094_circuit_zz4_H0_zz4_pair_0094
95,zz4_H0_zz4_pair_0095,zz4_pair_0095,95,4,9,H0,4,4,3,zz4_H0_pair_zz4_pair_0095_circuit_zz4_H0_zz4_pair_0095
96,zz4_H0_zz4_pair_0096,zz4_pair_0096,96,4,10,H0,4,4,3,zz4_H0_pair_zz4_pair_0096_circuit_zz4_H0_zz4_pair_0096
97,zz4_H0_zz4_pair_0097,zz4_pair_0097,97,4,11,H0,4,4,3,zz4_H0_pair_zz4_pair_0097_circuit_zz4_H0_zz4_pair_0097
98,zz4_H0_zz4_pair_0098,zz4_pair_0098,98,4,12,H0,4,4,3,zz4_H0_pair_zz4_pair_0098_circuit_zz4_H0_zz4_pair_0098
99,zz4_H0_zz4_pair_0099,zz4_pair_0099,99,4,13,H0,4,4,3,zz4_H0_pair_zz4_pair_0099_circuit_zz4_H0_zz4_pair_0099
100,zz4_H0_zz4_pair_0100,zz4_pair_0100,100,4,14,H0,4,4,3,zz4_H0_pair_zz4_pair_0100_circuit_zz4_H0_zz4_pair_0100
101,zz4_H0_zz4_pair_0101,zz4_pair_0101,101,4,15,H0,4,4,3,zz4_H0_pair_zz4_pair_0101_circuit_zz4_H0_zz4_pair_0101
102,zz4_H0_zz4_pair_0102,zz4_pair_0102,102,4,16,H0,4,4,3,zz4_H0_pair_zz4_pair_0102_circuit_zz4_H0_zz4_pair_0102
103,zz4_H0_zz4_pair_0103,zz4_pair_0103,103,4,17,H0,4,4,3,zz4_H0_pair_zz4_pair_0103_circuit_zz4_H0_zz4_pair_0103
104,zz4_H0_zz4_pair_0104,zz4_pair_0104,104,4,18,H0,4,4,3,zz4_H0_pair_zz4_pair_0104_circuit_zz4_H0_zz4_pair_0104
105,zz4_H0_zz4_pair_0105,zz4_pair_0105,105,4,19,H0,4,4,3,zz4_H0_pair_zz4_pair_0105_circuit_zz4_H0_zz4_pair_0105
106,zz4_H0_zz4_pair_0106,zz4_pair_0106,106,4,20,H0,4,4,3,zz4_H0_pair_zz4_pair_0106_circuit_zz4_H0_zz4_pair_0106
107,zz4_H0_zz4_pair_0107,zz4_pair_0107,107,4,21,H0,4,4,3,zz4_H0_pair_zz4_pair_0107_circuit_zz4_H0_zz4_pair_0107
108,zz4_H0_zz4_pair_0108,zz4_pair_0108,108,4,22,H0,4,4,3,zz4_H0_pair_zz4_pair_0108_circuit_zz4_H0_zz4_pair_0108
109,zz4_H0_zz4_pair_0109,zz4_pair_0109,109,4,23,H0,4,4,3,zz4_H0_pair_zz4_pair_0109_circuit_zz4_H0_zz4_pair_0109
110,zz4_H0_zz4_pair_0110,zz4_pair_0110,110,5,5,H0,4,4,3,zz4_H0_pair_zz4_pair_0110_circuit_zz4_H0_zz4_pair_0110
111,zz4_H0_zz4_pair_0111,zz4_pair_0111,111,5,6,H0,4,4,3,zz4_H0_pair_zz4_pair_0111_circuit_zz4_H0_zz4_pair_0111
112,zz4_H0_zz4_pair_0112,zz4_pair_0112,112,5,7,H0,4,4,3,zz4_H0_pair_zz4_pair_0112_circuit_zz4_H0_zz4_pair_0112
113,zz4_H0_zz4_pair_0113,zz4_pair_0113,113,5,8,H0,4,4,3,zz4_H0_pair_zz4_pair_0113_circuit_zz4_H0_zz4_pair_0113
114,zz4_H0_zz4_pair_0114,zz4_pair_0114,114,5,9,H0,4,4,3,zz4_H0_pair_zz4_pair_0114_circuit_zz4_H0_zz4_pair_0114
115,zz4_H0_zz4_pair_0115,zz4_pair_0115,115,5,10,H0,4,4,3,zz4_H0_pair_zz4_pair_0115_circuit_zz4_H0_zz4_pair_0115
116,zz4_H0_zz4_pair_0116,zz4_pair_0116,116,5,11,H0,4,4,3,zz4_H0_pair_zz4_pair_0116_circuit_zz4_H0_zz4_pair_0116
117,zz4_H0_zz4_pair_0117,zz4_pair_0117,117,5,12,H0,4,4,3,zz4_H0_pair_zz4_pair_0117_circuit_zz4_H0_zz4_pair_0117
118,zz4_H0_zz4_pair_0118,zz4_pair_0118,118,5,13,H0,4,4,3,zz4_H0_pair_zz4_pair_0118_circuit_zz4_H0_zz4_pair_0118
119,zz4_H0_zz4_pair_0119,zz4_pair_0119,119,5,14,H0,4,4,3,zz4_H0_pair_zz4_pair_0119_circuit_zz4_H0_zz4_pair_0119
120,zz4_H0_zz4_pair_0120,zz4_pair_0120,120,5,15,H0,4,4,3,zz4_H0_pair_zz4_pair_0120_circuit_zz4_H0_zz4_pair_0120
121,zz4_H0_zz4_pair_0121,zz4_pair_0121,121,5,16,H0,4,4,3,zz4_H0_pair_zz4_pair_0121_circuit_zz4_H0_zz4_pair_0121
122,zz4_H0_zz4_pair_0122,zz4_pair_0122,122,5,17,H0,4,4,3,zz4_H0_pair_zz4_pair_0122_circuit_zz4_H0_zz4_pair_0122
123,zz4_H0_zz4_pair_0123,zz4_pair_0123,123,5,18,H0,4,4,3,zz4_H0_pair_zz4_pair_0123_circuit_zz4_H0_zz4_pair_0123
124,zz4_H0_zz4_pair_0124,zz4_pair_0124,124,5,19,H0,4,4,3,zz4_H0_pair_zz4_pair_0124_circuit_zz4_H0_zz4_pair_0124
125,zz4_H0_zz4_pair_0125,zz4_pair_0125,125,5,20,H0,4,4,3,zz4_H0_pair_zz4_pair_0125_circuit_zz4_H0_zz4_pair_0125
126,zz4_H0_zz4_pair_0126,zz4_pair_0126,126,5,21,H0,4,4,3,zz4_H0_pair_zz4_pair_0126_circuit_zz4_H0_zz4_pair_0126
127,zz4_H0_zz4_pair_0127,zz4_pair_0127,127,5,22,H0,4,4,3,zz4_H0_pair_zz4_pair_0127_circuit_zz4_H0_zz4_pair_0127
128,zz4_H0_zz4_pair_0128,zz4_pair_0128,128,5,23,H0,4,4,3,zz4_H0_pair_zz4_pair_0128_circuit_zz4_H0_zz4_pair_0128
129,zz4_H0_zz4_pair_0129,zz4_pair_0129,129,6,6,H0,4,4,3,zz4_H0_pair_zz4_pair_0129_circuit_zz4_H0_zz4_pair_0129
130,zz4_H0_zz4_pair_0130,zz4_pair_0130,130,6,7,H0,4,4,3,zz4_H0_pair_zz4_pair_0130_circuit_zz4_H0_zz4_pair_0130
131,zz4_H0_zz4_pair_0131,zz4_pair_0131,131,6,8,H0,4,4,3,zz4_H0_pair_zz4_pair_0131_circuit_zz4_H0_zz4_pair_0131
132,zz4_H0_zz4_pair_0132,zz4_pair_0132,132,6,9,H0,4,4,3,zz4_H0_pair_zz4_pair_0132_circuit_zz4_H0_zz4_pair_0132
133,zz4_H0_zz4_pair_0133,zz4_pair_0133,133,6,10,H0,4,4,3,zz4_H0_pair_zz4_pair_0133_circuit_zz4_H0_zz4_pair_0133
134,zz4_H0_zz4_pair_0134,zz4_pair_0134,134,6,11,H0,4,4,3,zz4_H0_pair_zz4_pair_0134_circuit_zz4_H0_zz4_pair_0134
135,zz4_H0_zz4_pair_0135,zz4_pair_0135,135,6,12,H0,4,4,3,zz4_H0_pair_zz4_pair_0135_circuit_zz4_H0_zz4_pair_0135
136,zz4_H0_zz4_pair_0136,zz4_pair_0136,136,6,13,H0,4,4,3,zz4_H0_pair_zz4_pair_0136_circuit_zz4_H0_zz4_pair_0136
137,zz4_H0_zz4_pair_0137,zz4_pair_0137,137,6,14,H0,4,4,3,zz4_H0_pair_zz4_pair_0137_circuit_zz4_H0_zz4_pair_0137
138,zz4_H0_zz4_pair_0138,zz4_pair_0138,138,6,15,H0,4,4,3,zz4_H0_pair_zz4_pair_0138_circuit_zz4_H0_zz4_pair_0138
139,zz4_H0_zz4_pair_0139,zz4_pair_0139,139,6,16,H0,4,4,3,zz4_H0_pair_zz4_pair_0139_circuit_zz4_H0_zz4_pair_0139
140,zz4_H0_zz4_pair_0140,zz4_pair_0140,140,6,17,H0,4,4,3,zz4_H0_pair_zz4_pair_0140_circuit_zz4_H0_zz4_pair_0140
141,zz4_H0_zz4_pair_0141,zz4_pair_0141,141,6,18,H0,4,4,3,zz4_H0_pair_zz4_pair_0141_circuit_zz4_H0_zz4_pair_0141
142,zz4_H0_zz4_pair_0142,zz4_pair_0142,142,6,19,H0,4,4,3,zz4_H0_pair_zz4_pair_0142_circuit_zz4_H0_zz4_pair_0142
143,zz4_H0_zz4_pair_0143,zz4_pair_0143,143,6,20,H0,4,4,3,zz4_H0_pair_zz4_pair_0143_circuit_zz4_H0_zz4_pair_0143
144,zz4_H0_zz4_pair_0144,zz4_pair_0144,144,6,21,H0,4,4,3,zz4_H0_pair_zz4_pair_0144_circuit_zz4_H0_zz4_pair_0144
145,zz4_H0_zz4_pair_0145,zz4_pair_0145,145,6,22,H0,4,4,3,zz4_H0_pair_zz4_pair_0145_circuit_zz4_H0_zz4_pair_0145
146,zz4_H0_zz4_pair_0146,zz4_pair_0146,146,6,23,H0,4,4,3,zz4_H0_pair_zz4_pair_0146_circuit_zz4_H0_zz4_pair_0146
147,zz4_H0_zz4_pair_0147,zz4_pair_0147,147,7,7,H0,4,4,3,zz4_H0_pair_zz4_pair_0147_circuit_zz4_H0_zz4_pair_0147
148,zz4_H0_zz4_pair_0148,zz4_pair_0148,148,7,8,H0,4,4,3,zz4_H0_pair_zz4_pair_0148_circuit_zz4_H0_zz4_pair_0148
149,zz4_H0_zz4_pair_0149,zz4_pair_0149,149,7,9,H0,4,4,3,zz4_H0_pair_zz4_pair_0149_circuit_zz4_H0_zz4_pair_0149
150,zz4_H0_zz4_pair_0150,zz4_pair_0150,150,7,10,H0,4,4,3,zz4_H0_pair_zz4_pair_0150_circuit_zz4_H0_zz4_pair_0150
151,zz4_H0_zz4_pair_0151,zz4_pair_0151,151,7,11,H0,4,4,3,zz4_H0_pair_zz4_pair_0151_circuit_zz4_H0_zz4_pair_0151
152,zz4_H0_zz4_pair_0152,zz4_pair_0152,152,7,12,H0,4,4,3,zz4_H0_pair_zz4_pair_0152_circuit_zz4_H0_zz4_pair_0152
153,zz4_H0_zz4_pair_0153,zz4_pair_0153,153,7,13,H0,4,4,3,zz4_H0_pair_zz4_pair_0153_circuit_zz4_H0_zz4_pair_0153
154,zz4_H0_zz4_pair_0154,zz4_pair_0154,154,7,14,H0,4,4,3,zz4_H0_pair_zz4_pair_0154_circuit_zz4_H0_zz4_pair_0154
155,zz4_H0_zz4_pair_0155,zz4_pair_0155,155,7,15,H0,4,4,3,zz4_H0_pair_zz4_pair_0155_circuit_zz4_H0_zz4_pair_0155
156,zz4_H0_zz4_pair_0156,zz4_pair_0156,156,7,16,H0,4,4,3,zz4_H0_pair_zz4_pair_0156_circuit_zz4_H0_zz4_pair_0156
157,zz4_H0_zz4_pair_0157,zz4_pair_0157,157,7,17,H0,4,4,3,zz4_H0_pair_zz4_pair_0157_circuit_zz4_H0_zz4_pair_0157
158,zz4_H0_zz4_pair_0158,zz4_pair_0158,158,7,18,H0,4,4,3,zz4_H0_pair_zz4_pair_0158_circuit_zz4_H0_zz4_pair_0158
159,zz4_H0_zz4_pair_0159,zz4_pair_0159,159,7,19,H0,4,4,3,zz4_H0_pair_zz4_pair_0159_circuit_zz4_H0_zz4_pair_0159
160,zz4_H0_zz4_pair_0160,zz4_pair_0160,160,7,20,H0,4,4,3,zz4_H0_pair_zz4_pair_0160_circuit_zz4_H0_zz4_pair_0160
161,zz4_H0_zz4_pair_0161,zz4_pair_0161,161,7,21,H0,4,4,3,zz4_H0_pair_zz4_pair_0161_circuit_zz4_H0_zz4_pair_0161
162,zz4_H0_zz4_pair_0162,zz4_pair_0162,162,7,22,H0,4,4,3,zz4_H0_pair_zz4_pair_0162_circuit_zz4_H0_zz4_pair_0162
163,zz4_H0_zz4_pair_0163,zz4_pair_0163,163,7,23,H0,4,4,3,zz4_H0_pair_zz4_pair_0163_circuit_zz4_H0_zz4_pair_0163
164,zz4_H0_zz4_pair_0164,zz4_pair_0164,164,8,8,H0,4,4,3,zz4_H0_pair_zz4_pair_0164_circuit_zz4_H0_zz4_pair_0164
165,zz4_H0_zz4_pair_0165,zz4_pair_0165,165,8,9,H0,4,4,3,zz4_H0_pair_zz4_pair_0165_circuit_zz4_H0_zz4_pair_0165
166,zz4_H0_zz4_pair_0166,zz4_pair_0166,166,8,10,H0,4,4,3,zz4_H0_pair_zz4_pair_0166_circuit_zz4_H0_zz4_pair_0166
167,zz4_H0_zz4_pair_0167,zz4_pair_0167,167,8,11,H0,4,4,3,zz4_H0_pair_zz4_pair_0167_circuit_zz4_H0_zz4_pair_0167
168,zz4_H0_zz4_pair_0168,zz4_pair_0168,168,8,12,H0,4,4,3,zz4_H0_pair_zz4_pair_0168_circuit_zz4_H0_zz4_pair_0168
169,zz4_H0_zz4_pair_0169,zz4_pair_0169,169,8,13,H0,4,4,3,zz4_H0_pair_zz4_pair_0169_circuit_zz4_H0_zz4_pair_0169
170,zz4_H0_zz4_pair_0170,zz4_pair_0170,170,8,14,H0,4,4,3,zz4_H0_pair_zz4_pair_0170_circuit_zz4_H0_zz4_pair_0170
171,zz4_H0_zz4_pair_0171,zz4_pair_0171,171,8,15,H0,4,4,3,zz4_H0_pair_zz4_pair_0171_circuit_zz4_H0_zz4_pair_0171
172,zz4_H0_zz4_pair_0172,zz4_pair_0172,172,8,16,H0,4,4,3,zz4_H0_pair_zz4_pair_0172_circuit_zz4_H0_zz4_pair_0172
173,zz4_H0_zz4_pair_0173,zz4_pair_0173,173,8,17,H0,4,4,3,zz4_H0_pair_zz4_pair_0173_circuit_zz4_H0_zz4_pair_0173
174,zz4_H0_zz4_pair_0174,zz4_pair_0174,174,8,18,H0,4,4,3,zz4_H0_pair_zz4_pair_0174_circuit_zz4_H0_zz4_pair_0174
175,zz4_H0_zz4_pair_0175,zz4_pair_0175,175,8,19,H0,4,4,3,zz4_H0_pair_zz4_pair_0175_circuit_zz4_H0_zz4_pair_0175
176,zz4_H0_zz4_pair_0176,zz4_pair_0176,176,8,20,H0,4,4,3,zz4_H0_pair_zz4_pair_0176_circuit_zz4_H0_zz4_pair_0176
177,zz4_H0_zz4_pair_0177,zz4_pair_0177,177,8,21,H0,4,4,3,zz4_H0_pair_zz4_pair_0177_circuit_zz4_H0_zz4_pair_0177
178,zz4_H0_zz4_pair_0178,zz4_pair_0178,178,8,22,H0,4,4,3,zz4_H0_pair_zz4_pair_0178_circuit_zz4_H0_zz4_pair_0178
179,zz4_H0_zz4_pair_0179,zz4_pair_0179,179,8,23,H0,4,4,3,zz4_H0_pair_zz4_pair_0179_circuit_zz4_H0_zz4_pair_0179
180,zz4_H0_zz4_pair_0180,zz4_pair_0180,180,9,9,H0,4,4,3,zz4_H0_pair_zz4_pair_0180_circuit_zz4_H0_zz4_pair_0180
181,zz4_H0_zz4_pair_0181,zz4_pair_0181,181,9,10,H0,4,4,3,zz4_H0_pair_zz4_pair_0181_circuit_zz4_H0_zz4_pair_0181
182,zz4_H0_zz4_pair_0182,zz4_pair_0182,182,9,11,H0,4,4,3,zz4_H0_pair_zz4_pair_0182_circuit_zz4_H0_zz4_pair_0182
183,zz4_H0_zz4_pair_0183,zz4_pair_0183,183,9,12,H0,4,4,3,zz4_H0_pair_zz4_pair_0183_circuit_zz4_H0_zz4_pair_0183
184,zz4_H0_zz4_pair_0184,zz4_pair_0184,184,9,13,H0,4,4,3,zz4_H0_pair_zz4_pair_0184_circuit_zz4_H0_zz4_pair_0184
185,zz4_H0_zz4_pair_0185,zz4_pair_0185,185,9,14,H0,4,4,3,zz4_H0_pair_zz4_pair_0185_circuit_zz4_H0_zz4_pair_0185
186,zz4_H0_zz4_pair_0186,zz4_pair_0186,186,9,15,H0,4,4,3,zz4_H0_pair_zz4_pair_0186_circuit_zz4_H0_zz4_pair_0186
187,zz4_H0_zz4_pair_0187,zz4_pair_0187,187,9,16,H0,4,4,3,zz4_H0_pair_zz4_pair_0187_circuit_zz4_H0_zz4_pair_0187
188,zz4_H0_zz4_pair_0188,zz4_pair_0188,188,9,17,H0,4,4,3,zz4_H0_pair_zz4_pair_0188_circuit_zz4_H0_zz4_pair_0188
189,zz4_H0_zz4_pair_0189,zz4_pair_0189,189,9,18,H0,4,4,3,zz4_H0_pair_zz4_pair_0189_circuit_zz4_H0_zz4_pair_0189
190,zz4_H0_zz4_pair_0190,zz4_pair_0190,190,9,19,H0,4,4,3,zz4_H0_pair_zz4_pair_0190_circuit_zz4_H0_zz4_pair_0190
191,zz4_H0_zz4_pair_0191,zz4_pair_0191,191,9,20,H0,4,4,3,zz4_H0_pair_zz4_pair_0191_circuit_zz4_H0_zz4_pair_0191
192,zz4_H0_zz4_pair_0192,zz4_pair_0192,192,9,21,H0,4,4,3,zz4_H0_pair_zz4_pair_0192_circuit_zz4_H0_zz4_pair_0192
193,zz4_H0_zz4_pair_0193,zz4_pair_0193,193,9,22,H0,4,4,3,zz4_H0_pair_zz4_pair_0193_circuit_zz4_H0_zz4_pair_0193
194,zz4_H0_zz4_pair_0194,zz4_pair_0194,194,9,23,H0,4,4,3,zz4_H0_pair_zz4_pair_0194_circuit_zz4_H0_zz4_pair_0194
195,zz4_H0_zz4_pair_0195,zz4_pair_0195,195,10,10,H0,4,4,3,zz4_H0_pair_zz4_pair_0195_circuit_zz4_H0_zz4_pair_0195
196,zz4_H0_zz4_pair_0196,zz4_pair_0196,196,10,11,H0,4,4,3,zz4_H0_pair_zz4_pair_0196_circuit_zz4_H0_zz4_pair_0196
197,zz4_H0_zz4_pair_0197,zz4_pair_0197,197,10,12,H0,4,4,3,zz4_H0_pair_zz4_pair_0197_circuit_zz4_H0_zz4_pair_0197
198,zz4_H0_zz4_pair_0198,zz4_pair_0198,198,10,13,H0,4,4,3,zz4_H0_pair_zz4_pair_0198_circuit_zz4_H0_zz4_pair_0198
199,zz4_H0_zz4_pair_0199,zz4_pair_0199,199,10,14,H0,4,4,3,zz4_H0_pair_zz4_pair_0199_circuit_zz4_H0_zz4_pair_0199
200,zz4_H0_zz4_pair_0200,zz4_pair_0200,200,10,15,H0,4,4,3,zz4_H0_pair_zz4_pair_0200_circuit_zz4_H0_zz4_pair_0200
201,zz4_H0_zz4_pair_0201,zz4_pair_0201,201,10,16,H0,4,4,3,zz4_H0_pair_zz4_pair_0201_circuit_zz4_H0_zz4_pair_0201
202,zz4_H0_zz4_pair_0202,zz4_pair_0202,202,10,17,H0,4,4,3,zz4_H0_pair_zz4_pair_0202_circuit_zz4_H0_zz4_pair_0202
203,zz4_H0_zz4_pair_0203,zz4_pair_0203,203,10,18,H0,4,4,3,zz4_H0_pair_zz4_pair_0203_circuit_zz4_H0_zz4_pair_0203
204,zz4_H0_zz4_pair_0204,zz4_pair_0204,204,10,19,H0,4,4,3,zz4_H0_pair_zz4_pair_0204_circuit_zz4_H0_zz4_pair_0204
205,zz4_H0_zz4_pair_0205,zz4_pair_0205,205,10,20,H0,4,4,3,zz4_H0_pair_zz4_pair_0205_circuit_zz4_H0_zz4_pair_0205
206,zz4_H0_zz4_pair_0206,zz4_pair_0206,206,10,21,H0,4,4,3,zz4_H0_pair_zz4_pair_0206_circuit_zz4_H0_zz4_pair_0206
207,zz4_H0_zz4_pair_0207,zz4_pair_0207,207,10,22,H0,4,4,3,zz4_H0_pair_zz4_pair_0207_circuit_zz4_H0_zz4_pair_0207
208,zz4_H0_zz4_pair_0208,zz4_pair_0208,208,10,23,H0,4,4,3,zz4_H0_pair_zz4_pair_0208_circuit_zz4_H0_zz4_pair_0208
209,zz4_H0_zz4_pair_0209,zz4_pair_0209,209,11,11,H0,4,4,3,zz4_H0_pair_zz4_pair_0209_circuit_zz4_H0_zz4_pair_0209
210,zz4_H0_zz4_pair_0210,zz4_pair_0210,210,11,12,H0,4,4,3,zz4_H0_pair_zz4_pair_0210_circuit_zz4_H0_zz4_pair_0210
211,zz4_H0_zz4_pair_0211,zz4_pair_0211,211,11,13,H0,4,4,3,zz4_H0_pair_zz4_pair_0211_circuit_zz4_H0_zz4_pair_0211
212,zz4_H0_zz4_pair_0212,zz4_pair_0212,212,11,14,H0,4,4,3,zz4_H0_pair_zz4_pair_0212_circuit_zz4_H0_zz4_pair_0212
213,zz4_H0_zz4_pair_0213,zz4_pair_0213,213,11,15,H0,4,4,3,zz4_H0_pair_zz4_pair_0213_circuit_zz4_H0_zz4_pair_0213
214,zz4_H0_zz4_pair_0214,zz4_pair_0214,214,11,16,H0,4,4,3,zz4_H0_pair_zz4_pair_0214_circuit_zz4_H0_zz4_pair_0214
215,zz4_H0_zz4_pair_0215,zz4_pair_0215,215,11,17,H0,4,4,3,zz4_H0_pair_zz4_pair_0215_circuit_zz4_H0_zz4_pair_0215
216,zz4_H0_zz4_pair_0216,zz4_pair_0216,216,11,18,H0,4,4,3,zz4_H0_pair_zz4_pair_0216_circuit_zz4_H0_zz4_pair_0216
217,zz4_H0_zz4_pair_0217,zz4_pair_0217,217,11,19,H0,4,4,3,zz4_H0_pair_zz4_pair_0217_circuit_zz4_H0_zz4_pair_0217
218,zz4_H0_zz4_pair_0218,zz4_pair_0218,218,11,20,H0,4,4,3,zz4_H0_pair_zz4_pair_0218_circuit_zz4_H0_zz4_pair_0218
219,zz4_H0_zz4_pair_0219,zz4_pair_0219,219,11,21,H0,4,4,3,zz4_H0_pair_zz4_pair_0219_circuit_zz4_H0_zz4_pair_0219
220,zz4_H0_zz4_pair_0220,zz4_pair_0220,220,11,22,H0,4,4,3,zz4_H0_pair_zz4_pair_0220_circuit_zz4_H0_zz4_pair_0220
221,zz4_H0_zz4_pair_0221,zz4_pair_0221,221,11,23,H0,4,4,3,zz4_H0_pair_zz4_pair_0221_circuit_zz4_H0_zz4_pair_0221
222,zz4_H0_zz4_pair_0222,zz4_pair_0222,222,12,12,H0,4,4,3,zz4_H0_pair_zz4_pair_0222_circuit_zz4_H0_zz4_pair_0222
223,zz4_H0_zz4_pair_0223,zz4_pair_0223,223,12,13,H0,4,4,3,zz4_H0_pair_zz4_pair_0223_circuit_zz4_H0_zz4_pair_0223
224,zz4_H0_zz4_pair_0224,zz4_pair_0224,224,12,14,H0,4,4,3,zz4_H0_pair_zz4_pair_0224_circuit_zz4_H0_zz4_pair_0224
225,zz4_H0_zz4_pair_0225,zz4_pair_0225,225,12,15,H0,4,4,3,zz4_H0_pair_zz4_pair_0225_circuit_zz4_H0_zz4_pair_0225
226,zz4_H0_zz4_pair_0226,zz4_pair_0226,226,12,16,H0,4,4,3,zz4_H0_pair_zz4_pair_0226_circuit_zz4_H0_zz4_pair_0226
227,zz4_H0_zz4_pair_0227,zz4_pair_0227,227,12,17,H0,4,4,3,zz4_H0_pair_zz4_pair_0227_circuit_zz4_H0_zz4_pair_0227
228,zz4_H0_zz4_pair_0228,zz4_pair_0228,228,12,18,H0,4,4,3,zz4_H0_pair_zz4_pair_0228_circuit_zz4_H0_zz4_pair_0228
229,zz4_H0_zz4_pair_0229,zz4_pair_0229,229,12,19,H0,4,4,3,zz4_H0_pair_zz4_pair_0229_circuit_zz4_H0_zz4_pair_0229
230,zz4_H0_zz4_pair_0230,zz4_pair_0230,230,12,20,H0,4,4,3,zz4_H0_pair_zz4_pair_0230_circuit_zz4_H0_zz4_pair_0230
231,zz4_H0_zz4_pair_0231,zz4_pair_0231,231,12,21,H0,4,4,3,zz4_H0_pair_zz4_pair_0231_circuit_zz4_H0_zz4_pair_0231
232,zz4_H0_zz4_pair_0232,zz4_pair_0232,232,12,22,H0,4,4,3,zz4_H0_pair_zz4_pair_0232_circuit_zz4_H0_zz4_pair_0232
233,zz4_H0_zz4_pair_0233,zz4_pair_0233,233,12,23,H0,4,4,3,zz4_H0_pair_zz4_pair_0233_circuit_zz4_H0_zz4_pair_0233
234,zz4_H0_zz4_pair_0234,zz4_pair_0234,234,13,13,H0,4,4,3,zz4_H0_pair_zz4_pair_0234_circuit_zz4_H0_zz4_pair_0234
235,zz4_H0_zz4_pair_0235,zz4_pair_0235,235,13,14,H0,4,4,3,zz4_H0_pair_zz4_pair_0235_circuit_zz4_H0_zz4_pair_0235
236,zz4_H0_zz4_pair_0236,zz4_pair_0236,236,13,15,H0,4,4,3,zz4_H0_pair_zz4_pair_0236_circuit_zz4_H0_zz4_pair_0236
237,zz4_H0_zz4_pair_0237,zz4_pair_0237,237,13,16,H0,4,4,3,zz4_H0_pair_zz4_pair_0237_circuit_zz4_H0_zz4_pair_0237
238,zz4_H0_zz4_pair_0238,zz4_pair_0238,238,13,17,H0,4,4,3,zz4_H0_pair_zz4_pair_0238_circuit_zz4_H0_zz4_pair_0238
239,zz4_H0_zz4_pair_0239,zz4_pair_0239,239,13,18,H0,4,4,3,zz4_H0_pair_zz4_pair_0239_circuit_zz4_H0_zz4_pair_0239
240,zz4_H0_zz4_pair_0240,zz4_pair_0240,240,13,19,H0,4,4,3,zz4_H0_pair_zz4_pair_0240_circuit_zz4_H0_zz4_pair_0240
241,zz4_H0_zz4_pair_0241,zz4_pair_0241,241,13,20,H0,4,4,3,zz4_H0_pair_zz4_pair_0241_circuit_zz4_H0_zz4_pair_0241
242,zz4_H0_zz4_pair_0242,zz4_pair_0242,242,13,21,H0,4,4,3,zz4_H0_pair_zz4_pair_0242_circuit_zz4_H0_zz4_pair_0242
243,zz4_H0_zz4_pair_0243,zz4_pair_0243,243,13,22,H0,4,4,3,zz4_H0_pair_zz4_pair_0243_circuit_zz4_H0_zz4_pair_0243
244,zz4_H0_zz4_pair_0244,zz4_pair_0244,244,13,23,H0,4,4,3,zz4_H0_pair_zz4_pair_0244_circuit_zz4_H0_zz4_pair_0244
245,zz4_H0_zz4_pair_0245,zz4_pair_0245,245,14,14,H0,4,4,3,zz4_H0_pair_zz4_pair_0245_circuit_zz4_H0_zz4_pair_0245
246,zz4_H0_zz4_pair_0246,zz4_pair_0246,246,14,15,H0,4,4,3,zz4_H0_pair_zz4_pair_0246_circuit_zz4_H0_zz4_pair_0246
247,zz4_H0_zz4_pair_0247,zz4_pair_0247,247,14,16,H0,4,4,3,zz4_H0_pair_zz4_pair_0247_circuit_zz4_H0_zz4_pair_0247
248,zz4_H0_zz4_pair_0248,zz4_pair_0248,248,14,17,H0,4,4,3,zz4_H0_pair_zz4_pair_0248_circuit_zz4_H0_zz4_pair_0248
249,zz4_H0_zz4_pair_0249,zz4_pair_0249,249,14,18,H0,4,4,3,zz4_H0_pair_zz4_pair_0249_circuit_zz4_H0_zz4_pair_0249
250,zz4_H0_zz4_pair_0250,zz4_pair_0250,250,14,19,H0,4,4,3,zz4_H0_pair_zz4_pair_0250_circuit_zz4_H0_zz4_pair_0250
251,zz4_H0_zz4_pair_0251,zz4_pair_0251,251,14,20,H0,4,4,3,zz4_H0_pair_zz4_pair_0251_circuit_zz4_H0_zz4_pair_0251
252,zz4_H0_zz4_pair_0252,zz4_pair_0252,252,14,21,H0,4,4,3,zz4_H0_pair_zz4_pair_0252_circuit_zz4_H0_zz4_pair_0252
253,zz4_H0_zz4_pair_0253,zz4_pair_0253,253,14,22,H0,4,4,3,zz4_H0_pair_zz4_pair_0253_circuit_zz4_H0_zz4_pair_0253
254,zz4_H0_zz4_pair_0254,zz4_pair_0254,254,14,23,H0,4,4,3,zz4_H0_pair_zz4_pair_0254_circuit_zz4_H0_zz4_pair_0254
255,zz4_H0_zz4_pair_0255,zz4_pair_0255,255,15,15,H0,4,4,3,zz4_H0_pair_zz4_pair_0255_circuit_zz4_H0_zz4_pair_0255
256,zz4_H0_zz4_pair_0256,zz4_pair_0256,256,15,16,H0,4,4,3,zz4_H0_pair_zz4_pair_0256_circuit_zz4_H0_zz4_pair_0256
257,zz4_H0_zz4_pair_0257,zz4_pair_0257,257,15,17,H0,4,4,3,zz4_H0_pair_zz4_pair_0257_circuit_zz4_H0_zz4_pair_0257
258,zz4_H0_zz4_pair_0258,zz4_pair_0258,258,15,18,H0,4,4,3,zz4_H0_pair_zz4_pair_0258_circuit_zz4_H0_zz4_pair_0258
259,zz4_H0_zz4_pair_0259,zz4_pair_0259,259,15,19,H0,4,4,3,zz4_H0_pair_zz4_pair_0259_circuit_zz4_H0_zz4_pair_0259
260,zz4_H0_zz4_pair_0260,zz4_pair_0260,260,15,20,H0,4,4,3,zz4_H0_pair_zz4_pair_0260_circuit_zz4_H0_zz4_pair_0260
261,zz4_H0_zz4_pair_0261,zz4_pair_0261,261,15,21,H0,4,4,3,zz4_H0_pair_zz4_pair_0261_circuit_zz4_H0_zz4_pair_0261
262,zz4_H0_zz4_pair_0262,zz4_pair_0262,262,15,22,H0,4,4,3,zz4_H0_pair_zz4_pair_0262_circuit_zz4_H0_zz4_pair_0262
263,zz4_H0_zz4_pair_0263,zz4_pair_0263,263,15,23,H0,4,4,3,zz4_H0_pair_zz4_pair_0263_circuit_zz4_H0_zz4_pair_0263
264,zz4_H0_zz4_pair_0264,zz4_pair_0264,264,16,16,H0,4,4,3,zz4_H0_pair_zz4_pair_0264_circuit_zz4_H0_zz4_pair_0264
265,zz4_H0_zz4_pair_0265,zz4_pair_0265,265,16,17,H0,4,4,3,zz4_H0_pair_zz4_pair_0265_circuit_zz4_H0_zz4_pair_0265
266,zz4_H0_zz4_pair_0266,zz4_pair_0266,266,16,18,H0,4,4,3,zz4_H0_pair_zz4_pair_0266_circuit_zz4_H0_zz4_pair_0266
267,zz4_H0_zz4_pair_0267,zz4_pair_0267,267,16,19,H0,4,4,3,zz4_H0_pair_zz4_pair_0267_circuit_zz4_H0_zz4_pair_0267
268,zz4_H0_zz4_pair_0268,zz4_pair_0268,268,16,20,H0,4,4,3,zz4_H0_pair_zz4_pair_0268_circuit_zz4_H0_zz4_pair_0268
269,zz4_H0_zz4_pair_0269,zz4_pair_0269,269,16,21,H0,4,4,3,zz4_H0_pair_zz4_pair_0269_circuit_zz4_H0_zz4_pair_0269
270,zz4_H0_zz4_pair_0270,zz4_pair_0270,270,16,22,H0,4,4,3,zz4_H0_pair_zz4_pair_0270_circuit_zz4_H0_zz4_pair_0270
271,zz4_H0_zz4_pair_0271,zz4_pair_0271,271,16,23,H0,4,4,3,zz4_H0_pair_zz4_pair_0271_circuit_zz4_H0_zz4_pair_0271
272,zz4_H0_zz4_pair_0272,zz4_pair_0272,272,17,17,H0,4,4,3,zz4_H0_pair_zz4_pair_0272_circuit_zz4_H0_zz4_pair_0272
273,zz4_H0_zz4_pair_0273,zz4_pair_0273,273,17,18,H0,4,4,3,zz4_H0_pair_zz4_pair_0273_circuit_zz4_H0_zz4_pair_0273
274,zz4_H0_zz4_pair_0274,zz4_pair_0274,274,17,19,H0,4,4,3,zz4_H0_pair_zz4_pair_0274_circuit_zz4_H0_zz4_pair_0274
275,zz4_H0_zz4_pair_0275,zz4_pair_0275,275,17,20,H0,4,4,3,zz4_H0_pair_zz4_pair_0275_circuit_zz4_H0_zz4_pair_0275
276,zz4_H0_zz4_pair_0276,zz4_pair_0276,276,17,21,H0,4,4,3,zz4_H0_pair_zz4_pair_0276_circuit_zz4_H0_zz4_pair_0276
277,zz4_H0_zz4_pair_0277,zz4_pair_0277,277,17,22,H0,4,4,3,zz4_H0_pair_zz4_pair_0277_circuit_zz4_H0_zz4_pair_0277
278,zz4_H0_zz4_pair_0278,zz4_pair_0278,278,17,23,H0,4,4,3,zz4_H0_pair_zz4_pair_0278_circuit_zz4_H0_zz4_pair_0278
279,zz4_H0_zz4_pair_0279,zz4_pair_0279,279,18,18,H0,4,4,3,zz4_H0_pair_zz4_pair_0279_circuit_zz4_H0_zz4_pair_0279
280,zz4_H0_zz4_pair_0280,zz4_pair_0280,280,18,19,H0,4,4,3,zz4_H0_pair_zz4_pair_0280_circuit_zz4_H0_zz4_pair_0280
281,zz4_H0_zz4_pair_0281,zz4_pair_0281,281,18,20,H0,4,4,3,zz4_H0_pair_zz4_pair_0281_circuit_zz4_H0_zz4_pair_0281
282,zz4_H0_zz4_pair_0282,zz4_pair_0282,282,18,21,H0,4,4,3,zz4_H0_pair_zz4_pair_0282_circuit_zz4_H0_zz4_pair_0282
283,zz4_H0_zz4_pair_0283,zz4_pair_0283,283,18,22,H0,4,4,3,zz4_H0_pair_zz4_pair_0283_circuit_zz4_H0_zz4_pair_0283
284,zz4_H0_zz4_pair_0284,zz4_pair_0284,284,18,23,H0,4,4,3,zz4_H0_pair_zz4_pair_0284_circuit_zz4_H0_zz4_pair_0284
285,zz4_H0_zz4_pair_0285,zz4_pair_0285,285,19,19,H0,4,4,3,zz4_H0_pair_zz4_pair_0285_circuit_zz4_H0_zz4_pair_0285
286,zz4_H0_zz4_pair_0286,zz4_pair_0286,286,19,20,H0,4,4,3,zz4_H0_pair_zz4_pair_0286_circuit_zz4_H0_zz4_pair_0286
287,zz4_H0_zz4_pair_0287,zz4_pair_0287,287,19,21,H0,4,4,3,zz4_H0_pair_zz4_pair_0287_circuit_zz4_H0_zz4_pair_0287
288,zz4_H0_zz4_pair_0288,zz4_pair_0288,288,19,22,H0,4,4,3,zz4_H0_pair_zz4_pair_0288_circuit_zz4_H0_zz4_pair_0288
289,zz4_H0_zz4_pair_0289,zz4_pair_0289,289,19,23,H0,4,4,3,zz4_H0_pair_zz4_pair_0289_circuit_zz4_H0_zz4_pair_0289
290,zz4_H0_zz4_pair_0290,zz4_pair_0290,290,20,20,H0,4,4,3,zz4_H0_pair_zz4_pair_0290_circuit_zz4_H0_zz4_pair_0290
291,zz4_H0_zz4_pair_0291,zz4_pair_0291,291,20,21,H0,4,4,3,zz4_H0_pair_zz4_pair_0291_circuit_zz4_H0_zz4_pair_0291
292,zz4_H0_zz4_pair_0292,zz4_pair_0292,292,20,22,H0,4,4,3,zz4_H0_pair_zz4_pair_0292_circuit_zz4_H0_zz4_pair_0292
293,zz4_H0_zz4_pair_0293,zz4_pair_0293,293,20,23,H0,4,4,3,zz4_H0_pair_zz4_pair_0293_circuit_zz4_H0_zz4_pair_0293
294,zz4_H0_zz4_pair_0294,zz4_pair_0294,294,21,21,H0,4,4,3,zz4_H0_pair_zz4_pair_0294_circuit_zz4_H0_zz4_pair_0294
295,zz4_H0_zz4_pair_0295,zz4_pair_0295,295,21,22,H0,4,4,3,zz4_H0_pair_zz4_pair_0295_circuit_zz4_H0_zz4_pair_0295
296,zz4_H0_zz4_pair_0296,zz4_pair_0296,296,21,23,H0,4,4,3,zz4_H0_pair_zz4_pair_0296_circuit_zz4_H0_zz4_pair_0296
297,zz4_H0_zz4_pair_0297,zz4_pair_0297,297,22,22,H0,4,4,3,zz4_H0_pair_zz4_pair_0297_circuit_zz4_H0_zz4_pair_0297
298,zz4_H0_zz4_pair_0298,zz4_pair_0298,298,22,23,H0,4,4,3,zz4_H0_pair_zz4_pair_0298_circuit_zz4_H0_zz4_pair_0298
299,zz4_H0_zz4_pair_0299,zz4_pair_0299,299,23,23,H0,4,4,3,zz4_H0_pair_zz4_pair_0299_circuit_zz4_H0_zz4_pair_0299
300,zz4_H1_zz4_pair_0000,zz4_pair_0000,0,0,0,H1,4,4,3,zz4_H1_pair_zz4_pair_0000_circuit_zz4_H1_zz4_pair_0000
301,zz4_H1_zz4_pair_0001,zz4_pair_0001,1,0,1,H1,4,4,3,zz4_H1_pair_zz4_pair_0001_circuit_zz4_H1_zz4_pair_0001
302,zz4_H1_zz4_pair_0002,zz4_pair_0002,2,0,2,H1,4,4,3,zz4_H1_pair_zz4_pair_0002_circuit_zz4_H1_zz4_pair_0002
303,zz4_H1_zz4_pair_0003,zz4_pair_0003,3,0,3,H1,4,4,3,zz4_H1_pair_zz4_pair_0003_circuit_zz4_H1_zz4_pair_0003
304,zz4_H1_zz4_pair_0004,zz4_pair_0004,4,0,4,H1,4,4,3,zz4_H1_pair_zz4_pair_0004_circuit_zz4_H1_zz4_pair_0004
305,zz4_H1_zz4_pair_0005,zz4_pair_0005,5,0,5,H1,4,4,3,zz4_H1_pair_zz4_pair_0005_circuit_zz4_H1_zz4_pair_0005
306,zz4_H1_zz4_pair_0006,zz4_pair_0006,6,0,6,H1,4,4,3,zz4_H1_pair_zz4_pair_0006_circuit_zz4_H1_zz4_pair_0006
307,zz4_H1_zz4_pair_0007,zz4_pair_0007,7,0,7,H1,4,4,3,zz4_H1_pair_zz4_pair_0007_circuit_zz4_H1_zz4_pair_0007
308,zz4_H1_zz4_pair_0008,zz4_pair_0008,8,0,8,H1,4,4,3,zz4_H1_pair_zz4_pair_0008_circuit_zz4_H1_zz4_pair_0008
309,zz4_H1_zz4_pair_0009,zz4_pair_0009,9,0,9,H1,4,4,3,zz4_H1_pair_zz4_pair_0009_circuit_zz4_H1_zz4_pair_0009
310,zz4_H1_zz4_pair_0010,zz4_pair_0010,10,0,10,H1,4,4,3,zz4_H1_pair_zz4_pair_0010_circuit_zz4_H1_zz4_pair_0010
311,zz4_H1_zz4_pair_0011,zz4_pair_0011,11,0,11,H1,4,4,3,zz4_H1_pair_zz4_pair_0011_circuit_zz4_H1_zz4_pair_0011
312,zz4_H1_zz4_pair_0012,zz4_pair_0012,12,0,12,H1,4,4,3,zz4_H1_pair_zz4_pair_0012_circuit_zz4_H1_zz4_pair_0012
313,zz4_H1_zz4_pair_0013,zz4_pair_0013,13,0,13,H1,4,4,3,zz4_H1_pair_zz4_pair_0013_circuit_zz4_H1_zz4_pair_0013
314,zz4_H1_zz4_pair_0014,zz4_pair_0014,14,0,14,H1,4,4,3,zz4_H1_pair_zz4_pair_0014_circuit_zz4_H1_zz4_pair_0014
315,zz4_H1_zz4_pair_0015,zz4_pair_0015,15,0,15,H1,4,4,3,zz4_H1_pair_zz4_pair_0015_circuit_zz4_H1_zz4_pair_0015
316,zz4_H1_zz4_pair_0016,zz4_pair_0016,16,0,16,H1,4,4,3,zz4_H1_pair_zz4_pair_0016_circuit_zz4_H1_zz4_pair_0016
317,zz4_H1_zz4_pair_0017,zz4_pair_0017,17,0,17,H1,4,4,3,zz4_H1_pair_zz4_pair_0017_circuit_zz4_H1_zz4_pair_0017
318,zz4_H1_zz4_pair_0018,zz4_pair_0018,18,0,18,H1,4,4,3,zz4_H1_pair_zz4_pair_0018_circuit_zz4_H1_zz4_pair_0018
319,zz4_H1_zz4_pair_0019,zz4_pair_0019,19,0,19,H1,4,4,3,zz4_H1_pair_zz4_pair_0019_circuit_zz4_H1_zz4_pair_0019
320,zz4_H1_zz4_pair_0020,zz4_pair_0020,20,0,20,H1,4,4,3,zz4_H1_pair_zz4_pair_0020_circuit_zz4_H1_zz4_pair_0020
321,zz4_H1_zz4_pair_0021,zz4_pair_0021,21,0,21,H1,4,4,3,zz4_H1_pair_zz4_pair_0021_circuit_zz4_H1_zz4_pair_0021
322,zz4_H1_zz4_pair_0022,zz4_pair_0022,22,0,22,H1,4,4,3,zz4_H1_pair_zz4_pair_0022_circuit_zz4_H1_zz4_pair_0022
323,zz4_H1_zz4_pair_0023,zz4_pair_0023,23,0,23,H1,4,4,3,zz4_H1_pair_zz4_pair_0023_circuit_zz4_H1_zz4_pair_0023
324,zz4_H1_zz4_pair_0024,zz4_pair_0024,24,1,1,H1,4,4,3,zz4_H1_pair_zz4_pair_0024_circuit_zz4_H1_zz4_pair_0024
325,zz4_H1_zz4_pair_0025,zz4_pair_0025,25,1,2,H1,4,4,3,zz4_H1_pair_zz4_pair_0025_circuit_zz4_H1_zz4_pair_0025
326,zz4_H1_zz4_pair_0026,zz4_pair_0026,26,1,3,H1,4,4,3,zz4_H1_pair_zz4_pair_0026_circuit_zz4_H1_zz4_pair_0026
327,zz4_H1_zz4_pair_0027,zz4_pair_0027,27,1,4,H1,4,4,3,zz4_H1_pair_zz4_pair_0027_circuit_zz4_H1_zz4_pair_0027
328,zz4_H1_zz4_pair_0028,zz4_pair_0028,28,1,5,H1,4,4,3,zz4_H1_pair_zz4_pair_0028_circuit_zz4_H1_zz4_pair_0028
329,zz4_H1_zz4_pair_0029,zz4_pair_0029,29,1,6,H1,4,4,3,zz4_H1_pair_zz4_pair_0029_circuit_zz4_H1_zz4_pair_0029
330,zz4_H1_zz4_pair_0030,zz4_pair_0030,30,1,7,H1,4,4,3,zz4_H1_pair_zz4_pair_0030_circuit_zz4_H1_zz4_pair_0030
331,zz4_H1_zz4_pair_0031,zz4_pair_0031,31,1,8,H1,4,4,3,zz4_H1_pair_zz4_pair_0031_circuit_zz4_H1_zz4_pair_0031
332,zz4_H1_zz4_pair_0032,zz4_pair_0032,32,1,9,H1,4,4,3,zz4_H1_pair_zz4_pair_0032_circuit_zz4_H1_zz4_pair_0032
333,zz4_H1_zz4_pair_0033,zz4_pair_0033,33,1,10,H1,4,4,3,zz4_H1_pair_zz4_pair_0033_circuit_zz4_H1_zz4_pair_0033
334,zz4_H1_zz4_pair_0034,zz4_pair_0034,34,1,11,H1,4,4,3,zz4_H1_pair_zz4_pair_0034_circuit_zz4_H1_zz4_pair_0034
335,zz4_H1_zz4_pair_0035,zz4_pair_0035,35,1,12,H1,4,4,3,zz4_H1_pair_zz4_pair_0035_circuit_zz4_H1_zz4_pair_0035
336,zz4_H1_zz4_pair_0036,zz4_pair_0036,36,1,13,H1,4,4,3,zz4_H1_pair_zz4_pair_0036_circuit_zz4_H1_zz4_pair_0036
337,zz4_H1_zz4_pair_0037,zz4_pair_0037,37,1,14,H1,4,4,3,zz4_H1_pair_zz4_pair_0037_circuit_zz4_H1_zz4_pair_0037
338,zz4_H1_zz4_pair_0038,zz4_pair_0038,38,1,15,H1,4,4,3,zz4_H1_pair_zz4_pair_0038_circuit_zz4_H1_zz4_pair_0038
339,zz4_H1_zz4_pair_0039,zz4_pair_0039,39,1,16,H1,4,4,3,zz4_H1_pair_zz4_pair_0039_circuit_zz4_H1_zz4_pair_0039
340,zz4_H1_zz4_pair_0040,zz4_pair_0040,40,1,17,H1,4,4,3,zz4_H1_pair_zz4_pair_0040_circuit_zz4_H1_zz4_pair_0040
341,zz4_H1_zz4_pair_0041,zz4_pair_0041,41,1,18,H1,4,4,3,zz4_H1_pair_zz4_pair_0041_circuit_zz4_H1_zz4_pair_0041
342,zz4_H1_zz4_pair_0042,zz4_pair_0042,42,1,19,H1,4,4,3,zz4_H1_pair_zz4_pair_0042_circuit_zz4_H1_zz4_pair_0042
343,zz4_H1_zz4_pair_0043,zz4_pair_0043,43,1,20,H1,4,4,3,zz4_H1_pair_zz4_pair_0043_circuit_zz4_H1_zz4_pair_0043
344,zz4_H1_zz4_pair_0044,zz4_pair_0044,44,1,21,H1,4,4,3,zz4_H1_pair_zz4_pair_0044_circuit_zz4_H1_zz4_pair_0044
345,zz4_H1_zz4_pair_0045,zz4_pair_0045,45,1,22,H1,4,4,3,zz4_H1_pair_zz4_pair_0045_circuit_zz4_H1_zz4_pair_0045
346,zz4_H1_zz4_pair_0046,zz4_pair_0046,46,1,23,H1,4,4,3,zz4_H1_pair_zz4_pair_0046_circuit_zz4_H1_zz4_pair_0046
347,zz4_H1_zz4_pair_0047,zz4_pair_0047,47,2,2,H1,4,4,3,zz4_H1_pair_zz4_pair_0047_circuit_zz4_H1_zz4_pair_0047
348,zz4_H1_zz4_pair_0048,zz4_pair_0048,48,2,3,H1,4,4,3,zz4_H1_pair_zz4_pair_0048_circuit_zz4_H1_zz4_pair_0048
349,zz4_H1_zz4_pair_0049,zz4_pair_0049,49,2,4,H1,4,4,3,zz4_H1_pair_zz4_pair_0049_circuit_zz4_H1_zz4_pair_0049
350,zz4_H1_zz4_pair_0050,zz4_pair_0050,50,2,5,H1,4,4,3,zz4_H1_pair_zz4_pair_0050_circuit_zz4_H1_zz4_pair_0050
351,zz4_H1_zz4_pair_0051,zz4_pair_0051,51,2,6,H1,4,4,3,zz4_H1_pair_zz4_pair_0051_circuit_zz4_H1_zz4_pair_0051
352,zz4_H1_zz4_pair_0052,zz4_pair_0052,52,2,7,H1,4,4,3,zz4_H1_pair_zz4_pair_0052_circuit_zz4_H1_zz4_pair_0052
353,zz4_H1_zz4_pair_0053,zz4_pair_0053,53,2,8,H1,4,4,3,zz4_H1_pair_zz4_pair_0053_circuit_zz4_H1_zz4_pair_0053
354,zz4_H1_zz4_pair_0054,zz4_pair_0054,54,2,9,H1,4,4,3,zz4_H1_pair_zz4_pair_0054_circuit_zz4_H1_zz4_pair_0054
355,zz4_H1_zz4_pair_0055,zz4_pair_0055,55,2,10,H1,4,4,3,zz4_H1_pair_zz4_pair_0055_circuit_zz4_H1_zz4_pair_0055
356,zz4_H1_zz4_pair_0056,zz4_pair_0056,56,2,11,H1,4,4,3,zz4_H1_pair_zz4_pair_0056_circuit_zz4_H1_zz4_pair_0056
357,zz4_H1_zz4_pair_0057,zz4_pair_0057,57,2,12,H1,4,4,3,zz4_H1_pair_zz4_pair_0057_circuit_zz4_H1_zz4_pair_0057
358,zz4_H1_zz4_pair_0058,zz4_pair_0058,58,2,13,H1,4,4,3,zz4_H1_pair_zz4_pair_0058_circuit_zz4_H1_zz4_pair_0058
359,zz4_H1_zz4_pair_0059,zz4_pair_0059,59,2,14,H1,4,4,3,zz4_H1_pair_zz4_pair_0059_circuit_zz4_H1_zz4_pair_0059
360,zz4_H1_zz4_pair_0060,zz4_pair_0060,60,2,15,H1,4,4,3,zz4_H1_pair_zz4_pair_0060_circuit_zz4_H1_zz4_pair_0060
361,zz4_H1_zz4_pair_0061,zz4_pair_0061,61,2,16,H1,4,4,3,zz4_H1_pair_zz4_pair_0061_circuit_zz4_H1_zz4_pair_0061
362,zz4_H1_zz4_pair_0062,zz4_pair_0062,62,2,17,H1,4,4,3,zz4_H1_pair_zz4_pair_0062_circuit_zz4_H1_zz4_pair_0062
363,zz4_H1_zz4_pair_0063,zz4_pair_0063,63,2,18,H1,4,4,3,zz4_H1_pair_zz4_pair_0063_circuit_zz4_H1_zz4_pair_0063
364,zz4_H1_zz4_pair_0064,zz4_pair_0064,64,2,19,H1,4,4,3,zz4_H1_pair_zz4_pair_0064_circuit_zz4_H1_zz4_pair_0064
365,zz4_H1_zz4_pair_0065,zz4_pair_0065,65,2,20,H1,4,4,3,zz4_H1_pair_zz4_pair_0065_circuit_zz4_H1_zz4_pair_0065
366,zz4_H1_zz4_pair_0066,zz4_pair_0066,66,2,21,H1,4,4,3,zz4_H1_pair_zz4_pair_0066_circuit_zz4_H1_zz4_pair_0066
367,zz4_H1_zz4_pair_0067,zz4_pair_0067,67,2,22,H1,4,4,3,zz4_H1_pair_zz4_pair_0067_circuit_zz4_H1_zz4_pair_0067
368,zz4_H1_zz4_pair_0068,zz4_pair_0068,68,2,23,H1,4,4,3,zz4_H1_pair_zz4_pair_0068_circuit_zz4_H1_zz4_pair_0068
369,zz4_H1_zz4_pair_0069,zz4_pair_0069,69,3,3,H1,4,4,3,zz4_H1_pair_zz4_pair_0069_circuit_zz4_H1_zz4_pair_0069
370,zz4_H1_zz4_pair_0070,zz4_pair_0070,70,3,4,H1,4,4,3,zz4_H1_pair_zz4_pair_0070_circuit_zz4_H1_zz4_pair_0070
371,zz4_H1_zz4_pair_0071,zz4_pair_0071,71,3,5,H1,4,4,3,zz4_H1_pair_zz4_pair_0071_circuit_zz4_H1_zz4_pair_0071
372,zz4_H1_zz4_pair_0072,zz4_pair_0072,72,3,6,H1,4,4,3,zz4_H1_pair_zz4_pair_0072_circuit_zz4_H1_zz4_pair_0072
373,zz4_H1_zz4_pair_0073,zz4_pair_0073,73,3,7,H1,4,4,3,zz4_H1_pair_zz4_pair_0073_circuit_zz4_H1_zz4_pair_0073
374,zz4_H1_zz4_pair_0074,zz4_pair_0074,74,3,8,H1,4,4,3,zz4_H1_pair_zz4_pair_0074_circuit_zz4_H1_zz4_pair_0074
375,zz4_H1_zz4_pair_0075,zz4_pair_0075,75,3,9,H1,4,4,3,zz4_H1_pair_zz4_pair_0075_circuit_zz4_H1_zz4_pair_0075
376,zz4_H1_zz4_pair_0076,zz4_pair_0076,76,3,10,H1,4,4,3,zz4_H1_pair_zz4_pair_0076_circuit_zz4_H1_zz4_pair_0076
377,zz4_H1_zz4_pair_0077,zz4_pair_0077,77,3,11,H1,4,4,3,zz4_H1_pair_zz4_pair_0077_circuit_zz4_H1_zz4_pair_0077
378,zz4_H1_zz4_pair_0078,zz4_pair_0078,78,3,12,H1,4,4,3,zz4_H1_pair_zz4_pair_0078_circuit_zz4_H1_zz4_pair_0078
379,zz4_H1_zz4_pair_0079,zz4_pair_0079,79,3,13,H1,4,4,3,zz4_H1_pair_zz4_pair_0079_circuit_zz4_H1_zz4_pair_0079
380,zz4_H1_zz4_pair_0080,zz4_pair_0080,80,3,14,H1,4,4,3,zz4_H1_pair_zz4_pair_0080_circuit_zz4_H1_zz4_pair_0080
381,zz4_H1_zz4_pair_0081,zz4_pair_0081,81,3,15,H1,4,4,3,zz4_H1_pair_zz4_pair_0081_circuit_zz4_H1_zz4_pair_0081
382,zz4_H1_zz4_pair_0082,zz4_pair_0082,82,3,16,H1,4,4,3,zz4_H1_pair_zz4_pair_0082_circuit_zz4_H1_zz4_pair_0082
383,zz4_H1_zz4_pair_0083,zz4_pair_0083,83,3,17,H1,4,4,3,zz4_H1_pair_zz4_pair_0083_circuit_zz4_H1_zz4_pair_0083
384,zz4_H1_zz4_pair_0084,zz4_pair_0084,84,3,18,H1,4,4,3,zz4_H1_pair_zz4_pair_0084_circuit_zz4_H1_zz4_pair_0084
385,zz4_H1_zz4_pair_0085,zz4_pair_0085,85,3,19,H1,4,4,3,zz4_H1_pair_zz4_pair_0085_circuit_zz4_H1_zz4_pair_0085
386,zz4_H1_zz4_pair_0086,zz4_pair_0086,86,3,20,H1,4,4,3,zz4_H1_pair_zz4_pair_0086_circuit_zz4_H1_zz4_pair_0086
387,zz4_H1_zz4_pair_0087,zz4_pair_0087,87,3,21,H1,4,4,3,zz4_H1_pair_zz4_pair_0087_circuit_zz4_H1_zz4_pair_0087
388,zz4_H1_zz4_pair_0088,zz4_pair_0088,88,3,22,H1,4,4,3,zz4_H1_pair_zz4_pair_0088_circuit_zz4_H1_zz4_pair_0088
389,zz4_H1_zz4_pair_0089,zz4_pair_0089,89,3,23,H1,4,4,3,zz4_H1_pair_zz4_pair_0089_circuit_zz4_H1_zz4_pair_0089
390,zz4_H1_zz4_pair_0090,zz4_pair_0090,90,4,4,H1,4,4,3,zz4_H1_pair_zz4_pair_0090_circuit_zz4_H1_zz4_pair_0090
391,zz4_H1_zz4_pair_0091,zz4_pair_0091,91,4,5,H1,4,4,3,zz4_H1_pair_zz4_pair_0091_circuit_zz4_H1_zz4_pair_0091
392,zz4_H1_zz4_pair_0092,zz4_pair_0092,92,4,6,H1,4,4,3,zz4_H1_pair_zz4_pair_0092_circuit_zz4_H1_zz4_pair_0092
393,zz4_H1_zz4_pair_0093,zz4_pair_0093,93,4,7,H1,4,4,3,zz4_H1_pair_zz4_pair_0093_circuit_zz4_H1_zz4_pair_0093
394,zz4_H1_zz4_pair_0094,zz4_pair_0094,94,4,8,H1,4,4,3,zz4_H1_pair_zz4_pair_0094_circuit_zz4_H1_zz4_pair_0094
395,zz4_H1_zz4_pair_0095,zz4_pair_0095,95,4,9,H1,4,4,3,zz4_H1_pair_zz4_pair_0095_circuit_zz4_H1_zz4_pair_0095
396,zz4_H1_zz4_pair_0096,zz4_pair_0096,96,4,10,H1,4,4,3,zz4_H1_pair_zz4_pair_0096_circuit_zz4_H1_zz4_pair_0096
397,zz4_H1_zz4_pair_0097,zz4_pair_0097,97,4,11,H1,4,4,3,zz4_H1_pair_zz4_pair_0097_circuit_zz4_H1_zz4_pair_0097
398,zz4_H1_zz4_pair_0098,zz4_pair_0098,98,4,12,H1,4,4,3,zz4_H1_pair_zz4_pair_0098_circuit_zz4_H1_zz4_pair_0098
399,zz4_H1_zz4_pair_0099,zz4_pair_0099,99,4,13,H1,4,4,3,zz4_H1_pair_zz4_pair_0099_circuit_zz4_H1_zz4_pair_0099
400,zz4_H1_zz4_pair_0100,zz4_pair_0100,100,4,14,H1,4,4,3,zz4_H1_pair_zz4_pair_0100_circuit_zz4_H1_zz4_pair_0100
401,zz4_H1_zz4_pair_0101,zz4_pair_0101,101,4,15,H1,4,4,3,zz4_H1_pair_zz4_pair_0101_circuit_zz4_H1_zz4_pair_0101
402,zz4_H1_zz4_pair_0102,zz4_pair_0102,102,4,16,H1,4,4,3,zz4_H1_pair_zz4_pair_0102_circuit_zz4_H1_zz4_pair_0102
403,zz4_H1_zz4_pair_0103,zz4_pair_0103,103,4,17,H1,4,4,3,zz4_H1_pair_zz4_pair_0103_circuit_zz4_H1_zz4_pair_0103
404,zz4_H1_zz4_pair_0104,zz4_pair_0104,104,4,18,H1,4,4,3,zz4_H1_pair_zz4_pair_0104_circuit_zz4_H1_zz4_pair_0104
405,zz4_H1_zz4_pair_0105,zz4_pair_0105,105,4,19,H1,4,4,3,zz4_H1_pair_zz4_pair_0105_circuit_zz4_H1_zz4_pair_0105
406,zz4_H1_zz4_pair_0106,zz4_pair_0106,106,4,20,H1,4,4,3,zz4_H1_pair_zz4_pair_0106_circuit_zz4_H1_zz4_pair_0106
407,zz4_H1_zz4_pair_0107,zz4_pair_0107,107,4,21,H1,4,4,3,zz4_H1_pair_zz4_pair_0107_circuit_zz4_H1_zz4_pair_0107
408,zz4_H1_zz4_pair_0108,zz4_pair_0108,108,4,22,H1,4,4,3,zz4_H1_pair_zz4_pair_0108_circuit_zz4_H1_zz4_pair_0108
409,zz4_H1_zz4_pair_0109,zz4_pair_0109,109,4,23,H1,4,4,3,zz4_H1_pair_zz4_pair_0109_circuit_zz4_H1_zz4_pair_0109
410,zz4_H1_zz4_pair_0110,zz4_pair_0110,110,5,5,H1,4,4,3,zz4_H1_pair_zz4_pair_0110_circuit_zz4_H1_zz4_pair_0110
411,zz4_H1_zz4_pair_0111,zz4_pair_0111,111,5,6,H1,4,4,3,zz4_H1_pair_zz4_pair_0111_circuit_zz4_H1_zz4_pair_0111
412,zz4_H1_zz4_pair_0112,zz4_pair_0112,112,5,7,H1,4,4,3,zz4_H1_pair_zz4_pair_0112_circuit_zz4_H1_zz4_pair_0112
413,zz4_H1_zz4_pair_0113,zz4_pair_0113,113,5,8,H1,4,4,3,zz4_H1_pair_zz4_pair_0113_circuit_zz4_H1_zz4_pair_0113
414,zz4_H1_zz4_pair_0114,zz4_pair_0114,114,5,9,H1,4,4,3,zz4_H1_pair_zz4_pair_0114_circuit_zz4_H1_zz4_pair_0114
415,zz4_H1_zz4_pair_0115,zz4_pair_0115,115,5,10,H1,4,4,3,zz4_H1_pair_zz4_pair_0115_circuit_zz4_H1_zz4_pair_0115
416,zz4_H1_zz4_pair_0116,zz4_pair_0116,116,5,11,H1,4,4,3,zz4_H1_pair_zz4_pair_0116_circuit_zz4_H1_zz4_pair_0116
417,zz4_H1_zz4_pair_0117,zz4_pair_0117,117,5,12,H1,4,4,3,zz4_H1_pair_zz4_pair_0117_circuit_zz4_H1_zz4_pair_0117
418,zz4_H1_zz4_pair_0118,zz4_pair_0118,118,5,13,H1,4,4,3,zz4_H1_pair_zz4_pair_0118_circuit_zz4_H1_zz4_pair_0118
419,zz4_H1_zz4_pair_0119,zz4_pair_0119,119,5,14,H1,4,4,3,zz4_H1_pair_zz4_pair_0119_circuit_zz4_H1_zz4_pair_0119
420,zz4_H1_zz4_pair_0120,zz4_pair_0120,120,5,15,H1,4,4,3,zz4_H1_pair_zz4_pair_0120_circuit_zz4_H1_zz4_pair_0120
421,zz4_H1_zz4_pair_0121,zz4_pair_0121,121,5,16,H1,4,4,3,zz4_H1_pair_zz4_pair_0121_circuit_zz4_H1_zz4_pair_0121
422,zz4_H1_zz4_pair_0122,zz4_pair_0122,122,5,17,H1,4,4,3,zz4_H1_pair_zz4_pair_0122_circuit_zz4_H1_zz4_pair_0122
423,zz4_H1_zz4_pair_0123,zz4_pair_0123,123,5,18,H1,4,4,3,zz4_H1_pair_zz4_pair_0123_circuit_zz4_H1_zz4_pair_0123
424,zz4_H1_zz4_pair_0124,zz4_pair_0124,124,5,19,H1,4,4,3,zz4_H1_pair_zz4_pair_0124_circuit_zz4_H1_zz4_pair_0124
425,zz4_H1_zz4_pair_0125,zz4_pair_0125,125,5,20,H1,4,4,3,zz4_H1_pair_zz4_pair_0125_circuit_zz4_H1_zz4_pair_0125
426,zz4_H1_zz4_pair_0126,zz4_pair_0126,126,5,21,H1,4,4,3,zz4_H1_pair_zz4_pair_0126_circuit_zz4_H1_zz4_pair_0126
427,zz4_H1_zz4_pair_0127,zz4_pair_0127,127,5,22,H1,4,4,3,zz4_H1_pair_zz4_pair_0127_circuit_zz4_H1_zz4_pair_0127
428,zz4_H1_zz4_pair_0128,zz4_pair_0128,128,5,23,H1,4,4,3,zz4_H1_pair_zz4_pair_0128_circuit_zz4_H1_zz4_pair_0128
429,zz4_H1_zz4_pair_0129,zz4_pair_0129,129,6,6,H1,4,4,3,zz4_H1_pair_zz4_pair_0129_circuit_zz4_H1_zz4_pair_0129
430,zz4_H1_zz4_pair_0130,zz4_pair_0130,130,6,7,H1,4,4,3,zz4_H1_pair_zz4_pair_0130_circuit_zz4_H1_zz4_pair_0130
431,zz4_H1_zz4_pair_0131,zz4_pair_0131,131,6,8,H1,4,4,3,zz4_H1_pair_zz4_pair_0131_circuit_zz4_H1_zz4_pair_0131
432,zz4_H1_zz4_pair_0132,zz4_pair_0132,132,6,9,H1,4,4,3,zz4_H1_pair_zz4_pair_0132_circuit_zz4_H1_zz4_pair_0132
433,zz4_H1_zz4_pair_0133,zz4_pair_0133,133,6,10,H1,4,4,3,zz4_H1_pair_zz4_pair_0133_circuit_zz4_H1_zz4_pair_0133
434,zz4_H1_zz4_pair_0134,zz4_pair_0134,134,6,11,H1,4,4,3,zz4_H1_pair_zz4_pair_0134_circuit_zz4_H1_zz4_pair_0134
435,zz4_H1_zz4_pair_0135,zz4_pair_0135,135,6,12,H1,4,4,3,zz4_H1_pair_zz4_pair_0135_circuit_zz4_H1_zz4_pair_0135
436,zz4_H1_zz4_pair_0136,zz4_pair_0136,136,6,13,H1,4,4,3,zz4_H1_pair_zz4_pair_0136_circuit_zz4_H1_zz4_pair_0136
437,zz4_H1_zz4_pair_0137,zz4_pair_0137,137,6,14,H1,4,4,3,zz4_H1_pair_zz4_pair_0137_circuit_zz4_H1_zz4_pair_0137
438,zz4_H1_zz4_pair_0138,zz4_pair_0138,138,6,15,H1,4,4,3,zz4_H1_pair_zz4_pair_0138_circuit_zz4_H1_zz4_pair_0138
439,zz4_H1_zz4_pair_0139,zz4_pair_0139,139,6,16,H1,4,4,3,zz4_H1_pair_zz4_pair_0139_circuit_zz4_H1_zz4_pair_0139
440,zz4_H1_zz4_pair_0140,zz4_pair_0140,140,6,17,H1,4,4,3,zz4_H1_pair_zz4_pair_0140_circuit_zz4_H1_zz4_pair_0140
441,zz4_H1_zz4_pair_0141,zz4_pair_0141,141,6,18,H1,4,4,3,zz4_H1_pair_zz4_pair_0141_circuit_zz4_H1_zz4_pair_0141
442,zz4_H1_zz4_pair_0142,zz4_pair_0142,142,6,19,H1,4,4,3,zz4_H1_pair_zz4_pair_0142_circuit_zz4_H1_zz4_pair_0142
443,zz4_H1_zz4_pair_0143,zz4_pair_0143,143,6,20,H1,4,4,3,zz4_H1_pair_zz4_pair_0143_circuit_zz4_H1_zz4_pair_0143
444,zz4_H1_zz4_pair_0144,zz4_pair_0144,144,6,21,H1,4,4,3,zz4_H1_pair_zz4_pair_0144_circuit_zz4_H1_zz4_pair_0144
445,zz4_H1_zz4_pair_0145,zz4_pair_0145,145,6,22,H1,4,4,3,zz4_H1_pair_zz4_pair_0145_circuit_zz4_H1_zz4_pair_0145
446,zz4_H1_zz4_pair_0146,zz4_pair_0146,146,6,23,H1,4,4,3,zz4_H1_pair_zz4_pair_0146_circuit_zz4_H1_zz4_pair_0146
447,zz4_H1_zz4_pair_0147,zz4_pair_0147,147,7,7,H1,4,4,3,zz4_H1_pair_zz4_pair_0147_circuit_zz4_H1_zz4_pair_0147
448,zz4_H1_zz4_pair_0148,zz4_pair_0148,148,7,8,H1,4,4,3,zz4_H1_pair_zz4_pair_0148_circuit_zz4_H1_zz4_pair_0148
449,zz4_H1_zz4_pair_0149,zz4_pair_0149,149,7,9,H1,4,4,3,zz4_H1_pair_zz4_pair_0149_circuit_zz4_H1_zz4_pair_0149
450,zz4_H1_zz4_pair_0150,zz4_pair_0150,150,7,10,H1,4,4,3,zz4_H1_pair_zz4_pair_0150_circuit_zz4_H1_zz4_pair_0150
451,zz4_H1_zz4_pair_0151,zz4_pair_0151,151,7,11,H1,4,4,3,zz4_H1_pair_zz4_pair_0151_circuit_zz4_H1_zz4_pair_0151
452,zz4_H1_zz4_pair_0152,zz4_pair_0152,152,7,12,H1,4,4,3,zz4_H1_pair_zz4_pair_0152_circuit_zz4_H1_zz4_pair_0152
453,zz4_H1_zz4_pair_0153,zz4_pair_0153,153,7,13,H1,4,4,3,zz4_H1_pair_zz4_pair_0153_circuit_zz4_H1_zz4_pair_0153
454,zz4_H1_zz4_pair_0154,zz4_pair_0154,154,7,14,H1,4,4,3,zz4_H1_pair_zz4_pair_0154_circuit_zz4_H1_zz4_pair_0154
455,zz4_H1_zz4_pair_0155,zz4_pair_0155,155,7,15,H1,4,4,3,zz4_H1_pair_zz4_pair_0155_circuit_zz4_H1_zz4_pair_0155
456,zz4_H1_zz4_pair_0156,zz4_pair_0156,156,7,16,H1,4,4,3,zz4_H1_pair_zz4_pair_0156_circuit_zz4_H1_zz4_pair_0156
457,zz4_H1_zz4_pair_0157,zz4_pair_0157,157,7,17,H1,4,4,3,zz4_H1_pair_zz4_pair_0157_circuit_zz4_H1_zz4_pair_0157
458,zz4_H1_zz4_pair_0158,zz4_pair_0158,158,7,18,H1,4,4,3,zz4_H1_pair_zz4_pair_0158_circuit_zz4_H1_zz4_pair_0158
459,zz4_H1_zz4_pair_0159,zz4_pair_0159,159,7,19,H1,4,4,3,zz4_H1_pair_zz4_pair_0159_circuit_zz4_H1_zz4_pair_0159
460,zz4_H1_zz4_pair_0160,zz4_pair_0160,160,7,20,H1,4,4,3,zz4_H1_pair_zz4_pair_0160_circuit_zz4_H1_zz4_pair_0160
461,zz4_H1_zz4_pair_0161,zz4_pair_0161,161,7,21,H1,4,4,3,zz4_H1_pair_zz4_pair_0161_circuit_zz4_H1_zz4_pair_0161
462,zz4_H1_zz4_pair_0162,zz4_pair_0162,162,7,22,H1,4,4,3,zz4_H1_pair_zz4_pair_0162_circuit_zz4_H1_zz4_pair_0162
463,zz4_H1_zz4_pair_0163,zz4_pair_0163,163,7,23,H1,4,4,3,zz4_H1_pair_zz4_pair_0163_circuit_zz4_H1_zz4_pair_0163
464,zz4_H1_zz4_pair_0164,zz4_pair_0164,164,8,8,H1,4,4,3,zz4_H1_pair_zz4_pair_0164_circuit_zz4_H1_zz4_pair_0164
465,zz4_H1_zz4_pair_0165,zz4_pair_0165,165,8,9,H1,4,4,3,zz4_H1_pair_zz4_pair_0165_circuit_zz4_H1_zz4_pair_0165
466,zz4_H1_zz4_pair_0166,zz4_pair_0166,166,8,10,H1,4,4,3,zz4_H1_pair_zz4_pair_0166_circuit_zz4_H1_zz4_pair_0166
467,zz4_H1_zz4_pair_0167,zz4_pair_0167,167,8,11,H1,4,4,3,zz4_H1_pair_zz4_pair_0167_circuit_zz4_H1_zz4_pair_0167
468,zz4_H1_zz4_pair_0168,zz4_pair_0168,168,8,12,H1,4,4,3,zz4_H1_pair_zz4_pair_0168_circuit_zz4_H1_zz4_pair_0168
469,zz4_H1_zz4_pair_0169,zz4_pair_0169,169,8,13,H1,4,4,3,zz4_H1_pair_zz4_pair_0169_circuit_zz4_H1_zz4_pair_0169
470,zz4_H1_zz4_pair_0170,zz4_pair_0170,170,8,14,H1,4,4,3,zz4_H1_pair_zz4_pair_0170_circuit_zz4_H1_zz4_pair_0170
471,zz4_H1_zz4_pair_0171,zz4_pair_0171,171,8,15,H1,4,4,3,zz4_H1_pair_zz4_pair_0171_circuit_zz4_H1_zz4_pair_0171
472,zz4_H1_zz4_pair_0172,zz4_pair_0172,172,8,16,H1,4,4,3,zz4_H1_pair_zz4_pair_0172_circuit_zz4_H1_zz4_pair_0172
473,zz4_H1_zz4_pair_0173,zz4_pair_0173,173,8,17,H1,4,4,3,zz4_H1_pair_zz4_pair_0173_circuit_zz4_H1_zz4_pair_0173
474,zz4_H1_zz4_pair_0174,zz4_pair_0174,174,8,18,H1,4,4,3,zz4_H1_pair_zz4_pair_0174_circuit_zz4_H1_zz4_pair_0174
475,zz4_H1_zz4_pair_0175,zz4_pair_0175,175,8,19,H1,4,4,3,zz4_H1_pair_zz4_pair_0175_circuit_zz4_H1_zz4_pair_0175
476,zz4_H1_zz4_pair_0176,zz4_pair_0176,176,8,20,H1,4,4,3,zz4_H1_pair_zz4_pair_0176_circuit_zz4_H1_zz4_pair_0176
477,zz4_H1_zz4_pair_0177,zz4_pair_0177,177,8,21,H1,4,4,3,zz4_H1_pair_zz4_pair_0177_circuit_zz4_H1_zz4_pair_0177
478,zz4_H1_zz4_pair_0178,zz4_pair_0178,178,8,22,H1,4,4,3,zz4_H1_pair_zz4_pair_0178_circuit_zz4_H1_zz4_pair_0178
479,zz4_H1_zz4_pair_0179,zz4_pair_0179,179,8,23,H1,4,4,3,zz4_H1_pair_zz4_pair_0179_circuit_zz4_H1_zz4_pair_0179
480,zz4_H1_zz4_pair_0180,zz4_pair_0180,180,9,9,H1,4,4,3,zz4_H1_pair_zz4_pair_0180_circuit_zz4_H1_zz4_pair_0180
481,zz4_H1_zz4_pair_0181,zz4_pair_0181,181,9,10,H1,4,4,3,zz4_H1_pair_zz4_pair_0181_circuit_zz4_H1_zz4_pair_0181
482,zz4_H1_zz4_pair_0182,zz4_pair_0182,182,9,11,H1,4,4,3,zz4_H1_pair_zz4_pair_0182_circuit_zz4_H1_zz4_pair_0182
483,zz4_H1_zz4_pair_0183,zz4_pair_0183,183,9,12,H1,4,4,3,zz4_H1_pair_zz4_pair_0183_circuit_zz4_H1_zz4_pair_0183
484,zz4_H1_zz4_pair_0184,zz4_pair_0184,184,9,13,H1,4,4,3,zz4_H1_pair_zz4_pair_0184_circuit_zz4_H1_zz4_pair_0184
485,zz4_H1_zz4_pair_0185,zz4_pair_0185,185,9,14,H1,4,4,3,zz4_H1_pair_zz4_pair_0185_circuit_zz4_H1_zz4_pair_0185
486,zz4_H1_zz4_pair_0186,zz4_pair_0186,186,9,15,H1,4,4,3,zz4_H1_pair_zz4_pair_0186_circuit_zz4_H1_zz4_pair_0186
487,zz4_H1_zz4_pair_0187,zz4_pair_0187,187,9,16,H1,4,4,3,zz4_H1_pair_zz4_pair_0187_circuit_zz4_H1_zz4_pair_0187
488,zz4_H1_zz4_pair_0188,zz4_pair_0188,188,9,17,H1,4,4,3,zz4_H1_pair_zz4_pair_0188_circuit_zz4_H1_zz4_pair_0188
489,zz4_H1_zz4_pair_0189,zz4_pair_0189,189,9,18,H1,4,4,3,zz4_H1_pair_zz4_pair_0189_circuit_zz4_H1_zz4_pair_0189
490,zz4_H1_zz4_pair_0190,zz4_pair_0190,190,9,19,H1,4,4,3,zz4_H1_pair_zz4_pair_0190_circuit_zz4_H1_zz4_pair_0190
491,zz4_H1_zz4_pair_0191,zz4_pair_0191,191,9,20,H1,4,4,3,zz4_H1_pair_zz4_pair_0191_circuit_zz4_H1_zz4_pair_0191
492,zz4_H1_zz4_pair_0192,zz4_pair_0192,192,9,21,H1,4,4,3,zz4_H1_pair_zz4_pair_0192_circuit_zz4_H1_zz4_pair_0192
493,zz4_H1_zz4_pair_0193,zz4_pair_0193,193,9,22,H1,4,4,3,zz4_H1_pair_zz4_pair_0193_circuit_zz4_H1_zz4_pair_0193
494,zz4_H1_zz4_pair_0194,zz4_pair_0194,194,9,23,H1,4,4,3,zz4_H1_pair_zz4_pair_0194_circuit_zz4_H1_zz4_pair_0194
495,zz4_H1_zz4_pair_0195,zz4_pair_0195,195,10,10,H1,4,4,3,zz4_H1_pair_zz4_pair_0195_circuit_zz4_H1_zz4_pair_0195
496,zz4_H1_zz4_pair_0196,zz4_pair_0196,196,10,11,H1,4,4,3,zz4_H1_pair_zz4_pair_0196_circuit_zz4_H1_zz4_pair_0196
497,zz4_H1_zz4_pair_0197,zz4_pair_0197,197,10,12,H1,4,4,3,zz4_H1_pair_zz4_pair_0197_circuit_zz4_H1_zz4_pair_0197
498,zz4_H1_zz4_pair_0198,zz4_pair_0198,198,10,13,H1,4,4,3,zz4_H1_pair_zz4_pair_0198_circuit_zz4_H1_zz4_pair_0198
499,zz4_H1_zz4_pair_0199,zz4_pair_0199,199,10,14,H1,4,4,3,zz4_H1_pair_zz4_pair_0199_circuit_zz4_H1_zz4_pair_0199
500,zz4_H1_zz4_pair_0200,zz4_pair_0200,200,10,15,H1,4,4,3,zz4_H1_pair_zz4_pair_0200_circuit_zz4_H1_zz4_pair_0200
501,zz4_H1_zz4_pair_0201,zz4_pair_0201,201,10,16,H1,4,4,3,zz4_H1_pair_zz4_pair_0201_circuit_zz4_H1_zz4_pair_0201
502,zz4_H1_zz4_pair_0202,zz4_pair_0202,202,10,17,H1,4,4,3,zz4_H1_pair_zz4_pair_0202_circuit_zz4_H1_zz4_pair_0202
503,zz4_H1_zz4_pair_0203,zz4_pair_0203,203,10,18,H1,4,4,3,zz4_H1_pair_zz4_pair_0203_circuit_zz4_H1_zz4_pair_0203
504,zz4_H1_zz4_pair_0204,zz4_pair_0204,204,10,19,H1,4,4,3,zz4_H1_pair_zz4_pair_0204_circuit_zz4_H1_zz4_pair_0204
505,zz4_H1_zz4_pair_0205,zz4_pair_0205,205,10,20,H1,4,4,3,zz4_H1_pair_zz4_pair_0205_circuit_zz4_H1_zz4_pair_0205
506,zz4_H1_zz4_pair_0206,zz4_pair_0206,206,10,21,H1,4,4,3,zz4_H1_pair_zz4_pair_0206_circuit_zz4_H1_zz4_pair_0206
507,zz4_H1_zz4_pair_0207,zz4_pair_0207,207,10,22,H1,4,4,3,zz4_H1_pair_zz4_pair_0207_circuit_zz4_H1_zz4_pair_0207
508,zz4_H1_zz4_pair_0208,zz4_pair_0208,208,10,23,H1,4,4,3,zz4_H1_pair_zz4_pair_0208_circuit_zz4_H1_zz4_pair_0208
509,zz4_H1_zz4_pair_0209,zz4_pair_0209,209,11,11,H1,4,4,3,zz4_H1_pair_zz4_pair_0209_circuit_zz4_H1_zz4_pair_0209
510,zz4_H1_zz4_pair_0210,zz4_pair_0210,210,11,12,H1,4,4,3,zz4_H1_pair_zz4_pair_0210_circuit_zz4_H1_zz4_pair_0210
511,zz4_H1_zz4_pair_0211,zz4_pair_0211,211,11,13,H1,4,4,3,zz4_H1_pair_zz4_pair_0211_circuit_zz4_H1_zz4_pair_0211
512,zz4_H1_zz4_pair_0212,zz4_pair_0212,212,11,14,H1,4,4,3,zz4_H1_pair_zz4_pair_0212_circuit_zz4_H1_zz4_pair_0212
513,zz4_H1_zz4_pair_0213,zz4_pair_0213,213,11,15,H1,4,4,3,zz4_H1_pair_zz4_pair_0213_circuit_zz4_H1_zz4_pair_0213
514,zz4_H1_zz4_pair_0214,zz4_pair_0214,214,11,16,H1,4,4,3,zz4_H1_pair_zz4_pair_0214_circuit_zz4_H1_zz4_pair_0214
515,zz4_H1_zz4_pair_0215,zz4_pair_0215,215,11,17,H1,4,4,3,zz4_H1_pair_zz4_pair_0215_circuit_zz4_H1_zz4_pair_0215
516,zz4_H1_zz4_pair_0216,zz4_pair_0216,216,11,18,H1,4,4,3,zz4_H1_pair_zz4_pair_0216_circuit_zz4_H1_zz4_pair_0216
517,zz4_H1_zz4_pair_0217,zz4_pair_0217,217,11,19,H1,4,4,3,zz4_H1_pair_zz4_pair_0217_circuit_zz4_H1_zz4_pair_0217
518,zz4_H1_zz4_pair_0218,zz4_pair_0218,218,11,20,H1,4,4,3,zz4_H1_pair_zz4_pair_0218_circuit_zz4_H1_zz4_pair_0218
519,zz4_H1_zz4_pair_0219,zz4_pair_0219,219,11,21,H1,4,4,3,zz4_H1_pair_zz4_pair_0219_circuit_zz4_H1_zz4_pair_0219
520,zz4_H1_zz4_pair_0220,zz4_pair_0220,220,11,22,H1,4,4,3,zz4_H1_pair_zz4_pair_0220_circuit_zz4_H1_zz4_pair_0220
521,zz4_H1_zz4_pair_0221,zz4_pair_0221,221,11,23,H1,4,4,3,zz4_H1_pair_zz4_pair_0221_circuit_zz4_H1_zz4_pair_0221
522,zz4_H1_zz4_pair_0222,zz4_pair_0222,222,12,12,H1,4,4,3,zz4_H1_pair_zz4_pair_0222_circuit_zz4_H1_zz4_pair_0222
523,zz4_H1_zz4_pair_0223,zz4_pair_0223,223,12,13,H1,4,4,3,zz4_H1_pair_zz4_pair_0223_circuit_zz4_H1_zz4_pair_0223
524,zz4_H1_zz4_pair_0224,zz4_pair_0224,224,12,14,H1,4,4,3,zz4_H1_pair_zz4_pair_0224_circuit_zz4_H1_zz4_pair_0224
525,zz4_H1_zz4_pair_0225,zz4_pair_0225,225,12,15,H1,4,4,3,zz4_H1_pair_zz4_pair_0225_circuit_zz4_H1_zz4_pair_0225
526,zz4_H1_zz4_pair_0226,zz4_pair_0226,226,12,16,H1,4,4,3,zz4_H1_pair_zz4_pair_0226_circuit_zz4_H1_zz4_pair_0226
527,zz4_H1_zz4_pair_0227,zz4_pair_0227,227,12,17,H1,4,4,3,zz4_H1_pair_zz4_pair_0227_circuit_zz4_H1_zz4_pair_0227
528,zz4_H1_zz4_pair_0228,zz4_pair_0228,228,12,18,H1,4,4,3,zz4_H1_pair_zz4_pair_0228_circuit_zz4_H1_zz4_pair_0228
529,zz4_H1_zz4_pair_0229,zz4_pair_0229,229,12,19,H1,4,4,3,zz4_H1_pair_zz4_pair_0229_circuit_zz4_H1_zz4_pair_0229
530,zz4_H1_zz4_pair_0230,zz4_pair_0230,230,12,20,H1,4,4,3,zz4_H1_pair_zz4_pair_0230_circuit_zz4_H1_zz4_pair_0230
531,zz4_H1_zz4_pair_0231,zz4_pair_0231,231,12,21,H1,4,4,3,zz4_H1_pair_zz4_pair_0231_circuit_zz4_H1_zz4_pair_0231
532,zz4_H1_zz4_pair_0232,zz4_pair_0232,232,12,22,H1,4,4,3,zz4_H1_pair_zz4_pair_0232_circuit_zz4_H1_zz4_pair_0232
533,zz4_H1_zz4_pair_0233,zz4_pair_0233,233,12,23,H1,4,4,3,zz4_H1_pair_zz4_pair_0233_circuit_zz4_H1_zz4_pair_0233
534,zz4_H1_zz4_pair_0234,zz4_pair_0234,234,13,13,H1,4,4,3,zz4_H1_pair_zz4_pair_0234_circuit_zz4_H1_zz4_pair_0234
535,zz4_H1_zz4_pair_0235,zz4_pair_0235,235,13,14,H1,4,4,3,zz4_H1_pair_zz4_pair_0235_circuit_zz4_H1_zz4_pair_0235
536,zz4_H1_zz4_pair_0236,zz4_pair_0236,236,13,15,H1,4,4,3,zz4_H1_pair_zz4_pair_0236_circuit_zz4_H1_zz4_pair_0236
537,zz4_H1_zz4_pair_0237,zz4_pair_0237,237,13,16,H1,4,4,3,zz4_H1_pair_zz4_pair_0237_circuit_zz4_H1_zz4_pair_0237
538,zz4_H1_zz4_pair_0238,zz4_pair_0238,238,13,17,H1,4,4,3,zz4_H1_pair_zz4_pair_0238_circuit_zz4_H1_zz4_pair_0238
539,zz4_H1_zz4_pair_0239,zz4_pair_0239,239,13,18,H1,4,4,3,zz4_H1_pair_zz4_pair_0239_circuit_zz4_H1_zz4_pair_0239
540,zz4_H1_zz4_pair_0240,zz4_pair_0240,240,13,19,H1,4,4,3,zz4_H1_pair_zz4_pair_0240_circuit_zz4_H1_zz4_pair_0240
541,zz4_H1_zz4_pair_0241,zz4_pair_0241,241,13,20,H1,4,4,3,zz4_H1_pair_zz4_pair_0241_circuit_zz4_H1_zz4_pair_0241
542,zz4_H1_zz4_pair_0242,zz4_pair_0242,242,13,21,H1,4,4,3,zz4_H1_pair_zz4_pair_0242_circuit_zz4_H1_zz4_pair_0242
543,zz4_H1_zz4_pair_0243,zz4_pair_0243,243,13,22,H1,4,4,3,zz4_H1_pair_zz4_pair_0243_circuit_zz4_H1_zz4_pair_0243
544,zz4_H1_zz4_pair_0244,zz4_pair_0244,244,13,23,H1,4,4,3,zz4_H1_pair_zz4_pair_0244_circuit_zz4_H1_zz4_pair_0244
545,zz4_H1_zz4_pair_0245,zz4_pair_0245,245,14,14,H1,4,4,3,zz4_H1_pair_zz4_pair_0245_circuit_zz4_H1_zz4_pair_0245
546,zz4_H1_zz4_pair_0246,zz4_pair_0246,246,14,15,H1,4,4,3,zz4_H1_pair_zz4_pair_0246_circuit_zz4_H1_zz4_pair_0246
547,zz4_H1_zz4_pair_0247,zz4_pair_0247,247,14,16,H1,4,4,3,zz4_H1_pair_zz4_pair_0247_circuit_zz4_H1_zz4_pair_0247
548,zz4_H1_zz4_pair_0248,zz4_pair_0248,248,14,17,H1,4,4,3,zz4_H1_pair_zz4_pair_0248_circuit_zz4_H1_zz4_pair_0248
549,zz4_H1_zz4_pair_0249,zz4_pair_0249,249,14,18,H1,4,4,3,zz4_H1_pair_zz4_pair_0249_circuit_zz4_H1_zz4_pair_0249
550,zz4_H1_zz4_pair_0250,zz4_pair_0250,250,14,19,H1,4,4,3,zz4_H1_pair_zz4_pair_0250_circuit_zz4_H1_zz4_pair_0250
551,zz4_H1_zz4_pair_0251,zz4_pair_0251,251,14,20,H1,4,4,3,zz4_H1_pair_zz4_pair_0251_circuit_zz4_H1_zz4_pair_0251
552,zz4_H1_zz4_pair_0252,zz4_pair_0252,252,14,21,H1,4,4,3,zz4_H1_pair_zz4_pair_0252_circuit_zz4_H1_zz4_pair_0252
553,zz4_H1_zz4_pair_0253,zz4_pair_0253,253,14,22,H1,4,4,3,zz4_H1_pair_zz4_pair_0253_circuit_zz4_H1_zz4_pair_0253
554,zz4_H1_zz4_pair_0254,zz4_pair_0254,254,14,23,H1,4,4,3,zz4_H1_pair_zz4_pair_0254_circuit_zz4_H1_zz4_pair_0254
555,zz4_H1_zz4_pair_0255,zz4_pair_0255,255,15,15,H1,4,4,3,zz4_H1_pair_zz4_pair_0255_circuit_zz4_H1_zz4_pair_0255
556,zz4_H1_zz4_pair_0256,zz4_pair_0256,256,15,16,H1,4,4,3,zz4_H1_pair_zz4_pair_0256_circuit_zz4_H1_zz4_pair_0256
557,zz4_H1_zz4_pair_0257,zz4_pair_0257,257,15,17,H1,4,4,3,zz4_H1_pair_zz4_pair_0257_circuit_zz4_H1_zz4_pair_0257
558,zz4_H1_zz4_pair_0258,zz4_pair_0258,258,15,18,H1,4,4,3,zz4_H1_pair_zz4_pair_0258_circuit_zz4_H1_zz4_pair_0258
559,zz4_H1_zz4_pair_0259,zz4_pair_0259,259,15,19,H1,4,4,3,zz4_H1_pair_zz4_pair_0259_circuit_zz4_H1_zz4_pair_0259
560,zz4_H1_zz4_pair_0260,zz4_pair_0260,260,15,20,H1,4,4,3,zz4_H1_pair_zz4_pair_0260_circuit_zz4_H1_zz4_pair_0260
561,zz4_H1_zz4_pair_0261,zz4_pair_0261,261,15,21,H1,4,4,3,zz4_H1_pair_zz4_pair_0261_circuit_zz4_H1_zz4_pair_0261
562,zz4_H1_zz4_pair_0262,zz4_pair_0262,262,15,22,H1,4,4,3,zz4_H1_pair_zz4_pair_0262_circuit_zz4_H1_zz4_pair_0262
563,zz4_H1_zz4_pair_0263,zz4_pair_0263,263,15,23,H1,4,4,3,zz4_H1_pair_zz4_pair_0263_circuit_zz4_H1_zz4_pair_0263
564,zz4_H1_zz4_pair_0264,zz4_pair_0264,264,16,16,H1,4,4,3,zz4_H1_pair_zz4_pair_0264_circuit_zz4_H1_zz4_pair_0264
565,zz4_H1_zz4_pair_0265,zz4_pair_0265,265,16,17,H1,4,4,3,zz4_H1_pair_zz4_pair_0265_circuit_zz4_H1_zz4_pair_0265
566,zz4_H1_zz4_pair_0266,zz4_pair_0266,266,16,18,H1,4,4,3,zz4_H1_pair_zz4_pair_0266_circuit_zz4_H1_zz4_pair_0266
567,zz4_H1_zz4_pair_0267,zz4_pair_0267,267,16,19,H1,4,4,3,zz4_H1_pair_zz4_pair_0267_circuit_zz4_H1_zz4_pair_0267
568,zz4_H1_zz4_pair_0268,zz4_pair_0268,268,16,20,H1,4,4,3,zz4_H1_pair_zz4_pair_0268_circuit_zz4_H1_zz4_pair_0268
569,zz4_H1_zz4_pair_0269,zz4_pair_0269,269,16,21,H1,4,4,3,zz4_H1_pair_zz4_pair_0269_circuit_zz4_H1_zz4_pair_0269
570,zz4_H1_zz4_pair_0270,zz4_pair_0270,270,16,22,H1,4,4,3,zz4_H1_pair_zz4_pair_0270_circuit_zz4_H1_zz4_pair_0270
571,zz4_H1_zz4_pair_0271,zz4_pair_0271,271,16,23,H1,4,4,3,zz4_H1_pair_zz4_pair_0271_circuit_zz4_H1_zz4_pair_0271
572,zz4_H1_zz4_pair_0272,zz4_pair_0272,272,17,17,H1,4,4,3,zz4_H1_pair_zz4_pair_0272_circuit_zz4_H1_zz4_pair_0272
573,zz4_H1_zz4_pair_0273,zz4_pair_0273,273,17,18,H1,4,4,3,zz4_H1_pair_zz4_pair_0273_circuit_zz4_H1_zz4_pair_0273
574,zz4_H1_zz4_pair_0274,zz4_pair_0274,274,17,19,H1,4,4,3,zz4_H1_pair_zz4_pair_0274_circuit_zz4_H1_zz4_pair_0274
575,zz4_H1_zz4_pair_0275,zz4_pair_0275,275,17,20,H1,4,4,3,zz4_H1_pair_zz4_pair_0275_circuit_zz4_H1_zz4_pair_0275
576,zz4_H1_zz4_pair_0276,zz4_pair_0276,276,17,21,H1,4,4,3,zz4_H1_pair_zz4_pair_0276_circuit_zz4_H1_zz4_pair_0276
577,zz4_H1_zz4_pair_0277,zz4_pair_0277,277,17,22,H1,4,4,3,zz4_H1_pair_zz4_pair_0277_circuit_zz4_H1_zz4_pair_0277
578,zz4_H1_zz4_pair_0278,zz4_pair_0278,278,17,23,H1,4,4,3,zz4_H1_pair_zz4_pair_0278_circuit_zz4_H1_zz4_pair_0278
579,zz4_H1_zz4_pair_0279,zz4_pair_0279,279,18,18,H1,4,4,3,zz4_H1_pair_zz4_pair_0279_circuit_zz4_H1_zz4_pair_0279
580,zz4_H1_zz4_pair_0280,zz4_pair_0280,280,18,19,H1,4,4,3,zz4_H1_pair_zz4_pair_0280_circuit_zz4_H1_zz4_pair_0280
581,zz4_H1_zz4_pair_0281,zz4_pair_0281,281,18,20,H1,4,4,3,zz4_H1_pair_zz4_pair_0281_circuit_zz4_H1_zz4_pair_0281
582,zz4_H1_zz4_pair_0282,zz4_pair_0282,282,18,21,H1,4,4,3,zz4_H1_pair_zz4_pair_0282_circuit_zz4_H1_zz4_pair_0282
583,zz4_H1_zz4_pair_0283,zz4_pair_0283,283,18,22,H1,4,4,3,zz4_H1_pair_zz4_pair_0283_circuit_zz4_H1_zz4_pair_0283
584,zz4_H1_zz4_pair_0284,zz4_pair_0284,284,18,23,H1,4,4,3,zz4_H1_pair_zz4_pair_0284_circuit_zz4_H1_zz4_pair_0284
585,zz4_H1_zz4_pair_0285,zz4_pair_0285,285,19,19,H1,4,4,3,zz4_H1_pair_zz4_pair_0285_circuit_zz4_H1_zz4_pair_0285
586,zz4_H1_zz4_pair_0286,zz4_pair_0286,286,19,20,H1,4,4,3,zz4_H1_pair_zz4_pair_0286_circuit_zz4_H1_zz4_pair_0286
587,zz4_H1_zz4_pair_0287,zz4_pair_0287,287,19,21,H1,4,4,3,zz4_H1_pair_zz4_pair_0287_circuit_zz4_H1_zz4_pair_0287
588,zz4_H1_zz4_pair_0288,zz4_pair_0288,288,19,22,H1,4,4,3,zz4_H1_pair_zz4_pair_0288_circuit_zz4_H1_zz4_pair_0288
589,zz4_H1_zz4_pair_0289,zz4_pair_0289,289,19,23,H1,4,4,3,zz4_H1_pair_zz4_pair_0289_circuit_zz4_H1_zz4_pair_0289
590,zz4_H1_zz4_pair_0290,zz4_pair_0290,290,20,20,H1,4,4,3,zz4_H1_pair_zz4_pair_0290_circuit_zz4_H1_zz4_pair_0290
591,zz4_H1_zz4_pair_0291,zz4_pair_0291,291,20,21,H1,4,4,3,zz4_H1_pair_zz4_pair_0291_circuit_zz4_H1_zz4_pair_0291
592,zz4_H1_zz4_pair_0292,zz4_pair_0292,292,20,22,H1,4,4,3,zz4_H1_pair_zz4_pair_0292_circuit_zz4_H1_zz4_pair_0292
593,zz4_H1_zz4_pair_0293,zz4_pair_0293,293,20,23,H1,4,4,3,zz4_H1_pair_zz4_pair_0293_circuit_zz4_H1_zz4_pair_0293
594,zz4_H1_zz4_pair_0294,zz4_pair_0294,294,21,21,H1,4,4,3,zz4_H1_pair_zz4_pair_0294_circuit_zz4_H1_zz4_pair_0294
595,zz4_H1_zz4_pair_0295,zz4_pair_0295,295,21,22,H1,4,4,3,zz4_H1_pair_zz4_pair_0295_circuit_zz4_H1_zz4_pair_0295
596,zz4_H1_zz4_pair_0296,zz4_pair_0296,296,21,23,H1,4,4,3,zz4_H1_pair_zz4_pair_0296_circuit_zz4_H1_zz4_pair_0296
597,zz4_H1_zz4_pair_0297,zz4_pair_0297,297,22,22,H1,4,4,3,zz4_H1_pair_zz4_pair_0297_circuit_zz4_H1_zz4_pair_0297
598,zz4_H1_zz4_pair_0298,zz4_pair_0298,298,22,23,H1,4,4,3,zz4_H1_pair_zz4_pair_0298_circuit_zz4_H1_zz4_pair_0298
599,zz4_H1_zz4_pair_0299,zz4_pair_0299,299,23,23,H1,4,4,3,zz4_H1_pair_zz4_pair_0299_circuit_zz4_H1_zz4_pair_0299
600,zz4_H2_zz4_pair_0000,zz4_pair_0000,0,0,0,H2,4,4,3,zz4_H2_pair_zz4_pair_0000_circuit_zz4_H2_zz4_pair_0000
601,zz4_H2_zz4_pair_0001,zz4_pair_0001,1,0,1,H2,4,4,3,zz4_H2_pair_zz4_pair_0001_circuit_zz4_H2_zz4_pair_0001
602,zz4_H2_zz4_pair_0002,zz4_pair_0002,2,0,2,H2,4,4,3,zz4_H2_pair_zz4_pair_0002_circuit_zz4_H2_zz4_pair_0002
603,zz4_H2_zz4_pair_0003,zz4_pair_0003,3,0,3,H2,4,4,3,zz4_H2_pair_zz4_pair_0003_circuit_zz4_H2_zz4_pair_0003
604,zz4_H2_zz4_pair_0004,zz4_pair_0004,4,0,4,H2,4,4,3,zz4_H2_pair_zz4_pair_0004_circuit_zz4_H2_zz4_pair_0004
605,zz4_H2_zz4_pair_0005,zz4_pair_0005,5,0,5,H2,4,4,3,zz4_H2_pair_zz4_pair_0005_circuit_zz4_H2_zz4_pair_0005
606,zz4_H2_zz4_pair_0006,zz4_pair_0006,6,0,6,H2,4,4,3,zz4_H2_pair_zz4_pair_0006_circuit_zz4_H2_zz4_pair_0006
607,zz4_H2_zz4_pair_0007,zz4_pair_0007,7,0,7,H2,4,4,3,zz4_H2_pair_zz4_pair_0007_circuit_zz4_H2_zz4_pair_0007
608,zz4_H2_zz4_pair_0008,zz4_pair_0008,8,0,8,H2,4,4,3,zz4_H2_pair_zz4_pair_0008_circuit_zz4_H2_zz4_pair_0008
609,zz4_H2_zz4_pair_0009,zz4_pair_0009,9,0,9,H2,4,4,3,zz4_H2_pair_zz4_pair_0009_circuit_zz4_H2_zz4_pair_0009
610,zz4_H2_zz4_pair_0010,zz4_pair_0010,10,0,10,H2,4,4,3,zz4_H2_pair_zz4_pair_0010_circuit_zz4_H2_zz4_pair_0010
611,zz4_H2_zz4_pair_0011,zz4_pair_0011,11,0,11,H2,4,4,3,zz4_H2_pair_zz4_pair_0011_circuit_zz4_H2_zz4_pair_0011
612,zz4_H2_zz4_pair_0012,zz4_pair_0012,12,0,12,H2,4,4,3,zz4_H2_pair_zz4_pair_0012_circuit_zz4_H2_zz4_pair_0012
613,zz4_H2_zz4_pair_0013,zz4_pair_0013,13,0,13,H2,4,4,3,zz4_H2_pair_zz4_pair_0013_circuit_zz4_H2_zz4_pair_0013
614,zz4_H2_zz4_pair_0014,zz4_pair_0014,14,0,14,H2,4,4,3,zz4_H2_pair_zz4_pair_0014_circuit_zz4_H2_zz4_pair_0014
615,zz4_H2_zz4_pair_0015,zz4_pair_0015,15,0,15,H2,4,4,3,zz4_H2_pair_zz4_pair_0015_circuit_zz4_H2_zz4_pair_0015
616,zz4_H2_zz4_pair_0016,zz4_pair_0016,16,0,16,H2,4,4,3,zz4_H2_pair_zz4_pair_0016_circuit_zz4_H2_zz4_pair_0016
617,zz4_H2_zz4_pair_0017,zz4_pair_0017,17,0,17,H2,4,4,3,zz4_H2_pair_zz4_pair_0017_circuit_zz4_H2_zz4_pair_0017
618,zz4_H2_zz4_pair_0018,zz4_pair_0018,18,0,18,H2,4,4,3,zz4_H2_pair_zz4_pair_0018_circuit_zz4_H2_zz4_pair_0018
619,zz4_H2_zz4_pair_0019,zz4_pair_0019,19,0,19,H2,4,4,3,zz4_H2_pair_zz4_pair_0019_circuit_zz4_H2_zz4_pair_0019
620,zz4_H2_zz4_pair_0020,zz4_pair_0020,20,0,20,H2,4,4,3,zz4_H2_pair_zz4_pair_0020_circuit_zz4_H2_zz4_pair_0020
621,zz4_H2_zz4_pair_0021,zz4_pair_0021,21,0,21,H2,4,4,3,zz4_H2_pair_zz4_pair_0021_circuit_zz4_H2_zz4_pair_0021
622,zz4_H2_zz4_pair_0022,zz4_pair_0022,22,0,22,H2,4,4,3,zz4_H2_pair_zz4_pair_0022_circuit_zz4_H2_zz4_pair_0022
623,zz4_H2_zz4_pair_0023,zz4_pair_0023,23,0,23,H2,4,4,3,zz4_H2_pair_zz4_pair_0023_circuit_zz4_H2_zz4_pair_0023
624,zz4_H2_zz4_pair_0024,zz4_pair_0024,24,1,1,H2,4,4,3,zz4_H2_pair_zz4_pair_0024_circuit_zz4_H2_zz4_pair_0024
625,zz4_H2_zz4_pair_0025,zz4_pair_0025,25,1,2,H2,4,4,3,zz4_H2_pair_zz4_pair_0025_circuit_zz4_H2_zz4_pair_0025
626,zz4_H2_zz4_pair_0026,zz4_pair_0026,26,1,3,H2,4,4,3,zz4_H2_pair_zz4_pair_0026_circuit_zz4_H2_zz4_pair_0026
627,zz4_H2_zz4_pair_0027,zz4_pair_0027,27,1,4,H2,4,4,3,zz4_H2_pair_zz4_pair_0027_circuit_zz4_H2_zz4_pair_0027
628,zz4_H2_zz4_pair_0028,zz4_pair_0028,28,1,5,H2,4,4,3,zz4_H2_pair_zz4_pair_0028_circuit_zz4_H2_zz4_pair_0028
629,zz4_H2_zz4_pair_0029,zz4_pair_0029,29,1,6,H2,4,4,3,zz4_H2_pair_zz4_pair_0029_circuit_zz4_H2_zz4_pair_0029
630,zz4_H2_zz4_pair_0030,zz4_pair_0030,30,1,7,H2,4,4,3,zz4_H2_pair_zz4_pair_0030_circuit_zz4_H2_zz4_pair_0030
631,zz4_H2_zz4_pair_0031,zz4_pair_0031,31,1,8,H2,4,4,3,zz4_H2_pair_zz4_pair_0031_circuit_zz4_H2_zz4_pair_0031
632,zz4_H2_zz4_pair_0032,zz4_pair_0032,32,1,9,H2,4,4,3,zz4_H2_pair_zz4_pair_0032_circuit_zz4_H2_zz4_pair_0032
633,zz4_H2_zz4_pair_0033,zz4_pair_0033,33,1,10,H2,4,4,3,zz4_H2_pair_zz4_pair_0033_circuit_zz4_H2_zz4_pair_0033
634,zz4_H2_zz4_pair_0034,zz4_pair_0034,34,1,11,H2,4,4,3,zz4_H2_pair_zz4_pair_0034_circuit_zz4_H2_zz4_pair_0034
635,zz4_H2_zz4_pair_0035,zz4_pair_0035,35,1,12,H2,4,4,3,zz4_H2_pair_zz4_pair_0035_circuit_zz4_H2_zz4_pair_0035
636,zz4_H2_zz4_pair_0036,zz4_pair_0036,36,1,13,H2,4,4,3,zz4_H2_pair_zz4_pair_0036_circuit_zz4_H2_zz4_pair_0036
637,zz4_H2_zz4_pair_0037,zz4_pair_0037,37,1,14,H2,4,4,3,zz4_H2_pair_zz4_pair_0037_circuit_zz4_H2_zz4_pair_0037
638,zz4_H2_zz4_pair_0038,zz4_pair_0038,38,1,15,H2,4,4,3,zz4_H2_pair_zz4_pair_0038_circuit_zz4_H2_zz4_pair_0038
639,zz4_H2_zz4_pair_0039,zz4_pair_0039,39,1,16,H2,4,4,3,zz4_H2_pair_zz4_pair_0039_circuit_zz4_H2_zz4_pair_0039
640,zz4_H2_zz4_pair_0040,zz4_pair_0040,40,1,17,H2,4,4,3,zz4_H2_pair_zz4_pair_0040_circuit_zz4_H2_zz4_pair_0040
641,zz4_H2_zz4_pair_0041,zz4_pair_0041,41,1,18,H2,4,4,3,zz4_H2_pair_zz4_pair_0041_circuit_zz4_H2_zz4_pair_0041
642,zz4_H2_zz4_pair_0042,zz4_pair_0042,42,1,19,H2,4,4,3,zz4_H2_pair_zz4_pair_0042_circuit_zz4_H2_zz4_pair_0042
643,zz4_H2_zz4_pair_0043,zz4_pair_0043,43,1,20,H2,4,4,3,zz4_H2_pair_zz4_pair_0043_circuit_zz4_H2_zz4_pair_0043
644,zz4_H2_zz4_pair_0044,zz4_pair_0044,44,1,21,H2,4,4,3,zz4_H2_pair_zz4_pair_0044_circuit_zz4_H2_zz4_pair_0044
645,zz4_H2_zz4_pair_0045,zz4_pair_0045,45,1,22,H2,4,4,3,zz4_H2_pair_zz4_pair_0045_circuit_zz4_H2_zz4_pair_0045
646,zz4_H2_zz4_pair_0046,zz4_pair_0046,46,1,23,H2,4,4,3,zz4_H2_pair_zz4_pair_0046_circuit_zz4_H2_zz4_pair_0046
647,zz4_H2_zz4_pair_0047,zz4_pair_0047,47,2,2,H2,4,4,3,zz4_H2_pair_zz4_pair_0047_circuit_zz4_H2_zz4_pair_0047
648,zz4_H2_zz4_pair_0048,zz4_pair_0048,48,2,3,H2,4,4,3,zz4_H2_pair_zz4_pair_0048_circuit_zz4_H2_zz4_pair_0048
649,zz4_H2_zz4_pair_0049,zz4_pair_0049,49,2,4,H2,4,4,3,zz4_H2_pair_zz4_pair_0049_circuit_zz4_H2_zz4_pair_0049
650,zz4_H2_zz4_pair_0050,zz4_pair_0050,50,2,5,H2,4,4,3,zz4_H2_pair_zz4_pair_0050_circuit_zz4_H2_zz4_pair_0050
651,zz4_H2_zz4_pair_0051,zz4_pair_0051,51,2,6,H2,4,4,3,zz4_H2_pair_zz4_pair_0051_circuit_zz4_H2_zz4_pair_0051
652,zz4_H2_zz4_pair_0052,zz4_pair_0052,52,2,7,H2,4,4,3,zz4_H2_pair_zz4_pair_0052_circuit_zz4_H2_zz4_pair_0052
653,zz4_H2_zz4_pair_0053,zz4_pair_0053,53,2,8,H2,4,4,3,zz4_H2_pair_zz4_pair_0053_circuit_zz4_H2_zz4_pair_0053
654,zz4_H2_zz4_pair_0054,zz4_pair_0054,54,2,9,H2,4,4,3,zz4_H2_pair_zz4_pair_0054_circuit_zz4_H2_zz4_pair_0054
655,zz4_H2_zz4_pair_0055,zz4_pair_0055,55,2,10,H2,4,4,3,zz4_H2_pair_zz4_pair_0055_circuit_zz4_H2_zz4_pair_0055
656,zz4_H2_zz4_pair_0056,zz4_pair_0056,56,2,11,H2,4,4,3,zz4_H2_pair_zz4_pair_0056_circuit_zz4_H2_zz4_pair_0056
657,zz4_H2_zz4_pair_0057,zz4_pair_0057,57,2,12,H2,4,4,3,zz4_H2_pair_zz4_pair_0057_circuit_zz4_H2_zz4_pair_0057
658,zz4_H2_zz4_pair_0058,zz4_pair_0058,58,2,13,H2,4,4,3,zz4_H2_pair_zz4_pair_0058_circuit_zz4_H2_zz4_pair_0058
659,zz4_H2_zz4_pair_0059,zz4_pair_0059,59,2,14,H2,4,4,3,zz4_H2_pair_zz4_pair_0059_circuit_zz4_H2_zz4_pair_0059
660,zz4_H2_zz4_pair_0060,zz4_pair_0060,60,2,15,H2,4,4,3,zz4_H2_pair_zz4_pair_0060_circuit_zz4_H2_zz4_pair_0060
661,zz4_H2_zz4_pair_0061,zz4_pair_0061,61,2,16,H2,4,4,3,zz4_H2_pair_zz4_pair_0061_circuit_zz4_H2_zz4_pair_0061
662,zz4_H2_zz4_pair_0062,zz4_pair_0062,62,2,17,H2,4,4,3,zz4_H2_pair_zz4_pair_0062_circuit_zz4_H2_zz4_pair_0062
663,zz4_H2_zz4_pair_0063,zz4_pair_0063,63,2,18,H2,4,4,3,zz4_H2_pair_zz4_pair_0063_circuit_zz4_H2_zz4_pair_0063
664,zz4_H2_zz4_pair_0064,zz4_pair_0064,64,2,19,H2,4,4,3,zz4_H2_pair_zz4_pair_0064_circuit_zz4_H2_zz4_pair_0064
665,zz4_H2_zz4_pair_0065,zz4_pair_0065,65,2,20,H2,4,4,3,zz4_H2_pair_zz4_pair_0065_circuit_zz4_H2_zz4_pair_0065
666,zz4_H2_zz4_pair_0066,zz4_pair_0066,66,2,21,H2,4,4,3,zz4_H2_pair_zz4_pair_0066_circuit_zz4_H2_zz4_pair_0066
667,zz4_H2_zz4_pair_0067,zz4_pair_0067,67,2,22,H2,4,4,3,zz4_H2_pair_zz4_pair_0067_circuit_zz4_H2_zz4_pair_0067
668,zz4_H2_zz4_pair_0068,zz4_pair_0068,68,2,23,H2,4,4,3,zz4_H2_pair_zz4_pair_0068_circuit_zz4_H2_zz4_pair_0068
669,zz4_H2_zz4_pair_0069,zz4_pair_0069,69,3,3,H2,4,4,3,zz4_H2_pair_zz4_pair_0069_circuit_zz4_H2_zz4_pair_0069
670,zz4_H2_zz4_pair_0070,zz4_pair_0070,70,3,4,H2,4,4,3,zz4_H2_pair_zz4_pair_0070_circuit_zz4_H2_zz4_pair_0070
671,zz4_H2_zz4_pair_0071,zz4_pair_0071,71,3,5,H2,4,4,3,zz4_H2_pair_zz4_pair_0071_circuit_zz4_H2_zz4_pair_0071
672,zz4_H2_zz4_pair_0072,zz4_pair_0072,72,3,6,H2,4,4,3,zz4_H2_pair_zz4_pair_0072_circuit_zz4_H2_zz4_pair_0072
673,zz4_H2_zz4_pair_0073,zz4_pair_0073,73,3,7,H2,4,4,3,zz4_H2_pair_zz4_pair_0073_circuit_zz4_H2_zz4_pair_0073
674,zz4_H2_zz4_pair_0074,zz4_pair_0074,74,3,8,H2,4,4,3,zz4_H2_pair_zz4_pair_0074_circuit_zz4_H2_zz4_pair_0074
675,zz4_H2_zz4_pair_0075,zz4_pair_0075,75,3,9,H2,4,4,3,zz4_H2_pair_zz4_pair_0075_circuit_zz4_H2_zz4_pair_0075
676,zz4_H2_zz4_pair_0076,zz4_pair_0076,76,3,10,H2,4,4,3,zz4_H2_pair_zz4_pair_0076_circuit_zz4_H2_zz4_pair_0076
677,zz4_H2_zz4_pair_0077,zz4_pair_0077,77,3,11,H2,4,4,3,zz4_H2_pair_zz4_pair_0077_circuit_zz4_H2_zz4_pair_0077
678,zz4_H2_zz4_pair_0078,zz4_pair_0078,78,3,12,H2,4,4,3,zz4_H2_pair_zz4_pair_0078_circuit_zz4_H2_zz4_pair_0078
679,zz4_H2_zz4_pair_0079,zz4_pair_0079,79,3,13,H2,4,4,3,zz4_H2_pair_zz4_pair_0079_circuit_zz4_H2_zz4_pair_0079
680,zz4_H2_zz4_pair_0080,zz4_pair_0080,80,3,14,H2,4,4,3,zz4_H2_pair_zz4_pair_0080_circuit_zz4_H2_zz4_pair_0080
681,zz4_H2_zz4_pair_0081,zz4_pair_0081,81,3,15,H2,4,4,3,zz4_H2_pair_zz4_pair_0081_circuit_zz4_H2_zz4_pair_0081
682,zz4_H2_zz4_pair_0082,zz4_pair_0082,82,3,16,H2,4,4,3,zz4_H2_pair_zz4_pair_0082_circuit_zz4_H2_zz4_pair_0082
683,zz4_H2_zz4_pair_0083,zz4_pair_0083,83,3,17,H2,4,4,3,zz4_H2_pair_zz4_pair_0083_circuit_zz4_H2_zz4_pair_0083
684,zz4_H2_zz4_pair_0084,zz4_pair_0084,84,3,18,H2,4,4,3,zz4_H2_pair_zz4_pair_0084_circuit_zz4_H2_zz4_pair_0084
685,zz4_H2_zz4_pair_0085,zz4_pair_0085,85,3,19,H2,4,4,3,zz4_H2_pair_zz4_pair_0085_circuit_zz4_H2_zz4_pair_0085
686,zz4_H2_zz4_pair_0086,zz4_pair_0086,86,3,20,H2,4,4,3,zz4_H2_pair_zz4_pair_0086_circuit_zz4_H2_zz4_pair_0086
687,zz4_H2_zz4_pair_0087,zz4_pair_0087,87,3,21,H2,4,4,3,zz4_H2_pair_zz4_pair_0087_circuit_zz4_H2_zz4_pair_0087
688,zz4_H2_zz4_pair_0088,zz4_pair_0088,88,3,22,H2,4,4,3,zz4_H2_pair_zz4_pair_0088_circuit_zz4_H2_zz4_pair_0088
689,zz4_H2_zz4_pair_0089,zz4_pair_0089,89,3,23,H2,4,4,3,zz4_H2_pair_zz4_pair_0089_circuit_zz4_H2_zz4_pair_0089
690,zz4_H2_zz4_pair_0090,zz4_pair_0090,90,4,4,H2,4,4,3,zz4_H2_pair_zz4_pair_0090_circuit_zz4_H2_zz4_pair_0090
691,zz4_H2_zz4_pair_0091,zz4_pair_0091,91,4,5,H2,4,4,3,zz4_H2_pair_zz4_pair_0091_circuit_zz4_H2_zz4_pair_0091
692,zz4_H2_zz4_pair_0092,zz4_pair_0092,92,4,6,H2,4,4,3,zz4_H2_pair_zz4_pair_0092_circuit_zz4_H2_zz4_pair_0092
693,zz4_H2_zz4_pair_0093,zz4_pair_0093,93,4,7,H2,4,4,3,zz4_H2_pair_zz4_pair_0093_circuit_zz4_H2_zz4_pair_0093
694,zz4_H2_zz4_pair_0094,zz4_pair_0094,94,4,8,H2,4,4,3,zz4_H2_pair_zz4_pair_0094_circuit_zz4_H2_zz4_pair_0094
695,zz4_H2_zz4_pair_0095,zz4_pair_0095,95,4,9,H2,4,4,3,zz4_H2_pair_zz4_pair_0095_circuit_zz4_H2_zz4_pair_0095
696,zz4_H2_zz4_pair_0096,zz4_pair_0096,96,4,10,H2,4,4,3,zz4_H2_pair_zz4_pair_0096_circuit_zz4_H2_zz4_pair_0096
697,zz4_H2_zz4_pair_0097,zz4_pair_0097,97,4,11,H2,4,4,3,zz4_H2_pair_zz4_pair_0097_circuit_zz4_H2_zz4_pair_0097
698,zz4_H2_zz4_pair_0098,zz4_pair_0098,98,4,12,H2,4,4,3,zz4_H2_pair_zz4_pair_0098_circuit_zz4_H2_zz4_pair_0098
699,zz4_H2_zz4_pair_0099,zz4_pair_0099,99,4,13,H2,4,4,3,zz4_H2_pair_zz4_pair_0099_circuit_zz4_H2_zz4_pair_0099
700,zz4_H2_zz4_pair_0100,zz4_pair_0100,100,4,14,H2,4,4,3,zz4_H2_pair_zz4_pair_0100_circuit_zz4_H2_zz4_pair_0100
701,zz4_H2_zz4_pair_0101,zz4_pair_0101,101,4,15,H2,4,4,3,zz4_H2_pair_zz4_pair_0101_circuit_zz4_H2_zz4_pair_0101
702,zz4_H2_zz4_pair_0102,zz4_pair_0102,102,4,16,H2,4,4,3,zz4_H2_pair_zz4_pair_0102_circuit_zz4_H2_zz4_pair_0102
703,zz4_H2_zz4_pair_0103,zz4_pair_0103,103,4,17,H2,4,4,3,zz4_H2_pair_zz4_pair_0103_circuit_zz4_H2_zz4_pair_0103
704,zz4_H2_zz4_pair_0104,zz4_pair_0104,104,4,18,H2,4,4,3,zz4_H2_pair_zz4_pair_0104_circuit_zz4_H2_zz4_pair_0104
705,zz4_H2_zz4_pair_0105,zz4_pair_0105,105,4,19,H2,4,4,3,zz4_H2_pair_zz4_pair_0105_circuit_zz4_H2_zz4_pair_0105
706,zz4_H2_zz4_pair_0106,zz4_pair_0106,106,4,20,H2,4,4,3,zz4_H2_pair_zz4_pair_0106_circuit_zz4_H2_zz4_pair_0106
707,zz4_H2_zz4_pair_0107,zz4_pair_0107,107,4,21,H2,4,4,3,zz4_H2_pair_zz4_pair_0107_circuit_zz4_H2_zz4_pair_0107
708,zz4_H2_zz4_pair_0108,zz4_pair_0108,108,4,22,H2,4,4,3,zz4_H2_pair_zz4_pair_0108_circuit_zz4_H2_zz4_pair_0108
709,zz4_H2_zz4_pair_0109,zz4_pair_0109,109,4,23,H2,4,4,3,zz4_H2_pair_zz4_pair_0109_circuit_zz4_H2_zz4_pair_0109
710,zz4_H2_zz4_pair_0110,zz4_pair_0110,110,5,5,H2,4,4,3,zz4_H2_pair_zz4_pair_0110_circuit_zz4_H2_zz4_pair_0110
711,zz4_H2_zz4_pair_0111,zz4_pair_0111,111,5,6,H2,4,4,3,zz4_H2_pair_zz4_pair_0111_circuit_zz4_H2_zz4_pair_0111
712,zz4_H2_zz4_pair_0112,zz4_pair_0112,112,5,7,H2,4,4,3,zz4_H2_pair_zz4_pair_0112_circuit_zz4_H2_zz4_pair_0112
713,zz4_H2_zz4_pair_0113,zz4_pair_0113,113,5,8,H2,4,4,3,zz4_H2_pair_zz4_pair_0113_circuit_zz4_H2_zz4_pair_0113
714,zz4_H2_zz4_pair_0114,zz4_pair_0114,114,5,9,H2,4,4,3,zz4_H2_pair_zz4_pair_0114_circuit_zz4_H2_zz4_pair_0114
715,zz4_H2_zz4_pair_0115,zz4_pair_0115,115,5,10,H2,4,4,3,zz4_H2_pair_zz4_pair_0115_circuit_zz4_H2_zz4_pair_0115
716,zz4_H2_zz4_pair_0116,zz4_pair_0116,116,5,11,H2,4,4,3,zz4_H2_pair_zz4_pair_0116_circuit_zz4_H2_zz4_pair_0116
717,zz4_H2_zz4_pair_0117,zz4_pair_0117,117,5,12,H2,4,4,3,zz4_H2_pair_zz4_pair_0117_circuit_zz4_H2_zz4_pair_0117
718,zz4_H2_zz4_pair_0118,zz4_pair_0118,118,5,13,H2,4,4,3,zz4_H2_pair_zz4_pair_0118_circuit_zz4_H2_zz4_pair_0118
719,zz4_H2_zz4_pair_0119,zz4_pair_0119,119,5,14,H2,4,4,3,zz4_H2_pair_zz4_pair_0119_circuit_zz4_H2_zz4_pair_0119
720,zz4_H2_zz4_pair_0120,zz4_pair_0120,120,5,15,H2,4,4,3,zz4_H2_pair_zz4_pair_0120_circuit_zz4_H2_zz4_pair_0120
721,zz4_H2_zz4_pair_0121,zz4_pair_0121,121,5,16,H2,4,4,3,zz4_H2_pair_zz4_pair_0121_circuit_zz4_H2_zz4_pair_0121
722,zz4_H2_zz4_pair_0122,zz4_pair_0122,122,5,17,H2,4,4,3,zz4_H2_pair_zz4_pair_0122_circuit_zz4_H2_zz4_pair_0122
723,zz4_H2_zz4_pair_0123,zz4_pair_0123,123,5,18,H2,4,4,3,zz4_H2_pair_zz4_pair_0123_circuit_zz4_H2_zz4_pair_0123
724,zz4_H2_zz4_pair_0124,zz4_pair_0124,124,5,19,H2,4,4,3,zz4_H2_pair_zz4_pair_0124_circuit_zz4_H2_zz4_pair_0124
725,zz4_H2_zz4_pair_0125,zz4_pair_0125,125,5,20,H2,4,4,3,zz4_H2_pair_zz4_pair_0125_circuit_zz4_H2_zz4_pair_0125
726,zz4_H2_zz4_pair_0126,zz4_pair_0126,126,5,21,H2,4,4,3,zz4_H2_pair_zz4_pair_0126_circuit_zz4_H2_zz4_pair_0126
727,zz4_H2_zz4_pair_0127,zz4_pair_0127,127,5,22,H2,4,4,3,zz4_H2_pair_zz4_pair_0127_circuit_zz4_H2_zz4_pair_0127
728,zz4_H2_zz4_pair_0128,zz4_pair_0128,128,5,23,H2,4,4,3,zz4_H2_pair_zz4_pair_0128_circuit_zz4_H2_zz4_pair_0128
729,zz4_H2_zz4_pair_0129,zz4_pair_0129,129,6,6,H2,4,4,3,zz4_H2_pair_zz4_pair_0129_circuit_zz4_H2_zz4_pair_0129
730,zz4_H2_zz4_pair_0130,zz4_pair_0130,130,6,7,H2,4,4,3,zz4_H2_pair_zz4_pair_0130_circuit_zz4_H2_zz4_pair_0130
731,zz4_H2_zz4_pair_0131,zz4_pair_0131,131,6,8,H2,4,4,3,zz4_H2_pair_zz4_pair_0131_circuit_zz4_H2_zz4_pair_0131
732,zz4_H2_zz4_pair_0132,zz4_pair_0132,132,6,9,H2,4,4,3,zz4_H2_pair_zz4_pair_0132_circuit_zz4_H2_zz4_pair_0132
733,zz4_H2_zz4_pair_0133,zz4_pair_0133,133,6,10,H2,4,4,3,zz4_H2_pair_zz4_pair_0133_circuit_zz4_H2_zz4_pair_0133
734,zz4_H2_zz4_pair_0134,zz4_pair_0134,134,6,11,H2,4,4,3,zz4_H2_pair_zz4_pair_0134_circuit_zz4_H2_zz4_pair_0134
735,zz4_H2_zz4_pair_0135,zz4_pair_0135,135,6,12,H2,4,4,3,zz4_H2_pair_zz4_pair_0135_circuit_zz4_H2_zz4_pair_0135
736,zz4_H2_zz4_pair_0136,zz4_pair_0136,136,6,13,H2,4,4,3,zz4_H2_pair_zz4_pair_0136_circuit_zz4_H2_zz4_pair_0136
737,zz4_H2_zz4_pair_0137,zz4_pair_0137,137,6,14,H2,4,4,3,zz4_H2_pair_zz4_pair_0137_circuit_zz4_H2_zz4_pair_0137
738,zz4_H2_zz4_pair_0138,zz4_pair_0138,138,6,15,H2,4,4,3,zz4_H2_pair_zz4_pair_0138_circuit_zz4_H2_zz4_pair_0138
739,zz4_H2_zz4_pair_0139,zz4_pair_0139,139,6,16,H2,4,4,3,zz4_H2_pair_zz4_pair_0139_circuit_zz4_H2_zz4_pair_0139
740,zz4_H2_zz4_pair_0140,zz4_pair_0140,140,6,17,H2,4,4,3,zz4_H2_pair_zz4_pair_0140_circuit_zz4_H2_zz4_pair_0140
741,zz4_H2_zz4_pair_0141,zz4_pair_0141,141,6,18,H2,4,4,3,zz4_H2_pair_zz4_pair_0141_circuit_zz4_H2_zz4_pair_0141
742,zz4_H2_zz4_pair_0142,zz4_pair_0142,142,6,19,H2,4,4,3,zz4_H2_pair_zz4_pair_0142_circuit_zz4_H2_zz4_pair_0142
743,zz4_H2_zz4_pair_0143,zz4_pair_0143,143,6,20,H2,4,4,3,zz4_H2_pair_zz4_pair_0143_circuit_zz4_H2_zz4_pair_0143
744,zz4_H2_zz4_pair_0144,zz4_pair_0144,144,6,21,H2,4,4,3,zz4_H2_pair_zz4_pair_0144_circuit_zz4_H2_zz4_pair_0144
745,zz4_H2_zz4_pair_0145,zz4_pair_0145,145,6,22,H2,4,4,3,zz4_H2_pair_zz4_pair_0145_circuit_zz4_H2_zz4_pair_0145
746,zz4_H2_zz4_pair_0146,zz4_pair_0146,146,6,23,H2,4,4,3,zz4_H2_pair_zz4_pair_0146_circuit_zz4_H2_zz4_pair_0146
747,zz4_H2_zz4_pair_0147,zz4_pair_0147,147,7,7,H2,4,4,3,zz4_H2_pair_zz4_pair_0147_circuit_zz4_H2_zz4_pair_0147
748,zz4_H2_zz4_pair_0148,zz4_pair_0148,148,7,8,H2,4,4,3,zz4_H2_pair_zz4_pair_0148_circuit_zz4_H2_zz4_pair_0148
749,zz4_H2_zz4_pair_0149,zz4_pair_0149,149,7,9,H2,4,4,3,zz4_H2_pair_zz4_pair_0149_circuit_zz4_H2_zz4_pair_0149
750,zz4_H2_zz4_pair_0150,zz4_pair_0150,150,7,10,H2,4,4,3,zz4_H2_pair_zz4_pair_0150_circuit_zz4_H2_zz4_pair_0150
751,zz4_H2_zz4_pair_0151,zz4_pair_0151,151,7,11,H2,4,4,3,zz4_H2_pair_zz4_pair_0151_circuit_zz4_H2_zz4_pair_0151
752,zz4_H2_zz4_pair_0152,zz4_pair_0152,152,7,12,H2,4,4,3,zz4_H2_pair_zz4_pair_0152_circuit_zz4_H2_zz4_pair_0152
753,zz4_H2_zz4_pair_0153,zz4_pair_0153,153,7,13,H2,4,4,3,zz4_H2_pair_zz4_pair_0153_circuit_zz4_H2_zz4_pair_0153
754,zz4_H2_zz4_pair_0154,zz4_pair_0154,154,7,14,H2,4,4,3,zz4_H2_pair_zz4_pair_0154_circuit_zz4_H2_zz4_pair_0154
755,zz4_H2_zz4_pair_0155,zz4_pair_0155,155,7,15,H2,4,4,3,zz4_H2_pair_zz4_pair_0155_circuit_zz4_H2_zz4_pair_0155
756,zz4_H2_zz4_pair_0156,zz4_pair_0156,156,7,16,H2,4,4,3,zz4_H2_pair_zz4_pair_0156_circuit_zz4_H2_zz4_pair_0156
757,zz4_H2_zz4_pair_0157,zz4_pair_0157,157,7,17,H2,4,4,3,zz4_H2_pair_zz4_pair_0157_circuit_zz4_H2_zz4_pair_0157
758,zz4_H2_zz4_pair_0158,zz4_pair_0158,158,7,18,H2,4,4,3,zz4_H2_pair_zz4_pair_0158_circuit_zz4_H2_zz4_pair_0158
759,zz4_H2_zz4_pair_0159,zz4_pair_0159,159,7,19,H2,4,4,3,zz4_H2_pair_zz4_pair_0159_circuit_zz4_H2_zz4_pair_0159
760,zz4_H2_zz4_pair_0160,zz4_pair_0160,160,7,20,H2,4,4,3,zz4_H2_pair_zz4_pair_0160_circuit_zz4_H2_zz4_pair_0160
761,zz4_H2_zz4_pair_0161,zz4_pair_0161,161,7,21,H2,4,4,3,zz4_H2_pair_zz4_pair_0161_circuit_zz4_H2_zz4_pair_0161
762,zz4_H2_zz4_pair_0162,zz4_pair_0162,162,7,22,H2,4,4,3,zz4_H2_pair_zz4_pair_0162_circuit_zz4_H2_zz4_pair_0162
763,zz4_H2_zz4_pair_0163,zz4_pair_0163,163,7,23,H2,4,4,3,zz4_H2_pair_zz4_pair_0163_circuit_zz4_H2_zz4_pair_0163
764,zz4_H2_zz4_pair_0164,zz4_pair_0164,164,8,8,H2,4,4,3,zz4_H2_pair_zz4_pair_0164_circuit_zz4_H2_zz4_pair_0164
765,zz4_H2_zz4_pair_0165,zz4_pair_0165,165,8,9,H2,4,4,3,zz4_H2_pair_zz4_pair_0165_circuit_zz4_H2_zz4_pair_0165
766,zz4_H2_zz4_pair_0166,zz4_pair_0166,166,8,10,H2,4,4,3,zz4_H2_pair_zz4_pair_0166_circuit_zz4_H2_zz4_pair_0166
767,zz4_H2_zz4_pair_0167,zz4_pair_0167,167,8,11,H2,4,4,3,zz4_H2_pair_zz4_pair_0167_circuit_zz4_H2_zz4_pair_0167
768,zz4_H2_zz4_pair_0168,zz4_pair_0168,168,8,12,H2,4,4,3,zz4_H2_pair_zz4_pair_0168_circuit_zz4_H2_zz4_pair_0168
769,zz4_H2_zz4_pair_0169,zz4_pair_0169,169,8,13,H2,4,4,3,zz4_H2_pair_zz4_pair_0169_circuit_zz4_H2_zz4_pair_0169
770,zz4_H2_zz4_pair_0170,zz4_pair_0170,170,8,14,H2,4,4,3,zz4_H2_pair_zz4_pair_0170_circuit_zz4_H2_zz4_pair_0170
771,zz4_H2_zz4_pair_0171,zz4_pair_0171,171,8,15,H2,4,4,3,zz4_H2_pair_zz4_pair_0171_circuit_zz4_H2_zz4_pair_0171
772,zz4_H2_zz4_pair_0172,zz4_pair_0172,172,8,16,H2,4,4,3,zz4_H2_pair_zz4_pair_0172_circuit_zz4_H2_zz4_pair_0172
773,zz4_H2_zz4_pair_0173,zz4_pair_0173,173,8,17,H2,4,4,3,zz4_H2_pair_zz4_pair_0173_circuit_zz4_H2_zz4_pair_0173
774,zz4_H2_zz4_pair_0174,zz4_pair_0174,174,8,18,H2,4,4,3,zz4_H2_pair_zz4_pair_0174_circuit_zz4_H2_zz4_pair_0174
775,zz4_H2_zz4_pair_0175,zz4_pair_0175,175,8,19,H2,4,4,3,zz4_H2_pair_zz4_pair_0175_circuit_zz4_H2_zz4_pair_0175
776,zz4_H2_zz4_pair_0176,zz4_pair_0176,176,8,20,H2,4,4,3,zz4_H2_pair_zz4_pair_0176_circuit_zz4_H2_zz4_pair_0176
777,zz4_H2_zz4_pair_0177,zz4_pair_0177,177,8,21,H2,4,4,3,zz4_H2_pair_zz4_pair_0177_circuit_zz4_H2_zz4_pair_0177
778,zz4_H2_zz4_pair_0178,zz4_pair_0178,178,8,22,H2,4,4,3,zz4_H2_pair_zz4_pair_0178_circuit_zz4_H2_zz4_pair_0178
779,zz4_H2_zz4_pair_0179,zz4_pair_0179,179,8,23,H2,4,4,3,zz4_H2_pair_zz4_pair_0179_circuit_zz4_H2_zz4_pair_0179
780,zz4_H2_zz4_pair_0180,zz4_pair_0180,180,9,9,H2,4,4,3,zz4_H2_pair_zz4_pair_0180_circuit_zz4_H2_zz4_pair_0180
781,zz4_H2_zz4_pair_0181,zz4_pair_0181,181,9,10,H2,4,4,3,zz4_H2_pair_zz4_pair_0181_circuit_zz4_H2_zz4_pair_0181
782,zz4_H2_zz4_pair_0182,zz4_pair_0182,182,9,11,H2,4,4,3,zz4_H2_pair_zz4_pair_0182_circuit_zz4_H2_zz4_pair_0182
783,zz4_H2_zz4_pair_0183,zz4_pair_0183,183,9,12,H2,4,4,3,zz4_H2_pair_zz4_pair_0183_circuit_zz4_H2_zz4_pair_0183
784,zz4_H2_zz4_pair_0184,zz4_pair_0184,184,9,13,H2,4,4,3,zz4_H2_pair_zz4_pair_0184_circuit_zz4_H2_zz4_pair_0184
785,zz4_H2_zz4_pair_0185,zz4_pair_0185,185,9,14,H2,4,4,3,zz4_H2_pair_zz4_pair_0185_circuit_zz4_H2_zz4_pair_0185
786,zz4_H2_zz4_pair_0186,zz4_pair_0186,186,9,15,H2,4,4,3,zz4_H2_pair_zz4_pair_0186_circuit_zz4_H2_zz4_pair_0186
787,zz4_H2_zz4_pair_0187,zz4_pair_0187,187,9,16,H2,4,4,3,zz4_H2_pair_zz4_pair_0187_circuit_zz4_H2_zz4_pair_0187
788,zz4_H2_zz4_pair_0188,zz4_pair_0188,188,9,17,H2,4,4,3,zz4_H2_pair_zz4_pair_0188_circuit_zz4_H2_zz4_pair_0188
789,zz4_H2_zz4_pair_0189,zz4_pair_0189,189,9,18,H2,4,4,3,zz4_H2_pair_zz4_pair_0189_circuit_zz4_H2_zz4_pair_0189
790,zz4_H2_zz4_pair_0190,zz4_pair_0190,190,9,19,H2,4,4,3,zz4_H2_pair_zz4_pair_0190_circuit_zz4_H2_zz4_pair_0190
791,zz4_H2_zz4_pair_0191,zz4_pair_0191,191,9,20,H2,4,4,3,zz4_H2_pair_zz4_pair_0191_circuit_zz4_H2_zz4_pair_0191
792,zz4_H2_zz4_pair_0192,zz4_pair_0192,192,9,21,H2,4,4,3,zz4_H2_pair_zz4_pair_0192_circuit_zz4_H2_zz4_pair_0192
793,zz4_H2_zz4_pair_0193,zz4_pair_0193,193,9,22,H2,4,4,3,zz4_H2_pair_zz4_pair_0193_circuit_zz4_H2_zz4_pair_0193
794,zz4_H2_zz4_pair_0194,zz4_pair_0194,194,9,23,H2,4,4,3,zz4_H2_pair_zz4_pair_0194_circuit_zz4_H2_zz4_pair_0194
795,zz4_H2_zz4_pair_0195,zz4_pair_0195,195,10,10,H2,4,4,3,zz4_H2_pair_zz4_pair_0195_circuit_zz4_H2_zz4_pair_0195
796,zz4_H2_zz4_pair_0196,zz4_pair_0196,196,10,11,H2,4,4,3,zz4_H2_pair_zz4_pair_0196_circuit_zz4_H2_zz4_pair_0196
797,zz4_H2_zz4_pair_0197,zz4_pair_0197,197,10,12,H2,4,4,3,zz4_H2_pair_zz4_pair_0197_circuit_zz4_H2_zz4_pair_0197
798,zz4_H2_zz4_pair_0198,zz4_pair_0198,198,10,13,H2,4,4,3,zz4_H2_pair_zz4_pair_0198_circuit_zz4_H2_zz4_pair_0198
799,zz4_H2_zz4_pair_0199,zz4_pair_0199,199,10,14,H2,4,4,3,zz4_H2_pair_zz4_pair_0199_circuit_zz4_H2_zz4_pair_0199
800,zz4_H2_zz4_pair_0200,zz4_pair_0200,200,10,15,H2,4,4,3,zz4_H2_pair_zz4_pair_0200_circuit_zz4_H2_zz4_pair_0200
801,zz4_H2_zz4_pair_0201,zz4_pair_0201,201,10,16,H2,4,4,3,zz4_H2_pair_zz4_pair_0201_circuit_zz4_H2_zz4_pair_0201
802,zz4_H2_zz4_pair_0202,zz4_pair_0202,202,10,17,H2,4,4,3,zz4_H2_pair_zz4_pair_0202_circuit_zz4_H2_zz4_pair_0202
803,zz4_H2_zz4_pair_0203,zz4_pair_0203,203,10,18,H2,4,4,3,zz4_H2_pair_zz4_pair_0203_circuit_zz4_H2_zz4_pair_0203
804,zz4_H2_zz4_pair_0204,zz4_pair_0204,204,10,19,H2,4,4,3,zz4_H2_pair_zz4_pair_0204_circuit_zz4_H2_zz4_pair_0204
805,zz4_H2_zz4_pair_0205,zz4_pair_0205,205,10,20,H2,4,4,3,zz4_H2_pair_zz4_pair_0205_circuit_zz4_H2_zz4_pair_0205
806,zz4_H2_zz4_pair_0206,zz4_pair_0206,206,10,21,H2,4,4,3,zz4_H2_pair_zz4_pair_0206_circuit_zz4_H2_zz4_pair_0206
807,zz4_H2_zz4_pair_0207,zz4_pair_0207,207,10,22,H2,4,4,3,zz4_H2_pair_zz4_pair_0207_circuit_zz4_H2_zz4_pair_0207
808,zz4_H2_zz4_pair_0208,zz4_pair_0208,208,10,23,H2,4,4,3,zz4_H2_pair_zz4_pair_0208_circuit_zz4_H2_zz4_pair_0208
809,zz4_H2_zz4_pair_0209,zz4_pair_0209,209,11,11,H2,4,4,3,zz4_H2_pair_zz4_pair_0209_circuit_zz4_H2_zz4_pair_0209
810,zz4_H2_zz4_pair_0210,zz4_pair_0210,210,11,12,H2,4,4,3,zz4_H2_pair_zz4_pair_0210_circuit_zz4_H2_zz4_pair_0210
811,zz4_H2_zz4_pair_0211,zz4_pair_0211,211,11,13,H2,4,4,3,zz4_H2_pair_zz4_pair_0211_circuit_zz4_H2_zz4_pair_0211
812,zz4_H2_zz4_pair_0212,zz4_pair_0212,212,11,14,H2,4,4,3,zz4_H2_pair_zz4_pair_0212_circuit_zz4_H2_zz4_pair_0212
813,zz4_H2_zz4_pair_0213,zz4_pair_0213,213,11,15,H2,4,4,3,zz4_H2_pair_zz4_pair_0213_circuit_zz4_H2_zz4_pair_0213
814,zz4_H2_zz4_pair_0214,zz4_pair_0214,214,11,16,H2,4,4,3,zz4_H2_pair_zz4_pair_0214_circuit_zz4_H2_zz4_pair_0214
815,zz4_H2_zz4_pair_0215,zz4_pair_0215,215,11,17,H2,4,4,3,zz4_H2_pair_zz4_pair_0215_circuit_zz4_H2_zz4_pair_0215
816,zz4_H2_zz4_pair_0216,zz4_pair_0216,216,11,18,H2,4,4,3,zz4_H2_pair_zz4_pair_0216_circuit_zz4_H2_zz4_pair_0216
817,zz4_H2_zz4_pair_0217,zz4_pair_0217,217,11,19,H2,4,4,3,zz4_H2_pair_zz4_pair_0217_circuit_zz4_H2_zz4_pair_0217
818,zz4_H2_zz4_pair_0218,zz4_pair_0218,218,11,20,H2,4,4,3,zz4_H2_pair_zz4_pair_0218_circuit_zz4_H2_zz4_pair_0218
819,zz4_H2_zz4_pair_0219,zz4_pair_0219,219,11,21,H2,4,4,3,zz4_H2_pair_zz4_pair_0219_circuit_zz4_H2_zz4_pair_0219
820,zz4_H2_zz4_pair_0220,zz4_pair_0220,220,11,22,H2,4,4,3,zz4_H2_pair_zz4_pair_0220_circuit_zz4_H2_zz4_pair_0220
821,zz4_H2_zz4_pair_0221,zz4_pair_0221,221,11,23,H2,4,4,3,zz4_H2_pair_zz4_pair_0221_circuit_zz4_H2_zz4_pair_0221
822,zz4_H2_zz4_pair_0222,zz4_pair_0222,222,12,12,H2,4,4,3,zz4_H2_pair_zz4_pair_0222_circuit_zz4_H2_zz4_pair_0222
823,zz4_H2_zz4_pair_0223,zz4_pair_0223,223,12,13,H2,4,4,3,zz4_H2_pair_zz4_pair_0223_circuit_zz4_H2_zz4_pair_0223
824,zz4_H2_zz4_pair_0224,zz4_pair_0224,224,12,14,H2,4,4,3,zz4_H2_pair_zz4_pair_0224_circuit_zz4_H2_zz4_pair_0224
825,zz4_H2_zz4_pair_0225,zz4_pair_0225,225,12,15,H2,4,4,3,zz4_H2_pair_zz4_pair_0225_circuit_zz4_H2_zz4_pair_0225
826,zz4_H2_zz4_pair_0226,zz4_pair_0226,226,12,16,H2,4,4,3,zz4_H2_pair_zz4_pair_0226_circuit_zz4_H2_zz4_pair_0226
827,zz4_H2_zz4_pair_0227,zz4_pair_0227,227,12,17,H2,4,4,3,zz4_H2_pair_zz4_pair_0227_circuit_zz4_H2_zz4_pair_0227
828,zz4_H2_zz4_pair_0228,zz4_pair_0228,228,12,18,H2,4,4,3,zz4_H2_pair_zz4_pair_0228_circuit_zz4_H2_zz4_pair_0228
829,zz4_H2_zz4_pair_0229,zz4_pair_0229,229,12,19,H2,4,4,3,zz4_H2_pair_zz4_pair_0229_circuit_zz4_H2_zz4_pair_0229
830,zz4_H2_zz4_pair_0230,zz4_pair_0230,230,12,20,H2,4,4,3,zz4_H2_pair_zz4_pair_0230_circuit_zz4_H2_zz4_pair_0230
831,zz4_H2_zz4_pair_0231,zz4_pair_0231,231,12,21,H2,4,4,3,zz4_H2_pair_zz4_pair_0231_circuit_zz4_H2_zz4_pair_0231
832,zz4_H2_zz4_pair_0232,zz4_pair_0232,232,12,22,H2,4,4,3,zz4_H2_pair_zz4_pair_0232_circuit_zz4_H2_zz4_pair_0232
833,zz4_H2_zz4_pair_0233,zz4_pair_0233,233,12,23,H2,4,4,3,zz4_H2_pair_zz4_pair_0233_circuit_zz4_H2_zz4_pair_0233
834,zz4_H2_zz4_pair_0234,zz4_pair_0234,234,13,13,H2,4,4,3,zz4_H2_pair_zz4_pair_0234_circuit_zz4_H2_zz4_pair_0234
835,zz4_H2_zz4_pair_0235,zz4_pair_0235,235,13,14,H2,4,4,3,zz4_H2_pair_zz4_pair_0235_circuit_zz4_H2_zz4_pair_0235
836,zz4_H2_zz4_pair_0236,zz4_pair_0236,236,13,15,H2,4,4,3,zz4_H2_pair_zz4_pair_0236_circuit_zz4_H2_zz4_pair_0236
837,zz4_H2_zz4_pair_0237,zz4_pair_0237,237,13,16,H2,4,4,3,zz4_H2_pair_zz4_pair_0237_circuit_zz4_H2_zz4_pair_0237
838,zz4_H2_zz4_pair_0238,zz4_pair_0238,238,13,17,H2,4,4,3,zz4_H2_pair_zz4_pair_0238_circuit_zz4_H2_zz4_pair_0238
839,zz4_H2_zz4_pair_0239,zz4_pair_0239,239,13,18,H2,4,4,3,zz4_H2_pair_zz4_pair_0239_circuit_zz4_H2_zz4_pair_0239
840,zz4_H2_zz4_pair_0240,zz4_pair_0240,240,13,19,H2,4,4,3,zz4_H2_pair_zz4_pair_0240_circuit_zz4_H2_zz4_pair_0240
841,zz4_H2_zz4_pair_0241,zz4_pair_0241,241,13,20,H2,4,4,3,zz4_H2_pair_zz4_pair_0241_circuit_zz4_H2_zz4_pair_0241
842,zz4_H2_zz4_pair_0242,zz4_pair_0242,242,13,21,H2,4,4,3,zz4_H2_pair_zz4_pair_0242_circuit_zz4_H2_zz4_pair_0242
843,zz4_H2_zz4_pair_0243,zz4_pair_0243,243,13,22,H2,4,4,3,zz4_H2_pair_zz4_pair_0243_circuit_zz4_H2_zz4_pair_0243
844,zz4_H2_zz4_pair_0244,zz4_pair_0244,244,13,23,H2,4,4,3,zz4_H2_pair_zz4_pair_0244_circuit_zz4_H2_zz4_pair_0244
845,zz4_H2_zz4_pair_0245,zz4_pair_0245,245,14,14,H2,4,4,3,zz4_H2_pair_zz4_pair_0245_circuit_zz4_H2_zz4_pair_0245
846,zz4_H2_zz4_pair_0246,zz4_pair_0246,246,14,15,H2,4,4,3,zz4_H2_pair_zz4_pair_0246_circuit_zz4_H2_zz4_pair_0246
847,zz4_H2_zz4_pair_0247,zz4_pair_0247,247,14,16,H2,4,4,3,zz4_H2_pair_zz4_pair_0247_circuit_zz4_H2_zz4_pair_0247
848,zz4_H2_zz4_pair_0248,zz4_pair_0248,248,14,17,H2,4,4,3,zz4_H2_pair_zz4_pair_0248_circuit_zz4_H2_zz4_pair_0248
849,zz4_H2_zz4_pair_0249,zz4_pair_0249,249,14,18,H2,4,4,3,zz4_H2_pair_zz4_pair_0249_circuit_zz4_H2_zz4_pair_0249
850,zz4_H2_zz4_pair_0250,zz4_pair_0250,250,14,19,H2,4,4,3,zz4_H2_pair_zz4_pair_0250_circuit_zz4_H2_zz4_pair_0250
851,zz4_H2_zz4_pair_0251,zz4_pair_0251,251,14,20,H2,4,4,3,zz4_H2_pair_zz4_pair_0251_circuit_zz4_H2_zz4_pair_0251
852,zz4_H2_zz4_pair_0252,zz4_pair_0252,252,14,21,H2,4,4,3,zz4_H2_pair_zz4_pair_0252_circuit_zz4_H2_zz4_pair_0252
853,zz4_H2_zz4_pair_0253,zz4_pair_0253,253,14,22,H2,4,4,3,zz4_H2_pair_zz4_pair_0253_circuit_zz4_H2_zz4_pair_0253
854,zz4_H2_zz4_pair_0254,zz4_pair_0254,254,14,23,H2,4,4,3,zz4_H2_pair_zz4_pair_0254_circuit_zz4_H2_zz4_pair_0254
855,zz4_H2_zz4_pair_0255,zz4_pair_0255,255,15,15,H2,4,4,3,zz4_H2_pair_zz4_pair_0255_circuit_zz4_H2_zz4_pair_0255
856,zz4_H2_zz4_pair_0256,zz4_pair_0256,256,15,16,H2,4,4,3,zz4_H2_pair_zz4_pair_0256_circuit_zz4_H2_zz4_pair_0256
857,zz4_H2_zz4_pair_0257,zz4_pair_0257,257,15,17,H2,4,4,3,zz4_H2_pair_zz4_pair_0257_circuit_zz4_H2_zz4_pair_0257
858,zz4_H2_zz4_pair_0258,zz4_pair_0258,258,15,18,H2,4,4,3,zz4_H2_pair_zz4_pair_0258_circuit_zz4_H2_zz4_pair_0258
859,zz4_H2_zz4_pair_0259,zz4_pair_0259,259,15,19,H2,4,4,3,zz4_H2_pair_zz4_pair_0259_circuit_zz4_H2_zz4_pair_0259
860,zz4_H2_zz4_pair_0260,zz4_pair_0260,260,15,20,H2,4,4,3,zz4_H2_pair_zz4_pair_0260_circuit_zz4_H2_zz4_pair_0260
861,zz4_H2_zz4_pair_0261,zz4_pair_0261,261,15,21,H2,4,4,3,zz4_H2_pair_zz4_pair_0261_circuit_zz4_H2_zz4_pair_0261
862,zz4_H2_zz4_pair_0262,zz4_pair_0262,262,15,22,H2,4,4,3,zz4_H2_pair_zz4_pair_0262_circuit_zz4_H2_zz4_pair_0262
863,zz4_H2_zz4_pair_0263,zz4_pair_0263,263,15,23,H2,4,4,3,zz4_H2_pair_zz4_pair_0263_circuit_zz4_H2_zz4_pair_0263
864,zz4_H2_zz4_pair_0264,zz4_pair_0264,264,16,16,H2,4,4,3,zz4_H2_pair_zz4_pair_0264_circuit_zz4_H2_zz4_pair_0264
865,zz4_H2_zz4_pair_0265,zz4_pair_0265,265,16,17,H2,4,4,3,zz4_H2_pair_zz4_pair_0265_circuit_zz4_H2_zz4_pair_0265
866,zz4_H2_zz4_pair_0266,zz4_pair_0266,266,16,18,H2,4,4,3,zz4_H2_pair_zz4_pair_0266_circuit_zz4_H2_zz4_pair_0266
867,zz4_H2_zz4_pair_0267,zz4_pair_0267,267,16,19,H2,4,4,3,zz4_H2_pair_zz4_pair_0267_circuit_zz4_H2_zz4_pair_0267
868,zz4_H2_zz4_pair_0268,zz4_pair_0268,268,16,20,H2,4,4,3,zz4_H2_pair_zz4_pair_0268_circuit_zz4_H2_zz4_pair_0268
869,zz4_H2_zz4_pair_0269,zz4_pair_0269,269,16,21,H2,4,4,3,zz4_H2_pair_zz4_pair_0269_circuit_zz4_H2_zz4_pair_0269
870,zz4_H2_zz4_pair_0270,zz4_pair_0270,270,16,22,H2,4,4,3,zz4_H2_pair_zz4_pair_0270_circuit_zz4_H2_zz4_pair_0270
871,zz4_H2_zz4_pair_0271,zz4_pair_0271,271,16,23,H2,4,4,3,zz4_H2_pair_zz4_pair_0271_circuit_zz4_H2_zz4_pair_0271
872,zz4_H2_zz4_pair_0272,zz4_pair_0272,272,17,17,H2,4,4,3,zz4_H2_pair_zz4_pair_0272_circuit_zz4_H2_zz4_pair_0272
873,zz4_H2_zz4_pair_0273,zz4_pair_0273,273,17,18,H2,4,4,3,zz4_H2_pair_zz4_pair_0273_circuit_zz4_H2_zz4_pair_0273
874,zz4_H2_zz4_pair_0274,zz4_pair_0274,274,17,19,H2,4,4,3,zz4_H2_pair_zz4_pair_0274_circuit_zz4_H2_zz4_pair_0274
875,zz4_H2_zz4_pair_0275,zz4_pair_0275,275,17,20,H2,4,4,3,zz4_H2_pair_zz4_pair_0275_circuit_zz4_H2_zz4_pair_0275
876,zz4_H2_zz4_pair_0276,zz4_pair_0276,276,17,21,H2,4,4,3,zz4_H2_pair_zz4_pair_0276_circuit_zz4_H2_zz4_pair_0276
877,zz4_H2_zz4_pair_0277,zz4_pair_0277,277,17,22,H2,4,4,3,zz4_H2_pair_zz4_pair_0277_circuit_zz4_H2_zz4_pair_0277
878,zz4_H2_zz4_pair_0278,zz4_pair_0278,278,17,23,H2,4,4,3,zz4_H2_pair_zz4_pair_0278_circuit_zz4_H2_zz4_pair_0278
879,zz4_H2_zz4_pair_0279,zz4_pair_0279,279,18,18,H2,4,4,3,zz4_H2_pair_zz4_pair_0279_circuit_zz4_H2_zz4_pair_0279
880,zz4_H2_zz4_pair_0280,zz4_pair_0280,280,18,19,H2,4,4,3,zz4_H2_pair_zz4_pair_0280_circuit_zz4_H2_zz4_pair_0280
881,zz4_H2_zz4_pair_0281,zz4_pair_0281,281,18,20,H2,4,4,3,zz4_H2_pair_zz4_pair_0281_circuit_zz4_H2_zz4_pair_0281
882,zz4_H2_zz4_pair_0282,zz4_pair_0282,282,18,21,H2,4,4,3,zz4_H2_pair_zz4_pair_0282_circuit_zz4_H2_zz4_pair_0282
883,zz4_H2_zz4_pair_0283,zz4_pair_0283,283,18,22,H2,4,4,3,zz4_H2_pair_zz4_pair_0283_circuit_zz4_H2_zz4_pair_0283
884,zz4_H2_zz4_pair_0284,zz4_pair_0284,284,18,23,H2,4,4,3,zz4_H2_pair_zz4_pair_0284_circuit_zz4_H2_zz4_pair_0284
885,zz4_H2_zz4_pair_0285,zz4_pair_0285,285,19,19,H2,4,4,3,zz4_H2_pair_zz4_pair_0285_circuit_zz4_H2_zz4_pair_0285
886,zz4_H2_zz4_pair_0286,zz4_pair_0286,286,19,20,H2,4,4,3,zz4_H2_pair_zz4_pair_0286_circuit_zz4_H2_zz4_pair_0286
887,zz4_H2_zz4_pair_0287,zz4_pair_0287,287,19,21,H2,4,4,3,zz4_H2_pair_zz4_pair_0287_circuit_zz4_H2_zz4_pair_0287
888,zz4_H2_zz4_pair_0288,zz4_pair_0288,288,19,22,H2,4,4,3,zz4_H2_pair_zz4_pair_0288_circuit_zz4_H2_zz4_pair_0288
889,zz4_H2_zz4_pair_0289,zz4_pair_0289,289,19,23,H2,4,4,3,zz4_H2_pair_zz4_pair_0289_circuit_zz4_H2_zz4_pair_0289
890,zz4_H2_zz4_pair_0290,zz4_pair_0290,290,20,20,H2,4,4,3,zz4_H2_pair_zz4_pair_0290_circuit_zz4_H2_zz4_pair_0290
891,zz4_H2_zz4_pair_0291,zz4_pair_0291,291,20,21,H2,4,4,3,zz4_H2_pair_zz4_pair_0291_circuit_zz4_H2_zz4_pair_0291
892,zz4_H2_zz4_pair_0292,zz4_pair_0292,292,20,22,H2,4,4,3,zz4_H2_pair_zz4_pair_0292_circuit_zz4_H2_zz4_pair_0292
893,zz4_H2_zz4_pair_0293,zz4_pair_0293,293,20,23,H2,4,4,3,zz4_H2_pair_zz4_pair_0293_circuit_zz4_H2_zz4_pair_0293
894,zz4_H2_zz4_pair_0294,zz4_pair_0294,294,21,21,H2,4,4,3,zz4_H2_pair_zz4_pair_0294_circuit_zz4_H2_zz4_pair_0294
895,zz4_H2_zz4_pair_0295,zz4_pair_0295,295,21,22,H2,4,4,3,zz4_H2_pair_zz4_pair_0295_circuit_zz4_H2_zz4_pair_0295
896,zz4_H2_zz4_pair_0296,zz4_pair_0296,296,21,23,H2,4,4,3,zz4_H2_pair_zz4_pair_0296_circuit_zz4_H2_zz4_pair_0296
897,zz4_H2_zz4_pair_0297,zz4_pair_0297,297,22,22,H2,4,4,3,zz4_H2_pair_zz4_pair_0297_circuit_zz4_H2_zz4_pair_0297
898,zz4_H2_zz4_pair_0298,zz4_pair_0298,298,22,23,H2,4,4,3,zz4_H2_pair_zz4_pair_0298_circuit_zz4_H2_zz4_pair_0298
899,zz4_H2_zz4_pair_0299,zz4_pair_0299,299,23,23,H2,4,4,3,zz4_H2_pair_zz4_pair_0299_circuit_zz4_H2_zz4_pair_0299
